                    p.Moran_I  p.Moran_Z  p.Moran_P  p.Moran_Padj
C3_LRP1              0.320778  66.412050   0.000999      0.004740
B2M_HLA-F            0.249691  52.684238   0.000999      0.004740
CDH1_ERBB3           0.230159  46.910821   0.000999      0.004740
CDH1_PTPRF           0.225250  45.265147   0.000999      0.004740
SERPING1_LRP1        0.223468  45.360343   0.000999      0.004740
APOE_LRP1            0.220116  45.715809   0.000999      0.004740
CTGF_LRP1            0.209087  40.901618   0.000999      0.004740
C3_ITGB2             0.187123  38.574937   0.000999      0.004740
A2M_LRP1             0.177313  35.150429   0.000999      0.004740
C1QB_LRP1            0.174783  37.129058   0.000999      0.004740
B2M_CD3D             0.164700  34.182095   0.000999      0.004740
HLA-A_CD3D           0.162524  33.778342   0.000999      0.004740
B2M_CD247            0.154530  31.963325   0.000999      0.004740
HLA-B_CD3D           0.141134  28.846432   0.000999      0.004740
CCL19_CCR7           0.139981  29.404730   0.000999      0.004740
ALB_LRP2             0.135532  27.922993   0.000999      0.004740
PSAP_LRP1            0.135021  28.657993   0.000999      0.004740
LYZ_ITGAL            0.130663  26.196874   0.000999      0.004740
SERPINE2_LRP1        0.128501  26.508080   0.000999      0.004740
CYR61_CAV1           0.124894  25.019578   0.000999      0.004740
SELPLG_ITGB2         0.122780  25.487175   0.000999      0.004740
MMP9_ITGB2           0.119912  24.419189   0.000999      0.004740
CCL19_CXCR3          0.118887  25.359515   0.000999      0.004740
COL1A1_ITGA5         0.118868  24.625128   0.000999      0.004740
C3_ITGAX             0.115612  24.688347   0.000999      0.004740
HLA-C_CD3D           0.115508  23.477756   0.000999      0.004740
COL1A2_CD93          0.115364  23.483137   0.000999      0.004740
COL1A1_ITGA11        0.113918  24.313847   0.000999      0.004740
HLA-C_DDR1           0.111109  23.809322   0.000999      0.004740
VWF_SELP             0.110958  22.736389   0.000999      0.004740
COL1A2_ITGA11        0.110608  23.293982   0.000999      0.004740
C3_CD19              0.110441  23.492822   0.000999      0.004740
HLA-A_LILRB2         0.106924  22.333016   0.000999      0.004740
B2M_CD3G             0.105004  22.978213   0.000999      0.004740
CXCL12_CD4           0.104674  22.206879   0.000999      0.004740
FN1_ITGB1            0.104643  21.329748   0.000999      0.004740
COL1A1_CD93          0.104546  22.500350   0.000999      0.004740
IL16_CD4             0.103464  22.119063   0.000999      0.004740
C1QA_CD93            0.102972  20.750334   0.000999      0.004740
SERPINE1_LRP1        0.102575  21.531458   0.000999      0.004740
LAMB2_RPSA           0.101566  21.166907   0.000999      0.004740
MFGE8_PDGFRB         0.101431  20.115992   0.000999      0.004740
CCL5_CXCR3           0.098654  21.301464   0.000999      0.004740
TFPI_LRP1            0.097941  20.592902   0.000999      0.004740
COL18A1_ITGA5        0.097471  19.898099   0.000999      0.004740
TGFB1_ENG            0.095560  20.505085   0.000999      0.004740
COL1A1_ITGAV         0.095388  20.258837   0.000999      0.004740
B2M_LILRB2           0.094807  20.190795   0.000999      0.004740
COL1A2_ITGAV         0.094357  20.440807   0.000999      0.004740
HLA-A_CD3G           0.093224  19.498898   0.000999      0.004740
CDH1_ITGAE           0.093187  19.456973   0.000999      0.004740
C3_C3AR1             0.092686  20.253912   0.000999      0.004740
MDK_SDC1             0.092593  19.649773   0.000999      0.004740
CTGF_ITGA5           0.092143  18.799935   0.000999      0.004740
CXCL13_CXCR5         0.091241  19.481885   0.000999      0.004740
EFEMP2_AQP1          0.091149  19.768297   0.000999      0.004740
NPNT_ITGB1           0.088621  18.572333   0.000999      0.004740
TGFB1_TGFBR2         0.085752  17.801563   0.000999      0.004740
C3_ITGAM             0.085626  18.479485   0.000999      0.004740
B2M_KLRD1            0.084374  17.995702   0.000999      0.004740
CXCL12_CXCR4         0.083123  16.631540   0.000999      0.004740
CTGF_ITGB2           0.083036  17.610721   0.000999      0.004740
FN1_PLAUR            0.082689  17.683678   0.000999      0.004740
COL1A1_DDR2          0.081143  17.005955   0.000999      0.004740
COL1A2_ITGA1         0.080956  17.413599   0.000999      0.004740
COL6A2_ITGA1         0.080631  17.414505   0.000999      0.004740
SPINT1_ST14          0.080568  17.240422   0.000999      0.004740
CXCL12_CXCR3         0.080414  17.705724   0.000999      0.004740
HSP90B1_ERBB2        0.080391  17.514526   0.000999      0.004740
CGN_OCLN             0.080321  17.246657   0.000999      0.004740
CXCL9_CXCR3          0.080218  17.510108   0.000999      0.004740
HLA-B_LILRB2         0.079991  17.296684   0.000999      0.004740
MMP9_CD44            0.079961  16.621180   0.000999      0.004740
HLA-B_CD3G           0.079889  17.310138   0.000999      0.004740
IL18_CD48            0.079215  16.291383   0.000999      0.004740
HLA-B_KLRD1          0.079045  17.473135   0.000999      0.004740
CYR61_ITGA5          0.078356  16.166199   0.000999      0.004740
COL1A1_ITGA1         0.078271  17.035637   0.000999      0.004740
SELPLG_SELL          0.077586  16.120360   0.000999      0.004740
LAMA5_SDC1           0.077018  15.825263   0.000999      0.004740
BGN_LY96             0.076617  16.106915   0.000999      0.004740
ICAM3_ITGB2          0.076086  15.902728   0.000999      0.004740
TGM2_ITGB1           0.075200  15.843683   0.000999      0.004740
THBS1_LRP1           0.075066  16.284567   0.000999      0.004740
GPC3_IGF1R           0.073644  15.589982   0.000999      0.004740
VCAM1_ITGB2          0.073294  15.066024   0.000999      0.004740
SERPING1_SELP        0.072562  15.396618   0.000999      0.004740
VCAN_SELP            0.072527  15.444111   0.000999      0.004740
COL6A1_ITGA1         0.072260  16.067805   0.000999      0.004740
SPON2_ITGB2          0.071774  15.502524   0.000999      0.004740
SERPING1_SELE        0.071762  14.778786   0.000999      0.004740
CALR_HLA-F           0.071158  15.763051   0.000999      0.004740
COL4A2_CD93          0.071136  14.576636   0.000999      0.004740
CCL5_CCR5            0.070852  14.722911   0.000999      0.004740
TGFB1_CXCR4          0.070850  14.757816   0.000999      0.004740
FN1_SDC2             0.070626  14.963371   0.000999      0.004740
C3_CR1               0.068768  14.442934   0.000999      0.004740
SERPINA1_LRP1        0.068501  14.295639   0.000999      0.004740
BTLA_CD247           0.068300  15.106263   0.000999      0.004740
APOE_SORL1           0.068009  14.398905   0.000999      0.004740
COL5A2_ITGB1         0.067980  14.656241   0.000999      0.004740
ICAM3_ITGAL          0.067486  14.521231   0.000999      0.004740
NRTN_GFRA1           0.067213  14.808770   0.000999      0.004740
CCL21_CCR7           0.066701  14.245569   0.000999      0.004740
COL5A1_ITGB1         0.066292  13.757384   0.000999      0.004740
LTB_CD40             0.066071  13.901301   0.000999      0.004740
BTLA_CD79A           0.066042  14.003212   0.000999      0.004740
COL11A1_ITGB1        0.065915  14.046847   0.000999      0.004740
HSP90AA1_FGFR3       0.065635  14.516459   0.000999      0.004740
FN1_ITGAV            0.065550  14.044628   0.000999      0.004740
GAS6_AXL             0.065494  13.837094   0.000999      0.004740
HLA-E_KLRD1          0.065335  14.082450   0.000999      0.004740
GNAS_ADCY1           0.065330  13.930746   0.000999      0.004740
CGN_F11R             0.065185  13.732632   0.000999      0.004740
GNAI2_CAV1           0.065096  13.901529   0.000999      0.004740
GNAI2_F2R            0.065088  13.874643   0.000999      0.004740
COL4A1_ITGB1         0.064792  13.685447   0.000999      0.004740
MMP7_CD44            0.063799  13.167778   0.000999      0.004740
CXCL13_CXCR3         0.063760  13.636476   0.000999      0.004740
CYR61_ITGAV          0.063277  13.584027   0.000999      0.004740
FN1_ITGB6            0.063215  13.323538   0.000999      0.004740
COL3A1_ITGB1         0.062556  12.692241   0.000999      0.004740
MFGE8_ITGAV          0.062400  13.257399   0.000999      0.004740
C1QA_CR1             0.062365  13.447038   0.000999      0.004740
THBS2_NOTCH3         0.062157  12.981570   0.000999      0.004740
APOD_LEPR            0.061778  13.167127   0.000999      0.004740
PSEN1_NCSTN          0.061365  13.348902   0.000999      0.004740
APP_NCSTN            0.061096  12.950780   0.000999      0.004740
VEGFA_ITGB1          0.061067  12.868805   0.000999      0.004740
IL16_CCR5            0.060567  12.640793   0.000999      0.004740
HLA-C_CD3G           0.060426  12.893355   0.000999      0.004740
COL2A1_DDR1          0.060310  12.833257   0.000999      0.004740
HLA-C_LILRB2         0.059904  12.571908   0.000999      0.004740
ICAM1_ITGB2          0.059497  12.450339   0.000999      0.004740
GNAI2_S1PR4          0.059141  12.861068   0.000999      0.004740
FN1_IL17RC           0.059119  12.250464   0.000999      0.004740
SPP1_ITGB1           0.058862  12.420559   0.000999      0.004740
RARRES2_CMKLR1       0.058366  12.548597   0.000999      0.004740
ICAM2_ITGAL          0.057805  12.325991   0.000999      0.004740
COL3A1_DDR2          0.057583  11.849175   0.000999      0.004740
THBS1_SCARB1         0.057402  12.113496   0.000999      0.004740
MDK_SDC4             0.056929  12.491200   0.000999      0.004740
JAG1_NOTCH3          0.056640  11.962996   0.000999      0.004740
TGFB1_CAV1           0.056107  11.947089   0.000999      0.004740
GNAI2_CCR5           0.055638  11.906044   0.000999      0.004740
BGN_TLR4             0.055595  11.513701   0.000999      0.004740
LRPAP1_LRP2          0.055455  12.024033   0.000999      0.004740
GNAI2_ADCY7          0.055353  11.560392   0.000999      0.004740
ICAM1_IL2RG          0.055205  11.947455   0.000999      0.004740
GNAI2_CXCR3          0.054828  11.347980   0.000999      0.004740
EFEMP2_PLSCR4        0.054751  11.769121   0.000999      0.004740
PLAU_MRC2            0.054679  11.148197   0.000999      0.004740
LAMC2_COL17A1        0.054480  11.437274   0.000999      0.004740
COL6A3_ITGA1         0.054254  11.830802   0.000999      0.004740
ICAM2_ITGB2          0.054124  11.660126   0.000999      0.004740
COL1A1_FLT4          0.053755  11.579294   0.000999      0.004740
CSF1_CSF1R           0.053408  11.006447   0.000999      0.004740
COL4A1_CD93          0.052846  11.485241   0.000999      0.004740
INHBA_ENG            0.052662  11.011015   0.000999      0.004740
THBS1_ITGB1          0.052277  11.062271   0.000999      0.004740
FN1_ITGA5            0.051962  10.897039   0.000999      0.004740
HMGB1_SDC1           0.051620  11.063132   0.000999      0.004740
VCAN_SELL            0.050807  11.029865   0.000999      0.004740
CFH_SELL             0.050769  10.858993   0.000999      0.004740
LCN2_LRP2            0.050631  10.803764   0.000999      0.004740
COL1A2_FLT4          0.050456  10.852197   0.000999      0.004740
CYR61_ITGB2          0.050387  10.580734   0.000999      0.004740
LTB_TNFRSF1A         0.050046  10.572595   0.000999      0.004740
ADAM9_ITGB1          0.049660  10.642403   0.000999      0.004740
CALM2_INSR           0.049647  10.527907   0.000999      0.004740
COL5A2_ITGA1         0.049571  10.558591   0.000999      0.004740
BTLA_TNFRSF14        0.049242  10.822650   0.000999      0.004740
GNAS_ADCY9           0.049094  10.410047   0.000999      0.004740
TGFB1_TGFBR3         0.049042  10.471356   0.000999      0.004740
LAMA5_ITGB1          0.048023  10.158860   0.000999      0.004740
ARF1_INSR            0.048008  10.109767   0.000999      0.004740
ALOX5AP_ALOX5        0.047995  10.235535   0.000999      0.004740
PLAU_ITGB1           0.047990  10.460469   0.000999      0.004740
MMP9_ITGAM           0.047764  10.200573   0.000999      0.004740
PGF_NRP2             0.047564  10.109581   0.000999      0.004740
FBN1_ITGA5           0.047473  10.038621   0.000999      0.004740
SELPLG_ITGAM         0.047148   9.699121   0.000999      0.004740
CD34_SELP            0.046558   9.474871   0.000999      0.004740
B2M_KIR2DL1          0.046403   9.678592   0.000999      0.004740
CDH1_IGF1R           0.046271   9.716109   0.000999      0.004740
PLAU_ST14            0.046055   9.579404   0.000999      0.004740
VEGFB_NRP1           0.045967   9.634393   0.000999      0.004740
FBN1_ITGAV           0.045831   9.705543   0.000999      0.004740
SPP1_ITGA5           0.045637   9.483159   0.000999      0.004740
CALM1_HMMR           0.045634   9.799319   0.000999      0.004740
DHH_HHIP             0.045592   9.936221   0.000999      0.004740
MMP2_SDC2            0.045570   9.447211   0.000999      0.004740
VEGFA_RET            0.045552   9.228817   0.000999      0.004740
COL2A1_ITGB1         0.045079   9.685857   0.000999      0.004740
CCL21_CXCR3          0.045055   9.715115   0.000999      0.004740
CALM1_PTPRA          0.044942   9.618093   0.000999      0.004740
LAMB1_ITGAV          0.044852   9.476624   0.000999      0.004740
LAMB3_COL17A1        0.044593   9.204167   0.000999      0.004740
BGN_TLR2             0.044514   9.290148   0.000999      0.004740
MMP9_LRP1            0.044428   9.314114   0.000999      0.004740
GPI_AMFR             0.044246   9.209586   0.000999      0.004740
MDK_ITGB1            0.044041   9.452495   0.000999      0.004740
FARP2_PLXNA3         0.043978   9.528670   0.000999      0.004740
COL11A1_ITGA2        0.043879   9.269832   0.000999      0.004740
FN1_ITGA2            0.043834   9.221141   0.000999      0.004740
COL4A1_ITGA1         0.043811   8.995963   0.000999      0.004740
LAMA4_ITGAV          0.043631   9.647325   0.000999      0.004740
ARTN_GFRA1           0.043576   9.478192   0.000999      0.004740
CXCL10_SDC4          0.043463   9.408144   0.000999      0.004740
ANXA1_FPR3           0.043370   9.105317   0.000999      0.004740
DCN_EGFR             0.043276   9.198163   0.000999      0.004740
ICAM1_ITGAL          0.043147   9.269024   0.000999      0.004740
PKM_CD44             0.042997   8.745824   0.000999      0.004740
PLAU_PLAUR           0.042793   9.345886   0.000999      0.004740
COL5A1_ITGA1         0.042608   9.109951   0.000999      0.004740
PSEN1_CD44           0.042516   8.935508   0.000999      0.004740
UBA52_TGFBR2         0.042047   9.184912   0.000999      0.004740
SELPLG_SELE          0.041812   8.793600   0.000999      0.004740
LPL_LRP1             0.041666   8.591015   0.000999      0.004740
HLA-A_LILRB1         0.041218   8.923081   0.000999      0.004740
TGFB1_ITGAV          0.041202   8.869894   0.000999      0.004740
CCL5_CCR1            0.041197   8.949000   0.000999      0.004740
LTA_TNFRSF1B         0.041008   8.745829   0.000999      0.004740
HLA-C_KIR2DL1        0.040764   8.428511   0.000999      0.004740
ANXA1_FPR1           0.040664   8.529081   0.000999      0.004740
GNAI2_S1PR1          0.040623   8.657449   0.000999      0.004740
EFEMP1_EGFR          0.040129   8.571777   0.000999      0.004740
COL6A1_ITGA6         0.040117   8.631962   0.000999      0.004740
NID1_ITGAV           0.039955   8.000764   0.000999      0.004740
PDGFD_PDGFRB         0.039516   8.352213   0.000999      0.004740
LAMC1_ITGB1          0.039443   8.324036   0.000999      0.004740
PLAU_ITGB2           0.039217   8.066893   0.000999      0.004740
LRPAP1_LDLR          0.039167   8.453811   0.000999      0.004740
ICAM1_ITGAX          0.039097   8.201980   0.000999      0.004740
SELPLG_SELP          0.039038   8.124567   0.000999      0.004740
TGFB1_ACVRL1         0.038961   8.545876   0.000999      0.004740
LAMA2_ITGA7          0.038751   8.432765   0.000999      0.004740
ANXA1_DYSF           0.038680   8.043996   0.000999      0.004740
GNAS_ADORA1          0.038608   7.843818   0.000999      0.004740
MIA_CDH19            0.038576   7.833131   0.000999      0.004740
PLAU_LRP1            0.038452   8.539925   0.000999      0.004740
FBN1_ITGB1           0.038441   8.145329   0.000999      0.004740
CFH_ITGAM            0.038288   8.279648   0.000999      0.004740
SEMA4D_CD72          0.038232   8.089865   0.000999      0.004740
GNAI2_FPR1           0.038189   8.225035   0.000999      0.004740
TIMP2_ITGB1          0.038147   8.379651   0.000999      0.004740
PTDSS1_SCARB1        0.037905   8.188651   0.000999      0.004740
LAMA2_ITGA1          0.037650   8.023284   0.000999      0.004740
VCAM1_ITGB7          0.037650   7.874708   0.000999      0.004740
HLA-A_KIR2DL1        0.037490   7.978455   0.000999      0.004740
PSPN_GFRA1           0.037460   7.843281   0.000999      0.004740
COL4A1_ITGAV         0.037021   8.194921   0.000999      0.004740
CALM3_INSR           0.036652   7.533163   0.000999      0.004740
LYPD3_AGR2           0.036483   7.747035   0.000999      0.004740
LRPAP1_SORT1         0.036337   7.677681   0.000999      0.004740
LY86_CD180           0.036319   7.797497   0.000999      0.004740
TFPI_F3              0.036060   7.683642   0.000999      0.004740
PDGFC_PDGFRB         0.035843   7.485785   0.000999      0.004740
THBS2_ITGB1          0.035554   7.371760   0.000999      0.004740
ADAM15_ITGB1         0.035408   7.607750   0.000999      0.004740
TGFA_ERBB2           0.035116   7.704143   0.000999      0.004740
CALR_LRP1            0.035078   7.760617   0.000999      0.004740
ADAM9_ITGB5          0.035066   7.551184   0.000999      0.004740
PLAU_IGF2R           0.034839   7.553956   0.000999      0.004740
SPON2_ITGAM          0.034637   7.341711   0.000999      0.004740
COL7A1_ITGB1         0.034408   7.672493   0.000999      0.004740
LAMB1_ITGA7          0.034178   7.199615   0.000999      0.004740
RSPO3_LGR5           0.034034   7.403813   0.000999      0.004740
TNC_ITGAV            0.033966   6.913898   0.000999      0.004740
BTC_ERBB3            0.033919   7.196401   0.000999      0.004740
C1QTNF1_AVPR2        0.033739   7.281919   0.000999      0.004740
VCAN_ITGA4           0.033644   7.231483   0.000999      0.004740
CALM2_ABCA1          0.033208   6.986297   0.000999      0.004740
MST1_MST1R           0.032907   7.013670   0.000999      0.004740
EFNB2_PECAM1         0.032894   6.822439   0.000999      0.004740
B2M_LILRB1           0.032806   7.004908   0.000999      0.004740
FN1_NT5E             0.032703   6.863588   0.000999      0.004740
L1CAM_ERBB3          0.032585   6.757319   0.000999      0.004740
TGFA_ERBB3           0.032375   6.773610   0.000999      0.004740
RTN4_RTN4RL1         0.032343   6.994040   0.000999      0.004740
THBS2_ITGA6          0.032197   6.902812   0.000999      0.004740
SEMA3A_NRP2          0.032170   6.893196   0.000999      0.004740
SEMA4C_PLXNB2        0.032152   6.650135   0.000999      0.004740
LTA_TNFRSF14         0.031964   6.837325   0.000999      0.004740
LAMA4_ITGA6          0.031882   6.859793   0.000999      0.004740
LAMA1_ITGA7          0.031759   6.591243   0.000999      0.004740
SERPINE1_ITGAV       0.031384   6.709024   0.000999      0.004740
COL1A1_ITGB1         0.031290   6.750819   0.000999      0.004740
FN1_C5AR1            0.031282   6.858413   0.000999      0.004740
RGMB_NEO1            0.031176   6.662067   0.000999      0.004740
FN1_COL13A1          0.030863   6.522014   0.000999      0.004740
PLAU_ITGAV           0.030841   6.879339   0.000999      0.004740
BMP2_ENG             0.030652   6.442757   0.000999      0.004740
IL15_IL2RG           0.030546   6.499143   0.000999      0.004740
TGFB1_SDC2           0.030431   6.621181   0.000999      0.004740
CTGF_ITGAM           0.030197   6.656353   0.000999      0.004740
FGF7_NRP1            0.030109   6.399545   0.000999      0.004740
IL15_IL2RB           0.029910   6.242092   0.000999      0.004740
COL8A1_ITGA1         0.029880   6.676778   0.000999      0.004740
ICAM1_ITGAM          0.029825   6.472917   0.000999      0.004740
MDK_SDC3             0.029751   6.077074   0.000999      0.004740
L1CAM_ERBB2          0.029577   6.470150   0.000999      0.004740
PGF_NRP1             0.029308   6.385746   0.000999      0.004740
COL1A2_ITGB1         0.029244   6.095883   0.000999      0.004740
WNT3_RYK             0.029237   6.199643   0.000999      0.004740
ICAM1_IL2RA          0.029222   6.287080   0.000999      0.004740
LAMB3_ITGB4          0.029187   6.022643   0.000999      0.004740
COL4A5_ITGA2         0.029067   6.374377   0.000999      0.004740
VCAN_TLR2            0.029056   6.445417   0.000999      0.004740
CCL2_CCR5            0.029055   6.300649   0.000999      0.004740
PIP_NPTN             0.029029   6.158384   0.000999      0.004740
FN1_CD79A            0.028891   6.177683   0.000999      0.004740
ADAM12_ITGA9         0.028769   5.951313   0.000999      0.004740
SLIT2_ROBO4          0.028769   6.267005   0.000999      0.004740
HLA-A_KIR3DL2        0.028500   5.847275   0.000999      0.004740
IL34_CSF1R           0.028439   6.001060   0.000999      0.004740
TGFB1_CD109          0.028333   6.187057   0.000999      0.004740
TNC_ITGA5            0.028300   5.796468   0.000999      0.004740
TNFSF10_TNFRSF10A    0.028286   5.914765   0.000999      0.004740
COL6A3_ITGB1         0.027803   5.971830   0.000999      0.004740
HLA-B_KIR2DL3        0.027462   6.038425   0.000999      0.004740
SEMA4B_DCBLD2        0.027323   5.924444   0.000999      0.004740
LAMA2_ITGA6          0.027230   5.836179   0.000999      0.004740
WNT3_LRP6            0.027225   5.791893   0.000999      0.004740
INHBB_ACVR1B         0.027110   5.837650   0.000999      0.004740
HRAS_SDC2            0.027051   5.642650   0.000999      0.004740
MDK_TSPAN1           0.027020   5.649433   0.000999      0.004740
LAMB1_ITGA1          0.026986   5.793266   0.000999      0.004740
B2M_KIR2DL3          0.026761   5.785937   0.000999      0.004740
GNAI2_EDNRB          0.026694   5.721764   0.000999      0.004740
B2M_KLRC1            0.026643   5.599025   0.000999      0.004740
F8_LDLR              0.026543   5.753050   0.000999      0.004740
LAMA5_ITGA2          0.026499   5.683290   0.000999      0.004740
LAMC2_ITGB4          0.026464   5.499818   0.000999      0.004740
ANXA1_EGFR           0.026309   5.399560   0.000999      0.004740
MFAP2_NOTCH1         0.026276   5.350982   0.000999      0.004740
ICAM4_ITGB2          0.026191   5.558909   0.000999      0.004740
TNFSF13B_TNFRSF13C   0.026175   5.631383   0.000999      0.004740
LAMB3_ITGA2          0.026048   5.499343   0.000999      0.004740
FN1_FLT4             0.026031   5.593580   0.000999      0.004740
PTGS2_CAV1           0.025998   5.418003   0.000999      0.004740
CALR_ITGA3           0.025968   5.438842   0.000999      0.004740
FN1_ITGA9            0.025891   5.446255   0.000999      0.004740
LAMB1_ITGA6          0.025877   5.435023   0.000999      0.004740
INHBB_ACVR2B         0.025672   5.370109   0.000999      0.004740
TCTN1_TMEM67         0.025613   5.366488   0.000999      0.004740
F10_ITGB2            0.025432   5.343208   0.000999      0.004740
COL5A1_SDC3          0.025399   5.521645   0.000999      0.004740
MMP7_ERBB4           0.025256   5.364022   0.000999      0.004740
IL15_IL15RA          0.025191   5.265929   0.000999      0.004740
EBI3_IL27RA          0.025039   5.522916   0.000999      0.004740
GNAI2_UNC5B          0.024982   5.364279   0.000999      0.004740
SLIT1_SDC1           0.024878   5.187520   0.000999      0.004740
SEMA3F_PLXNA1        0.024858   5.466829   0.000999      0.004740
PDGFA_PDGFRB         0.024845   5.350234   0.000999      0.004740
FN1_ITGA3            0.024766   5.392967   0.000999      0.004740
SLIT1_GPC1           0.024712   5.214452   0.000999      0.004740
COL4A5_ITGB1         0.024711   5.256473   0.000999      0.004740
PROS1_AXL            0.024648   5.614856   0.000999      0.004740
SEMA3G_NRP2          0.024594   5.191253   0.000999      0.004740
VCAN_EGFR            0.024564   5.213400   0.000999      0.004740
FST_BMPR2            0.024518   5.044894   0.000999      0.004740
COL18A1_KDR          0.024486   5.158359   0.000999      0.004740
CALCA_RAMP1          0.024339   4.919100   0.000999      0.004740
PDGFC_PDGFRA         0.024241   5.226996   0.000999      0.004740
TNFSF4_TNFRSF4       0.023988   5.073785   0.000999      0.004740
ICAM2_ITGAM          0.023893   4.908750   0.000999      0.004740
ICAM5_ITGB2          0.023731   4.981957   0.000999      0.004740
PLAU_ITGA5           0.023703   4.990185   0.000999      0.004740
EFNA4_EPHA1          0.023454   4.903102   0.000999      0.004740
CCL13_CXCR3          0.023387   5.120892   0.000999      0.004740
B2M_HFE              0.023375   4.953996   0.000999      0.004740
RTN4_LINGO1          0.023330   5.155373   0.000999      0.004740
LAMA4_ITGB1          0.023290   4.813680   0.000999      0.004740
WNT5A_ROR2           0.023285   4.890122   0.000999      0.004740
BGN_TLR1             0.023261   4.919075   0.000999      0.004740
NID1_ITGB1           0.023254   4.930540   0.000999      0.004740
CALM3_ABCA1          0.023208   4.885695   0.000999      0.004740
FN1_ITGB7            0.023191   5.219231   0.000999      0.004740
CD40LG_CD40          0.023101   4.992102   0.000999      0.004740
F13A1_ITGA4          0.022947   4.721718   0.000999      0.004740
DLL4_NOTCH1          0.022895   4.780592   0.000999      0.004740
CCL4_CCR5            0.022695   4.782320   0.000999      0.004740
ADAM9_ITGA3          0.022673   4.921027   0.000999      0.004740
JAG1_NOTCH4          0.022657   4.696235   0.000999      0.004740
CCL23_CCR1           0.022622   5.069123   0.000999      0.004740
APP_TNFRSF21         0.022622   4.711570   0.000999      0.004740
IL16_KCNA3           0.022563   4.890353   0.000999      0.004740
COL4A1_ITGA2         0.022414   4.709911   0.000999      0.004740
IL7_IL2RG            0.022290   4.740749   0.000999      0.004740
WNT5A_RYK            0.022279   4.601968   0.000999      0.004740
PTDSS1_JMJD6         0.022139   4.478132   0.000999      0.004740
THBS2_NOTCH4         0.022042   4.689099   0.000999      0.004740
GNAI2_C5AR1          0.021961   4.726573   0.000999      0.004740
FGF8_FGFR2           0.021927   4.984831   0.000999      0.004740
THBS1_LRP5           0.021621   4.401818   0.000999      0.004740
AGRN_LRP4            0.021512   4.514801   0.000999      0.004740
CD70_CD27            0.021439   4.587794   0.000999      0.004740
CD14_ITGA4           0.021319   4.670651   0.000999      0.004740
LAMC2_ITGA2          0.021243   4.634850   0.000999      0.004740
CALM1_KCNQ5          0.021217   4.400551   0.000999      0.004740
COL1A1_CD36          0.021146   4.599655   0.000999      0.004740
GAS6_MERTK           0.021110   4.511287   0.000999      0.004740
INHA_ACVR1B          0.021066   4.491915   0.000999      0.004740
WNT3A_FZD6           0.021006   4.486970   0.000999      0.004740
VEGFA_GPC1           0.021005   4.577838   0.000999      0.004740
HP_ITGB2             0.020992   4.517815   0.000999      0.004740
ADAM28_ITGA4         0.020942   4.309859   0.000999      0.004740
PGF_FLT1             0.020936   4.529508   0.000999      0.004740
TGM2_ITGA9           0.020790   4.322886   0.000999      0.004740
SAA1_FPR1            0.020784   4.222113   0.000999      0.004740
NID1_COL13A1         0.020712   4.621638   0.000999      0.004740
COL3A1_ITGA2         0.020692   4.343739   0.000999      0.004740
TIMP3_KDR            0.020678   4.432924   0.000999      0.004740
CGN_TGFBR1           0.020639   4.309449   0.000999      0.004740
CD40LG_ITGB2         0.020636   4.486516   0.000999      0.004740
CALR_ITGAV           0.020631   4.278565   0.000999      0.004740
COL2A1_TNFRSF10A     0.020487   4.564881   0.000999      0.004740
VEGFA_TYRO3          0.020466   4.645520   0.000999      0.004740
ANGPT2_TIE1          0.020438   4.124513   0.000999      0.004740
MFNG_NOTCH1          0.020382   4.301906   0.000999      0.004740
UBA52_TGFBR1         0.020274   4.392594   0.000999      0.004740
TGFB3_ENG            0.020255   4.282902   0.000999      0.004740
RARRES2_GPR1         0.020234   4.364578   0.000999      0.004740
TIMP1_CD63           0.020207   4.265459   0.000999      0.004740
CCL2_CCR2            0.020189   4.187057   0.000999      0.004740
CXCL10_CXCR3         0.020177   4.263835   0.000999      0.004740
UBA52_NOTCH1         0.020173   4.397384   0.000999      0.004740
RARRES2_CCRL2        0.020168   4.134852   0.000999      0.004740
PLTP_ABCA1           0.020134   4.269832   0.000999      0.004740
MFNG_NOTCH2          0.020016   4.086742   0.000999      0.004740
VEGFC_FLT1           0.019990   4.238202   0.000999      0.004740
DLL1_NOTCH3          0.019980   4.344355   0.000999      0.004740
HLA-E_KLRC1          0.019918   4.222219   0.000999      0.004740
NUCB2_ERAP1          0.019860   4.160203   0.000999      0.004740
TNFSF14_TNFRSF14     0.019802   4.348157   0.000999      0.004740
PSEN1_NOTCH2         0.019745   4.323245   0.000999      0.004740
PLAU_ITGAM           0.019743   4.068322   0.000999      0.004740
WNT3A_ATP6AP2        0.019668   4.250832   0.000999      0.004740
CYR61_ITGAM          0.019649   4.328693   0.000999      0.004740
ICAM4_ITGAL          0.019637   4.003499   0.000999      0.004740
CCL13_CCR5           0.019610   4.145795   0.000999      0.004740
HLA-A_KIR2DL3        0.019583   4.223204   0.000999      0.004740
APP_GPC1             0.019569   4.197798   0.000999      0.004740
NLGN2_NRXN2          0.019343   4.116769   0.000999      0.004740
ARTN_RET             0.019334   4.097826   0.000999      0.004740
NRTN_RET             0.019251   4.165029   0.000999      0.004740
EDN2_EDNRA           0.019146   4.201067   0.000999      0.004740
FGF12_FGFR3          0.019097   4.136396   0.000999      0.004740
PSAP_CD1B            0.019088   3.989286   0.000999      0.004740
CXCL16_CXCR6         0.018984   3.888047   0.000999      0.004740
THBS2_ITGA4          0.018979   4.010060   0.000999      0.004740
EFNB3_EPHB3          0.018915   4.016294   0.000999      0.004740
HLA-C_KIR2DL3        0.018906   4.139286   0.000999      0.004740
PLAU_ITGB5           0.018889   3.986883   0.000999      0.004740
COL9A2_MAG           0.018888   3.988969   0.000999      0.004740
WNT5A_FZD2           0.018839   3.936262   0.000999      0.004740
VCAM1_ITGA9          0.018797   3.825584   0.000999      0.004740
RTN4_GJB2            0.018720   4.055263   0.000999      0.004740
CD34_SELL            0.018709   4.089673   0.000999      0.004740
TGFB3_TGFBR2         0.018700   3.974432   0.000999      0.004740
IL16_KCNJ15          0.018633   3.849497   0.000999      0.004740
CCL11_CCR2           0.018629   3.896693   0.000999      0.004740
INHBA_ACVR1          0.018617   3.901991   0.000999      0.004740
ADAM17_ITGA5         0.018592   3.796291   0.000999      0.004740
WNT2_FZD1            0.018537   4.109633   0.000999      0.004740
LIN7C_ABCA1          0.018510   4.089125   0.000999      0.004740
JAG2_NOTCH3          0.018487   3.988026   0.000999      0.004740
CALM1_INSR           0.018486   3.945826   0.000999      0.004740
JAG1_NOTCH1          0.018427   3.961935   0.000999      0.004740
TNFSF13B_TNFRSF17    0.018403   4.011359   0.000999      0.004740
ACE_BDKRB2           0.018356   3.953872   0.000999      0.004740
CCL3_CCR5            0.018275   3.666074   0.000999      0.004740
PTN_SDC1             0.018181   3.848335   0.000999      0.004740
MFAP5_NOTCH1         0.018166   3.871411   0.000999      0.004740
SPP1_ITGAV           0.018028   3.658247   0.000999      0.004740
CTGF_NTRK1           0.017993   3.764112   0.000999      0.004740
LAMA1_ITGA1          0.017985   3.825023   0.000999      0.004740
CCL4_CCR1            0.017862   3.785281   0.000999      0.004740
FGF16_FGFR4          0.017848   3.746952   0.000999      0.004740
IL18_IL18RAP         0.017814   3.875067   0.000999      0.004740
ANGPTL4_TIE1         0.017811   3.843960   0.000999      0.004740
CCL2_CCR1            0.017795   3.756926   0.000999      0.004740
FN1_ROBO4            0.017777   3.825142   0.000999      0.004740
WNT5A_FZD7           0.017654   3.763083   0.000999      0.004740
GNAI2_ADRA2A         0.017583   3.604778   0.000999      0.004740
HLA-B_LILRB1         0.017525   4.025049   0.000999      0.004740
C5_C5AR1             0.017415   3.584752   0.000999      0.004740
LIPC_LRP1            0.017368   3.786833   0.000999      0.004740
COL4A4_CD93          0.017367   3.729377   0.000999      0.004740
F10_ITGAM            0.017313   3.749507   0.000999      0.004740
ARF1_CHRM3           0.017262   3.620313   0.000999      0.004740
WNT3A_FZD2           0.017242   3.621723   0.000999      0.004740
ICAM3_ITGAD          0.017227   3.695721   0.000999      0.004740
HP_ITGAM             0.017223   3.657729   0.000999      0.004740
COL2A1_ITGA2         0.017187   3.458035   0.000999      0.004740
HLA-G_LILRB2         0.017185   3.742207   0.000999      0.004740
HBEGF_CD44           0.017073   3.898233   0.000999      0.004740
MDK_GPC2             0.017041   3.619813   0.000999      0.004740
LAMC2_ITGA3          0.017036   3.663967   0.000999      0.004740
LTA_TNFRSF1A         0.017033   3.618186   0.000999      0.004740
THBS1_ITGA3          0.016931   3.653338   0.000999      0.004740
GREM1_KDR            0.016834   3.696623   0.000999      0.004740
GNAI2_EGFR           0.016773   3.409945   0.000999      0.004740
KNG1_ITGB2           0.016757   3.462899   0.000999      0.004740
ADAM10_AXL           0.016662   3.487319   0.000999      0.004740
CCL11_CCR5           0.016554   3.609597   0.000999      0.004740
VWF_TNFRSF11B        0.016418   3.400820   0.000999      0.004740
IL10_IL10RA          0.016387   3.537137   0.000999      0.004740
ITGB3BP_ITGB5        0.016345   3.343395   0.000999      0.004740
LAMA5_ITGB4          0.016237   3.584584   0.000999      0.004740
TNFSF12_TNFRSF25     0.015963   3.334090   0.000999      0.004740
BMP6_BMPR2           0.015719   3.373724   0.000999      0.004740
COL1A1_ITGA2         0.015433   3.251162   0.000999      0.004740
FN1_ITGA8            0.015114   3.175092   0.000999      0.004740
CCL14_CCR5           0.014982   3.033495   0.000999      0.004740
BMP8B_BMPR1A         0.014923   3.133817   0.000999      0.004740
THBS1_ITGA6          0.014602   3.136376   0.000999      0.004740
ADAM17_NOTCH1        0.014382   2.932998   0.000999      0.004740
HLA-E_KLRC2          0.014258   2.966501   0.000999      0.004740
HBEGF_CD82           0.014177   3.116269   0.000999      0.004740
CDH1_CDH2            0.014168   3.153665   0.000999      0.004740
CXCL11_CXCR3         0.013469   2.987658   0.000999      0.004740
HBEGF_ERBB2          0.013142   2.835002   0.000999      0.004740
XCL2_XCR1            0.019803   4.112622   0.001998      0.008934
TSLP_IL7R            0.018092   3.864892   0.001998      0.008934
FGF19_FGFR3          0.017762   3.929125   0.001998      0.008934
ANGPTL2_TIE1         0.017450   3.514407   0.001998      0.008934
FARP2_PLXNA1         0.017265   3.631043   0.001998      0.008934
COL7A1_ITGA2         0.016724   3.454319   0.001998      0.008934
DLL4_NOTCH3          0.016499   3.438804   0.001998      0.008934
CCL5_ACKR4           0.016004   3.403752   0.001998      0.008934
FBN1_ITGB6           0.016003   3.313643   0.001998      0.008934
COL1A2_CD36          0.015933   3.378744   0.001998      0.008934
LAMB3_ITGA3          0.015737   3.327382   0.001998      0.008934
AGT_LRP2             0.015606   3.275065   0.001998      0.008934
BST1_CAV1            0.015468   3.330467   0.001998      0.008934
CCL19_CCRL2          0.015313   3.206493   0.001998      0.008934
TNC_CNTN1            0.015300   3.337249   0.001998      0.008934
VCAN_ITGB1           0.015203   3.243535   0.001998      0.008934
CALM1_ABCA1          0.014970   3.210898   0.001998      0.008934
TGFB3_TGFBR3         0.014859   3.163748   0.001998      0.008934
CXCL11_ACKR3         0.014823   3.071684   0.001998      0.008934
IL18_IL18R1          0.014808   3.273766   0.001998      0.008934
MDK_LRP1             0.014400   3.139039   0.001998      0.008934
ADAM17_ITGB1         0.014234   2.974897   0.001998      0.008934
TNF_LTBR             0.013839   2.950939   0.001998      0.008934
LAMC1_ITGAV          0.013774   2.791631   0.001998      0.008934
NDP_LGR4             0.013611   2.923308   0.001998      0.008934
PDGFB_PDGFRB         0.013405   2.849752   0.001998      0.008934
EGF_ERBB3            0.013390   2.897898   0.001998      0.008934
TNC_ITGB1            0.013372   2.881359   0.001998      0.008934
IL1RN_IL1R1          0.013322   2.738749   0.001998      0.008934
LAMA5_BCAM           0.012941   2.808763   0.001998      0.008934
VEGFA_FLT1           0.012559   2.663023   0.001998      0.008934
CALM1_TRPC3          0.012469   2.760807   0.001998      0.008934
TGFB2_TGFBR1         0.016600   3.397501   0.002997      0.013094
ANGPT4_TIE1          0.015897   3.375467   0.002997      0.013094
SORBS1_ITGB5         0.015464   3.396720   0.002997      0.013094
PDGFA_PDGFRA         0.015328   3.166734   0.002997      0.013094
VEGFC_NRP2           0.015263   3.297562   0.002997      0.013094
TNFSF13B_TNFRSF13B   0.014780   3.157891   0.002997      0.013094
SHBG_SLC37A1         0.014737   3.147142   0.002997      0.013094
LAMC1_ITGB4          0.014492   3.033634   0.002997      0.013094
TGFA_ERBB4           0.013973   3.213949   0.002997      0.013094
COL4A3_ITGAV         0.013443   2.886143   0.002997      0.013094
EFNA1_EPHA8          0.013326   2.793566   0.002997      0.013094
PSAP_GPR37           0.012099   2.665813   0.002997      0.013094
PAPLN_SIRPA          0.011968   2.580814   0.002997      0.013094
IL6_F3               0.015507   3.409786   0.003996      0.017128
IL10_SIRPG           0.015187   3.159673   0.003996      0.017128
CP_SLC40A1           0.014955   3.124594   0.003996      0.017128
WNT5A_FZD6           0.014206   3.036639   0.003996      0.017128
HMGB1_THBD           0.013992   2.957405   0.003996      0.017128
JAG2_NOTCH2          0.013906   2.792765   0.003996      0.017128
NTN1_UNC5C           0.013428   2.882787   0.003996      0.017128
SEMA4D_PLXNB2        0.013315   2.735992   0.003996      0.017128
ADAM12_ITGB1         0.012840   2.697719   0.003996      0.017128
BTC_ERBB2            0.012827   2.824588   0.003996      0.017128
UBA52_AGTR1          0.012306   2.698719   0.003996      0.017128
DLL4_NOTCH4          0.015145   3.056214   0.004995      0.021154
CCL5_CCR4            0.014346   3.057309   0.004995      0.021154
EFNB1_EPHB6          0.014131   2.972553   0.004995      0.021154
UBA52_EGFR           0.013321   2.821259   0.004995      0.021154
COL1A2_ITGB3         0.013234   2.853990   0.004995      0.021154
TNFSF4_TRAF2         0.012719   2.813582   0.004995      0.021154
CAMP_IGF1R           0.012715   2.711388   0.004995      0.021154
LAMA1_NT5E           0.014164   2.974727   0.005994      0.024835
NID1_ITGB3           0.013917   2.863248   0.005994      0.024835
COL1A2_ITGA2         0.013444   2.768046   0.005994      0.024835
IL2_IL2RG            0.013408   2.948331   0.005994      0.024835
COL4A3_CD93          0.013388   2.939357   0.005994      0.024835
FGF12_FGFR4          0.013101   2.683363   0.005994      0.024835
FN1_ITGB3            0.012195   2.653960   0.005994      0.024835
UBA52_ACVR1          0.012077   2.558746   0.005994      0.024835
FGF2_NRP1            0.011939   2.640452   0.005994      0.024835
CALM2_MYLK2          0.011655   2.483724   0.005994      0.024835
COL2A1_ITGA2B        0.011510   2.494221   0.005994      0.024835
CALM1_AQP6           0.011477   2.412171   0.005994      0.024835
DLL1_NOTCH2          0.011009   2.497273   0.005994      0.024835
NTF4_NTRK2           0.014528   3.184769   0.006993      0.028546
WNT7A_LRP6           0.013639   2.761758   0.006993      0.028546
COL4A6_ITGAV         0.013129   2.827706   0.006993      0.028546
COL2A1_MAG           0.012816   2.769622   0.006993      0.028546
CGA_SIRPA            0.012462   2.668179   0.006993      0.028546
NTN1_NEO1            0.012451   2.577302   0.006993      0.028546
PTN_SDC3             0.012384   2.564577   0.006993      0.028546
HRAS_INSR            0.011668   2.485778   0.006993      0.028546
ANGPT1_ITGB1         0.011112   2.403015   0.006993      0.028546
EDIL3_ITGAV          0.013365   2.811633   0.007992      0.032045
VEGFC_FLT4           0.012892   2.636742   0.007992      0.032045
CCL7_CCR1            0.012332   2.669676   0.007992      0.032045
ADAM23_ITGA5         0.012279   2.536840   0.007992      0.032045
HSPG2_PTPRS          0.011862   2.517143   0.007992      0.032045
VCAM1_ITGAD          0.011724   2.420869   0.007992      0.032045
BMP8B_BMPR2          0.011516   2.403436   0.007992      0.032045
CALR_SCARF1          0.011510   2.570726   0.007992      0.032045
CCL11_CXCR3          0.011411   2.413278   0.007992      0.032045
TNC_ITGA2            0.010972   2.246268   0.007992      0.032045
SEMA7A_ITGB1         0.010409   2.283488   0.007992      0.032045
BMP3_BMPR1A          0.014444   2.928861   0.008991      0.035706
CEL_CXCR4            0.012641   2.626145   0.008991      0.035706
VEGFC_ITGA9          0.012615   2.639462   0.008991      0.035706
VCAM1_ITGA4          0.011995   2.478145   0.008991      0.035706
EFEMP2_CATSPER1      0.011429   2.443449   0.008991      0.035706
ASIP_ATRN            0.011190   2.383199   0.008991      0.035706
ADAM15_ITGAV         0.012077   2.494435   0.009990      0.039296
FN1_ITGA6            0.011761   2.464032   0.009990      0.039296
APP_FPR2             0.011722   2.407714   0.009990      0.039296
CALM1_VIPR1          0.011216   2.413191   0.009990      0.039296
EFNB1_EPHB3          0.010942   2.371299   0.009990      0.039296
EFNA1_EPHA1          0.010421   2.245600   0.009990      0.039296
COL4A1_CD47          0.011822   2.541154   0.010989      0.042752
SEMA5A_MET           0.011798   2.441948   0.010989      0.042752
BMP8B_ACVR2B         0.011725   2.529760   0.010989      0.042752
WNT2_FZD8            0.011584   2.485621   0.010989      0.042752
C4A_C5AR2            0.011159   2.428156   0.010989      0.042752
TGFB3_ACVRL1         0.010520   2.298936   0.010989      0.042752
WNT3A_RYK            0.010225   2.272958   0.010989      0.042752
ICAM5_ITGAL          0.012372   2.511913   0.011988      0.046205
EFNA5_EPHA6          0.012013   2.473006   0.011988      0.046205
LAMC1_ITGA6          0.011176   2.346448   0.011988      0.046205
FAT4_DCHS1           0.011165   2.313572   0.011988      0.046205
KITLG_EPOR           0.010987   2.419396   0.011988      0.046205
LAMB3_ITGB1          0.010185   2.210604   0.011988      0.046205
DUSP18_ITGA7         0.011929   2.521439   0.012987      0.049978
PROC_THBD            0.010553   2.368827   0.013986      0.053739
MMP7_CDH6            0.011388   2.343918   0.014985      0.057049
AREG_EGFR            0.011149   2.435286   0.014985      0.057049
FARP2_PLXNA4         0.010822   2.330435   0.014985      0.057049
F13A1_ITGA9          0.010747   2.275160   0.014985      0.057049
GNAI2_S1PR5          0.010496   2.215270   0.014985      0.057049
DLL1_NOTCH1          0.010471   2.241754   0.014985      0.057049
VEGFC_VIPR2          0.011627   2.418156   0.015984      0.060298
GDF9_BMPR2           0.010979   2.226379   0.015984      0.060298
FGF1_EGFR            0.010701   2.228019   0.015984      0.060298
FGF13_FGFR2          0.010453   2.206284   0.015984      0.060298
NPNT_ITGA8           0.010270   2.174834   0.015984      0.060298
TNC_NT5E             0.009955   2.120553   0.015984      0.060298
WNT5A_FZD1           0.011818   2.407057   0.016983      0.063393
EFNA5_EPHA8          0.011423   2.513927   0.016983      0.063393
EFNB2_EPHB4          0.011215   2.320008   0.016983      0.063393
IGFL2_IGFLR1         0.010520   2.210473   0.016983      0.063393
LTBP1_ITGB5          0.010352   2.263191   0.016983      0.063393
CALR_ITGA2B          0.009787   2.072377   0.016983      0.063393
PSEN1_NOTCH1         0.009757   2.084982   0.016983      0.063393
CCL19_ACKR4          0.011907   2.394889   0.017982      0.066622
JAG2_NOTCH1          0.010815   2.290500   0.017982      0.066622
CCL2_CCR10           0.010732   2.257272   0.017982      0.066622
CLEC3A_CLEC2B        0.010115   2.165536   0.017982      0.066622
GNAI2_EDNRA          0.009673   2.104783   0.017982      0.066622
CCL3_CCR1            0.010019   2.109381   0.018981      0.070010
SPP1_CD44            0.009895   2.118971   0.018981      0.070010
DCN_MET              0.009068   1.995791   0.018981      0.070010
IL6_IL6R             0.011431   2.402219   0.019980      0.073152
DLL4_NOTCH2          0.010344   2.142213   0.019980      0.073152
EFNA4_EPHA8          0.009846   2.151011   0.019980      0.073152
LAMA1_SDC2           0.009736   2.156134   0.019980      0.073152
EFNB1_EPHB2          0.009564   1.975686   0.019980      0.073152
CCL13_CCR2           0.010818   2.368100   0.020979      0.076360
COL4A3_ITGA1         0.010674   2.241807   0.020979      0.076360
EGF_ERBB2            0.008987   1.859463   0.020979      0.076360
ZG16B_TLR5           0.008884   1.980654   0.020979      0.076360
EGF_EGFR             0.012054   2.607621   0.021978      0.079879
LAMA1_ITGA6          0.010335   2.155911   0.022977      0.083267
HSP90B1_TLR2         0.009841   2.020541   0.022977      0.083267
EGFL8_NCR3           0.013051   2.702930   0.023976      0.086009
BMP6_ACVR1           0.010147   2.155464   0.023976      0.086009
IL12B_IL12RB1        0.010054   2.254227   0.023976      0.086009
DUSP18_ITGB4         0.009967   2.070037   0.023976      0.086009
SLIT2_ROBO1          0.009780   2.135334   0.023976      0.086009
CALM2_KCNQ1          0.009593   2.027023   0.023976      0.086009
TIMP2_ITGA3          0.008859   1.897221   0.023976      0.086009
IFNL1_IFNLR1         0.010453   2.242842   0.024975      0.089079
F8_ASGR2             0.010307   2.125231   0.024975      0.089079
PTN_PLXNB2           0.009491   2.009079   0.024975      0.089079
DLK1_NOTCH3          0.009380   2.049722   0.024975      0.089079
NTF3_NTRK2           0.012763   2.553107   0.025974      0.092245
FGF12_FGFR2          0.009369   2.017975   0.025974      0.092245
FN1_ITGA4            0.009072   1.917761   0.025974      0.092245
EFNA3_EPHA1          0.009215   2.052158   0.026973      0.095384
CCL19_CCR10          0.008916   1.864277   0.026973      0.095384
LAMC1_ITGA7          0.008755   1.884398   0.026973      0.095384
VIP_ADCYAP1R1        0.011713   2.797562   0.027972      0.098496
CCL3L1_CCR5          0.008775   1.867962   0.027972      0.098496
HSP90B1_TLR9         0.008402   1.793151   0.027972      0.098496
COL4A6_ITGA1         0.010537   2.170739   0.028971      0.101726
OLFM2_ROBO2          0.009801   2.099642   0.028971      0.101726
EFNB3_EPHA4          0.009798   2.037766   0.029970      0.104643
INHA_ACVR2B          0.009223   1.997472   0.029970      0.104643
FLT3LG_FLT3          0.008737   1.934026   0.029970      0.104643
B2M_CD1B             0.008049   1.761746   0.029970      0.104643
FN1_ITGA2B           0.008171   1.759241   0.031968      0.111462
HDC_HRH3             0.010692   2.330750   0.032967      0.114145
FGF8_FGFR1           0.010197   2.105764   0.032967      0.114145
SERPINE1_PLAUR       0.009607   2.007153   0.032967      0.114145
ADAM15_ITGB3         0.008988   1.865916   0.032967      0.114145
RGMB_BMPR1B          0.008899   1.879838   0.032967      0.114145
TNFSF15_TNFRSF25     0.009241   1.952442   0.033966      0.116791
NPPC_NPR2            0.009080   1.934416   0.033966      0.116791
WNT3_FZD7            0.008941   1.850775   0.033966      0.116791
VCAN_TLR1            0.008929   1.936395   0.033966      0.116791
SEMA4D_PLXNB1        0.008207   1.767607   0.033966      0.116791
CALM2_AQP6           0.007657   1.669836   0.035964      0.123490
ANGPT4_TEK           0.009922   2.107693   0.036963      0.126570
VEGFB_FLT1           0.008248   1.702500   0.036963      0.126570
JAG2_NOTCH4          0.008476   1.808922   0.037962      0.129634
FGF1_NRP1            0.007746   1.692235   0.037962      0.129634
TGM2_TBXA2R          0.008543   1.795465   0.039960      0.136083
CALM2_KCNQ5          0.008069   1.698685   0.039960      0.136083
COL4A6_CD93          0.008893   1.954957   0.040959      0.138536
IL1B_IL1RAP          0.008279   1.818268   0.040959      0.138536
DHH_PTCH1            0.008259   1.839523   0.040959      0.138536
CALM3_MYLK2          0.008101   1.701867   0.040959      0.138536
FGF10_FGFR1          0.008065   1.758719   0.040959      0.138536
TNC_ITGA7            0.009217   1.821116   0.042957      0.144704
LAMA3_SDC2           0.007991   1.696190   0.042957      0.144704
INHBA_ACVR2A         0.007587   1.700619   0.042957      0.144704
EFNB2_EPHA3          0.009033   1.808312   0.043956      0.147868
CCL26_CCR2           0.008927   1.884849   0.044955      0.150618
LAMC1_ITGA2          0.008495   1.740234   0.044955      0.150618
PSAP_SORT1           0.008250   1.763433   0.044955      0.150618
ADM_CALCR            0.008688   1.895298   0.045954      0.153551
BMP2_BMPR1B          0.008679   1.910403   0.045954      0.153551
COL8A1_ITGA2         0.008139   1.715973   0.046953      0.156050
HGF_MET              0.008065   1.762284   0.046953      0.156050
BMP7_BMPR1A          0.007944   1.664254   0.046953      0.156050
LAMB1_ITGB4          0.007825   1.699389   0.046953      0.156050
GNAI2_CNR1           0.007976   1.672331   0.047952      0.158733
TNFSF10_TNFRSF10D    0.007652   1.622582   0.047952      0.158733
NCAM1_PTPRA          0.007570   1.685471   0.047952      0.158733
CCL8_CCR1            0.008019   1.687651   0.048951      0.161825
PDGFC_FLT1           0.007682   1.665567   0.049950      0.164908
DUSP18_ITGA6         0.008103   1.731081   0.050949      0.167539
VIM_CD44             0.008072   1.683614   0.050949      0.167539
C5_C5AR2             0.007819   1.664974   0.050949      0.167539
VCAM1_ITGB1          0.007812   1.625944   0.052947      0.173879
KNG1_CD93            0.008064   1.759115   0.053946      0.176693
HAS2_CD44            0.007789   1.609427   0.053946      0.176693
TGM2_ITGB3           0.008089   1.658587   0.054945      0.179728
CAMP_FPR2            0.008583   1.767984   0.055944      0.182516
WNT3A_LRP6           0.007888   1.645243   0.055944      0.182516
IL2_IL2RA            0.008809   1.829999   0.056943      0.185531
IFNL3_IFNLR1         0.008171   1.783062   0.057942      0.188047
IBSP_ITGAV           0.007603   1.619173   0.057942      0.188047
CALM3_PDE1C          0.007317   1.620510   0.057942      0.188047
SELPLG_ESAM          0.007321   1.607013   0.058941      0.191040
GAL_GALR2            0.007876   1.712651   0.059940      0.193521
LAMB1_ITGB1          0.007482   1.538640   0.059940      0.193521
RELN_ITGA3           0.007462   1.605909   0.059940      0.193521
ADAM10_EPHA3         0.006896   1.505550   0.060939      0.196491
MFGE8_ITGB3          0.007909   1.670791   0.061938      0.199195
HSPG2_COL13A1        0.007561   1.619846   0.061938      0.199195
KNG1_GP1BA           0.008291   1.718448   0.062937      0.201366
IFNL1_IL10RB         0.007883   1.607381   0.062937      0.201366
DHH_BOC              0.007691   1.636678   0.062937      0.201366
PSPN_RET             0.007023   1.533524   0.062937      0.201366
HP_ASGR2             0.007599   1.734234   0.063936      0.204037
LTF_TFRC             0.007117   1.537428   0.063936      0.204037
AMH_EGFR             0.007023   1.442265   0.064935      0.206960
SEMA3F_PLXNA3        0.007756   1.591777   0.065934      0.209339
IL16_KCND1           0.007449   1.544382   0.065934      0.209339
CCL28_CCR10          0.007231   1.504928   0.065934      0.209339
CCL26_CCR1           0.007360   1.560675   0.067932      0.215133
TNC_ITGA9            0.006607   1.444457   0.067932      0.215133
SERPINC1_SDC2        0.006927   1.536542   0.068931      0.218019
CALM3_KCNQ5          0.007504   1.602102   0.069930      0.220617
CTHRC1_FZD3          0.006846   1.498664   0.069930      0.220617
THBS1_SDC1           0.007068   1.508741   0.070929      0.223485
NGF_NGFR             0.007356   1.599043   0.071928      0.226060
LAMC1_ITGA1          0.006596   1.458776   0.071928      0.226060
NTN1_UNC5B           0.006902   1.490201   0.072927      0.228910
RNASE2_TLR2          0.007106   1.483150   0.073926      0.231461
PIGF_FLT1            0.006474   1.455080   0.073926      0.231461
EFNA3_EPHA6          0.007300   1.534236   0.074925      0.233413
IFNG_IFNGR1          0.007239   1.504753   0.074925      0.233413
CLCF1_CRLF1          0.007158   1.479365   0.074925      0.233413
LIPH_LPAR2           0.007096   1.500220   0.074925      0.233413
GNB3_GABBR2          0.007704   1.574419   0.075924      0.235934
HLA-E_SLC16A4        0.006256   1.431790   0.075924      0.235934
NXPH3_NRXN3          0.006616   1.499520   0.076923      0.238442
PLAU_ITGA3           0.006425   1.454013   0.076923      0.238442
FGF8_FGFR3           0.007101   1.463113   0.077922      0.240938
DUSP18_ITGA1         0.006833   1.357021   0.077922      0.240938
CORT_SSTR2           0.007368   1.510063   0.078921      0.243120
GRP_GRPR             0.006840   1.498844   0.078921      0.243120
NLGN2_NRXN3          0.006721   1.481501   0.078921      0.243120
COL4A4_ITGA1         0.007195   1.417538   0.079920      0.245286
SHBG_CLDN4           0.006638   1.437002   0.079920      0.245286
HLA-B_CANX           0.006200   1.399503   0.079920      0.245286
NTF4_NTRK3           0.007050   1.473067   0.080919      0.247435
THBS1_TNFRSF11B      0.006851   1.464952   0.080919      0.247435
NLGN3_NRXN2          0.006305   1.480061   0.080919      0.247435
MMP12_PLAUR          0.007139   1.418429   0.081918      0.249875
NGF_KIDINS220        0.006734   1.387120   0.081918      0.249875
TNFSF13_TNFRSF13B    0.007372   1.539092   0.082917      0.252303
IL16_KCNJ10          0.006973   1.464246   0.082917      0.252303
COL4A5_ITGA1         0.006859   1.381861   0.083916      0.254409
NCAM1_CACNA1C        0.006637   1.405083   0.083916      0.254409
SEMA6D_KDR           0.006625   1.381666   0.083916      0.254409
CNTN4_PTPRG          0.006628   1.398874   0.084915      0.256811
LAMB3_CD151          0.006357   1.345456   0.084915      0.256811
COL18A1_GPC1         0.006640   1.422434   0.085914      0.258574
FGF1_FGFR1           0.006541   1.365237   0.085914      0.258574
TNC_PTPRB            0.006537   1.414772   0.085914      0.258574
THBS1_CD36           0.006281   1.378597   0.085914      0.258574
LAMB3_ITGA6          0.006674   1.368515   0.087912      0.264268
SST_SSTR1            0.003967   1.042329   0.089910      0.269947
HLA-G_CD4            0.006535   1.401457   0.090909      0.272289
CX3CL1_CX3CR1        0.006316   1.293036   0.090909      0.272289
LAMC1_ITGA3          0.006486   1.328980   0.091908      0.274950
LY6G5C_TMEM8A        0.006801   1.415378   0.092907      0.277271
KNG1_ITGAM           0.006049   1.375662   0.092907      0.277271
CCL20_CCR6           0.006669   1.349896   0.093906      0.279581
ANGPT1_ITGA5         0.006496   1.362163   0.093906      0.279581
PROC_ITGB2           0.006326   1.352797   0.094905      0.282218
LEP_LRP2             0.006737   1.331552   0.095904      0.284848
L1CAM_EGFR           0.006160   1.319975   0.096903      0.287471
IL7_IL7R             0.006367   1.319230   0.098901      0.292700
RGMB_BMPR2           0.006150   1.309877   0.098901      0.292700
LRPAP1_SORL1         0.005973   1.291020   0.099900      0.294954
CCL3L1_CCR1          0.005968   1.298725   0.099900      0.294954
FASLG_FAS            0.006082   1.317353   0.101898      0.300141
ZP3_MERTK            0.006014   1.243992   0.101898      0.300141
CALM2_KCNQ3          0.005740   1.266507   0.102897      0.302724
PDGFD_PDGFRA         0.006311   1.251007   0.106893      0.313738
WNT4_FZD2            0.005930   1.225447   0.106893      0.313738
WNT5A_LRP5           0.006053   1.226850   0.107892      0.315182
PSPN_SDC3            0.005927   1.275195   0.107892      0.315182
PTN_PTPRB            0.005583   1.213213   0.107892      0.315182
CORT_SSTR3           0.004658   1.133172   0.107892      0.315182
GNAI2_PTPRU          0.006118   1.235115   0.109890      0.319891
PSAP_GPR37L1         0.005781   1.217409   0.109890      0.319891
NRG4_ERBB4           0.005730   1.226427   0.109890      0.319891
TNC_EGFR             0.005854   1.261186   0.110889      0.322421
EFNA5_EPHB6          0.005888   1.225367   0.111888      0.324567
LPL_GPIHBP1          0.005775   1.282892   0.111888      0.324567
COL4A5_CD47          0.006044   1.248268   0.112887      0.326702
HBEGF_CD9            0.005659   1.194079   0.112887      0.326702
GDF9_BMPR1A          0.005589   1.249607   0.113886      0.329210
CXCL13_CCR10         0.005942   1.249573   0.114885      0.331328
EDIL3_ITGB5          0.005619   1.207591   0.114885      0.331328
IL2_CD53             0.005901   1.205194   0.116883      0.336699
EFNA1_EPHA6          0.005796   1.222390   0.117882      0.339184
OXT_AVPR1A           0.005970   1.224974   0.119880      0.344534
SEMA6D_TYROBP        0.005911   1.156789   0.122877      0.351927
VASP_CXCR2           0.005450   1.114589   0.122877      0.351927
SEMA4G_PLXNB2        0.005335   1.106296   0.122877      0.351927
CCL13_ACKR4          0.006128   1.240328   0.123876      0.353972
NRG4_EGFR            0.005313   1.059123   0.123876      0.353972
NAMPT_INSR           0.005119   1.101818   0.124875      0.356417
GDF9_TGFBR1          0.005348   1.141769   0.125874      0.358857
EFNA5_EPHA4          0.005127   1.122964   0.126873      0.361290
INHBA_ACVR2B         0.005387   1.094084   0.127872      0.362888
FBLN2_ITGB3          0.005359   1.195210   0.127872      0.362888
SORBS1_INSR          0.005080   1.121748   0.127872      0.362888
VTN_ITGB8            0.005815   1.182512   0.129870      0.367719
RGMA_BMPR2           0.005789   1.178087   0.129870      0.367719
ADAM17_ERBB4         0.005078   1.078449   0.130869      0.370126
IL2_GYPE            -0.000203  -0.016434   0.131868      0.372527
FBN1_ITGB3           0.005326   1.093431   0.132867      0.374924
VIP_NPR3             0.004514   1.020449   0.136863      0.385762
HSP90B1_TLR4         0.004950   1.080646   0.138861      0.390508
DKK1_LRP5            0.004920   1.106380   0.138861      0.390508
TDGF1_ACVR2B         0.005106   1.103636   0.139860      0.392873
BMP8B_ACVR1          0.005171   1.107694   0.140859      0.394787
WNT3_FZD5            0.004875   1.052363   0.140859      0.394787
CCL7_CCR10           0.005132   1.100591   0.141858      0.397139
SLIT1_ROBO1          0.004783   1.071058   0.144855      0.405073
RLN2_RXFP1           0.003656   0.840228   0.146853      0.410199
TGFB1_TGFBR1         0.005025   1.052369   0.148851      0.415313
ANGPTL1_TEK          0.004805   1.047007   0.149850      0.417164
CHAD_ITGA2           0.004752   1.009194   0.149850      0.417164
CTF1_LIFR            0.005085   0.927298   0.150849      0.418539
MMP1_ITGA2           0.004929   1.028028   0.150849      0.418539
PLA2G10_PLA2R1       0.004899   0.989845   0.150849      0.418539
GNAI2_ADRA2B         0.004593   1.018779   0.151848      0.420841
CALM3_KCNQ1          0.005073   1.064918   0.154845      0.427717
RELN_LRP8            0.004947   1.057816   0.154845      0.427717
COL18A1_ITGB1        0.004799   1.009114   0.154845      0.427717
VEGFA_SIRPA          0.004992   0.989176   0.155844      0.429522
CXCL1_CXCR2          0.004019   0.873720   0.155844      0.429522
TNFSF12_TNFRSF12A    0.004965   1.009453   0.156843      0.430367
GDF7_ACVR2A          0.004915   1.029019   0.156843      0.430367
CCL8_CCR5            0.004890   1.039727   0.156843      0.430367
CXCL12_CCR4          0.004676   1.013454   0.156843      0.430367
CLEC11A_KIT          0.004522   0.977102   0.159840      0.438107
NMB_GRPR             0.005065   1.065720   0.161838      0.442607
CALR_TSHR            0.004650   1.000253   0.161838      0.442607
LRPAP1_LRP8          0.004613   1.013209   0.164835      0.450308
EPO_EPOR             0.004863   0.965306   0.165834      0.452540
CD40LG_ITGAM         0.004866   0.971498   0.166833      0.454767
NGF_SORT1            0.004431   0.989398   0.171828      0.467869
TNFSF13_TNFRSF17     0.004251   0.861666   0.174825      0.475509
BMP4_ACVR1           0.004023   0.857820   0.177822      0.483132
GNAS_GCGR            0.004590   0.952863   0.178821      0.485316
DKK2_LRP6            0.004070   0.886094   0.179820      0.486964
BMP7_ACVR2A          0.003780   0.898988   0.179820      0.486964
VEGFC_LYVE1          0.003771   0.839292   0.180819      0.489137
JAG1_NOTCH2          0.004453   0.871820   0.181818      0.491304
FGF13_FGFR4          0.004106   0.967964   0.184815      0.498861
EDN2_EDNRB           0.004001   0.864236   0.185814      0.501013
IL25_IL17RB          0.004144   0.857499   0.187812      0.505852
MSTN_ACVR2B          0.003940   0.871517   0.188811      0.507992
FGF17_FGFR2          0.004302   0.845951   0.189810      0.509577
EFNB1_EPHB1          0.004042   0.853915   0.189810      0.509577
GDF6_BMPR2           0.003926   0.879122   0.192807      0.515951
EFNA1_EPHA7          0.003766   0.854470   0.192807      0.515951
TNFSF10_TNFRSF10B    0.003704   0.828269   0.192807      0.515951
LAMC3_ITGA6          0.004203   0.812645   0.193806      0.518067
DLL3_NOTCH4          0.004146   0.856713   0.194805      0.519620
RGMA_BMPR1B          0.003792   0.847143   0.194805      0.519620
COL4A4_ITGAV         0.003974   0.846020   0.195804      0.521166
BMP6_ACVR2A          0.003657   0.815741   0.195804      0.521166
MADCAM1_ITGB7        0.004080   0.833338   0.196803      0.523265
EFNA4_EPHA2          0.003917   0.848382   0.198801      0.528013
ANGPT1_TEK           0.003501   0.772432   0.200799      0.532750
LGALS3BP_ITGB1       0.003950   0.873621   0.201798      0.534260
GDF11_ACVR2B         0.003851   0.851225   0.201798      0.534260
NRG2_ERBB4           0.004259   0.798508   0.202797      0.536334
TGM2_SDC4            0.003529   0.797316   0.203796      0.538403
RIMS1_SLC17A7        0.002692   0.591611   0.204795      0.540468
COL6A3_ITGA2         0.003953   0.830046   0.206793      0.544585
GZMB_IGF2R           0.003671   0.789856   0.206793      0.544585
IL16_KCND2           0.003520   0.815019   0.207792      0.546636
IL1B_ADRB2           0.003426   0.732264   0.213786      0.561810
GDF9_BMPR1B          0.003492   0.785562   0.215784      0.566462
SFTPD_TLR4           0.003672   0.775292   0.216783      0.568484
GNAI2_TBXA2R         0.003646   0.795740   0.218781      0.572516
NCAM1_FGFR2          0.003054   0.757805   0.218781      0.572516
LAMA4_ITGA3          0.003365   0.748405   0.220779      0.577137
ANGPT2_TEK           0.003675   0.733015   0.221778      0.578532
CCL27_ACKR2          0.002575   0.533888   0.221778      0.578532
COL4A3_CD47          0.003664   0.803379   0.222777      0.579921
L1CAM_FGFR2          0.003338   0.740467   0.222777      0.579921
CALM3_AQP6           0.003493   0.766474   0.223776      0.581304
FGF16_FGFR2          0.003319   0.715997   0.223776      0.581304
ICAM4_ITGAV          0.003777   0.769822   0.225774      0.585271
WNT3A_FZD5           0.003402   0.750890   0.225774      0.585271
HLA-C_NOTCH4         0.003813   0.747574   0.226773      0.586027
WNT2_FZD7            0.003452   0.741238   0.226773      0.586027
MDK_PTPRB            0.003344   0.755898   0.226773      0.586027
NTN1_DCC             0.003069   0.697921   0.227772      0.587998
TNC_ITGA8            0.003439   0.725130   0.229770      0.591926
EFNA5_EPHB1          0.003186   0.676115   0.229770      0.591926
IL15_IL2RA           0.003363   0.679728   0.230769      0.593884
KISS1_KISS1R         0.003067   0.651751   0.231768      0.595838
PTMA_VIPR1           0.003401   0.742382   0.235764      0.605485
COL4A5_ITGAV         0.003484   0.751589   0.236763      0.607424
WNT5A_FZD8           0.002995   0.663323   0.240759      0.617039
WNT3A_APCDD1         0.003241   0.677838   0.241758      0.618324
CXCL3_CXCR2          0.001227   0.233509   0.241758      0.618324
BMP4_ACVR2A          0.003559   0.713068   0.242757      0.620241
FASLG_TNFRSF1A       0.003071   0.661956   0.243756      0.621516
NID2_COL13A1         0.003019   0.656366   0.243756      0.621516
HSPA1A_GRIN2D        0.003336   0.715882   0.245754      0.622144
SEMA6D_TREM2         0.003248   0.670118   0.245754      0.622144
COL5A3_SDC3          0.003220   0.710852   0.244755      0.622144
MMP9_EPHB2           0.003173   0.713010   0.245754      0.622144
F10_F3               0.003088   0.596104   0.245754      0.622144
CCL2_ACKR2           0.002949   0.637594   0.244755      0.622144
WNT7A_FZD5           0.002883   0.623851   0.245754      0.622144
WNT5A_MCAM           0.003495   0.725371   0.247752      0.623393
INHBA_TGFBR3         0.003419   0.719750   0.246753      0.623393
SEMA7A_ITGA1         0.003198   0.671910   0.247752      0.623393
SEMA3A_NRP1          0.003197   0.652245   0.247752      0.623393
NRG3_ERBB4           0.003056   0.615202   0.246753      0.623393
EFNB1_EPHB4          0.002943   0.659486   0.247752      0.623393
VEGFA_EPHB2          0.003305   0.684934   0.248751      0.625274
EFNB1_EPHA6          0.002856   0.595746   0.250749      0.629659
TGFB2_ACVR1          0.003386   0.704077   0.252747      0.634036
GNB3_TGFBR1          0.003239   0.697827   0.254745      0.637761
FGF20_FGFR4          0.003233   0.675539   0.254745      0.637761
RIMS1_SLC18A2        0.002369   0.477350   0.255744      0.639618
SPINK1_EGFR          0.002059   0.455038   0.257742      0.643967
DLK1_NOTCH2          0.002766   0.591402   0.259740      0.648308
HRAS_GRIN2D          0.002917   0.648235   0.261738      0.651985
C4B_CD46             0.002723   0.614932   0.261738      0.651985
EFNB2_EPHB6          0.002838   0.600302   0.263736      0.656305
HGF_SDC2             0.003023   0.607441   0.267732      0.665582
CCL2_CCR4            0.002721   0.635135   0.268731      0.667399
TAC1_TACR1           0.000311   0.000114   0.269730      0.669211
SEMA3A_PLXNA3        0.003057   0.638380   0.270729      0.671020
PDGFC_KDR            0.002679   0.622022   0.272727      0.674627
RSPO4_LGR4           0.002485   0.572000   0.272727      0.674627
CALM2_GP6            0.002683   0.593186   0.275724      0.680010
PROC_ITGAM           0.002681   0.606203   0.275724      0.680010
GAS6_TYRO3           0.002462   0.574805   0.275724      0.680010
NCAM1_ROBO1          0.002362   0.505836   0.276723      0.681798
DHH_PTCH2            0.002360   0.511153   0.279720      0.688500
APP_SLC45A3          0.002663   0.622406   0.280719      0.690275
VTN_ITGB1            0.002759   0.577242   0.282717      0.694501
CD40LG_TRAF3         0.002985   0.551512   0.283716      0.696267
FGF11_FGFR2          0.002488   0.566717   0.284715      0.697342
CCL28_ACKR2          0.002477   0.557050   0.284715      0.697342
NTN1_UNC5A           0.002657   0.546895   0.287712      0.703989
CALM1_EGFR           0.002432   0.528023   0.288711      0.705739
ICAM4_ITGAM          0.002448   0.515829   0.289710      0.707485
EGF_CAV1             0.002348   0.474833   0.290709      0.708533
EDN1_EDNRB           0.002340   0.548462   0.290709      0.708533
CUBN_LRP2            0.002722   0.532424   0.291708      0.708883
VTN_ITGA5            0.002604   0.504018   0.291708      0.708883
DKK1_KREMEN1         0.002409   0.467250   0.291708      0.708883
MIA_CDH7             0.001741   0.358941   0.294705      0.715466
CXCL2_CXCR2          0.001595   0.224949   0.298701      0.724460
IL1RN_IL1RL2         0.002126   0.495526   0.299700      0.726174
LAMA1_ITGB1          0.002761   0.571489   0.301698      0.729593
EFNA5_EPHA3          0.001870   0.451807   0.301698      0.729593
C1QA_CSPG4           0.002556   0.524728   0.302697      0.731298
TCN2_CNR1            0.002707   0.529542   0.303696      0.731578
BMP4_BMPR1A          0.002464   0.511213   0.303696      0.731578
NTNG2_LRRC4C         0.001356   0.389422   0.303696      0.731578
NCAM1_GFRA1          0.002261   0.489644   0.305694      0.735679
BMP4_BMPR2           0.002553   0.530043   0.306693      0.737369
LTA_EDNRA            0.002260   0.497305   0.308691      0.741456
LAMC2_CD151          0.002050   0.488002   0.310689      0.745534
FGF19_KLB            0.001101   0.253769   0.311688      0.747210
LAMA2_ITGB4          0.002406   0.488388   0.312687      0.748883
SEMA3A_PLXNA1        0.002342   0.477677   0.313686      0.750553
WNT5A_FZD5           0.002320   0.446077   0.318681      0.761771
AREG_ERBB3           0.002213   0.470582   0.322677      0.770582
PTN_PTPRS            0.002160   0.448260   0.324675      0.773867
EFNB3_RHBDL2         0.002053   0.452096   0.324675      0.773867
PRSS23_TMEM222       0.002406   0.481472   0.325674      0.774762
AMH_ACVR1            0.002163   0.452270   0.325674      0.774762
BMP6_ACVR2B          0.001763   0.368781   0.326673      0.776396
GNAI2_TSHR           0.002063   0.423236   0.327672      0.777284
NXPH1_NRXN2          0.001734   0.393199   0.327672      0.777284
PROC_PROCR           0.001623   0.389923   0.329670      0.781278
SPP1_ITGA9           0.002302   0.457662   0.330669      0.782899
NLGN3_NRXN3          0.001429   0.345216   0.331668      0.783771
NGF_NTRK1            0.001166   0.319342   0.331668      0.783771
SEMA3A_PLXNA2        0.001825   0.379051   0.332667      0.784640
CCL25_ACKR2          0.000711   0.083827   0.332667      0.784640
SERPINC1_GPC1        0.001674   0.407769   0.333666      0.785506
CCL11_ACKR2          0.001659   0.398228   0.333666      0.785506
CYR61_ITGB3          0.001469   0.381431   0.334665      0.787113
RBP4_STRA6           0.001841   0.373899   0.335664      0.787971
GNAI2_ADORA1         0.001514   0.411002   0.335664      0.787971
FGF11_FGFR3          0.001712   0.359485   0.337662      0.791167
TDGF1_ACVR2A         0.001595   0.280625   0.337662      0.791167
TNFSF9_TRAF2         0.001628   0.403191   0.338661      0.792015
CALCA_CALCR          0.000423   0.044555   0.338661      0.792015
ECM1_CACHD1          0.001927   0.384459   0.340659      0.795192
NTF3_NTRK1           0.000036   0.036242   0.340659      0.795192
PDAP1_PDGFRB         0.001847   0.375556   0.343656      0.799934
HRAS_TLR2            0.001720   0.380843   0.343656      0.799934
PCSK9_VLDLR          0.000793   0.183653   0.343656      0.799934
BTC_EGFR             0.002007   0.360522   0.348651      0.810802
LAMA1_RPSA           0.001753   0.416054   0.349650      0.811607
TAC1_TACR2           0.000662   0.165479   0.349650      0.811607
SHBG_CD177           0.000744   0.149568   0.350649      0.813166
VTN_ITGB3           -0.001559  -0.340961   0.351648      0.814723
FGF1_FGFRL1          0.001732   0.390394   0.354645      0.820902
LIF_LIFR             0.001743   0.376086   0.361638      0.833982
KNG1_PLAUR           0.001419   0.322193   0.361638      0.833982
FGF16_FGFR3          0.001375   0.267375   0.361638      0.833982
FGL1_EGFR            0.000718   0.158714   0.360639      0.833982
LAMC3_ITGB4          0.001459   0.307321   0.362637      0.834737
HHLA3_CHRM3          0.001155   0.225137   0.362637      0.834737
WNT3A_FZD7           0.001715   0.335733   0.363636      0.836263
EDN1_EDNRA           0.001265   0.276167   0.367632      0.843891
CCL14_ACKR2          0.000857   0.180529   0.367632      0.843891
BMP7_ACVR2B          0.001552   0.341521   0.368631      0.844624
RSPO1_LGR5          -0.000028   0.033549   0.368631      0.844624
SEMA7A_PLXNC1        0.001487   0.294623   0.371628      0.850707
DKK1_LRP6            0.001116   0.289816   0.373626      0.854494
NTF3_NGFR            0.000591   0.139927   0.374625      0.855991
CALM3_KCNQ3          0.001635   0.359767   0.375624      0.857486
GHRH_VIPR1           0.001470   0.255079   0.376623      0.858978
CXCL13_ACKR4         0.000807   0.238555   0.378621      0.862743
RSPO3_FZD8           0.001725   0.313705   0.379620      0.864227
PDGFB_PDGFRA         0.001657   0.347938   0.382617      0.869458
RSPO1_LGR6           0.000335   0.096197   0.382617      0.869458
SCT_VIPR1            0.001432   0.284380   0.385614      0.874669
IL19_IL20RB          0.000865   0.169482   0.385614      0.874669
KNG1_SDC2            0.001107   0.189545   0.396603      0.897956
LAMA5_ITGA3          0.001103   0.261014   0.396603      0.897956
VWF_SIRPA            0.001036   0.247149   0.398601      0.900839
DLK1_NOTCH4          0.000487   0.087444   0.398601      0.900839
CLCF1_LIFR           0.000641   0.160119   0.401598      0.905965
KNG1_GPR135          0.000092  -0.008851   0.401598      0.905965
BMP6_BMPR1B          0.000195   0.066946   0.404595      0.911899
HSP90B1_TLR7         0.001067   0.193557   0.408591      0.918407
BMP7_BMPR1B          0.000720   0.188681   0.408591      0.918407
TF_TFR2              0.000049   0.059016   0.408591      0.918407
EFNB3_EPHB6          0.001148   0.216287   0.409590      0.919821
CCL25_ACKR4         -0.000716  -0.131008   0.411588      0.923474
IL20_IL22RA1         0.000991   0.202999   0.412587      0.924047
ICAM4_ITGA4          0.000414   0.058158   0.412587      0.924047
BTC_ERBB4            0.000939   0.172355   0.414585      0.926852
KNG1_BDKRB1         -0.000201   0.028559   0.414585      0.926852
HBEGF_ERBB4          0.000806   0.220077   0.415584      0.928251
LAMC3_ITGA3          0.000546   0.159835   0.417582      0.931876
CDH1_LRP5            0.001000   0.196122   0.418581      0.932431
LTF_LRP1             0.000913   0.187735   0.418581      0.932431
PLAU_VLDLR           0.000767   0.187404   0.423576      0.942714
FGF2_CD44            0.001110   0.203620   0.424575      0.943248
LAMA1_ITGA2          0.000979   0.182209   0.424575      0.943248
ADAM15_ITGA5         0.000856   0.193233   0.425574      0.944623
FGF12_FGFR1          0.000739   0.164573   0.426573      0.945153
TNF_TNFRSF21         0.000631   0.172562   0.426573      0.945153
IL12B_IL12RB2       -0.000840  -0.166365   0.435564      0.964215
WNT3A_FZD8           0.000644   0.131459   0.436563      0.965566
GDF7_BMPR2           0.000486   0.102478   0.439560      0.971331
EFNB2_RHBDL2         0.000324   0.044937   0.443556      0.979291
IFNL2_IL10RB         0.000077   0.032609   0.444555      0.980625
FGF8_FGFR4           0.000567   0.115009   0.445554      0.981958
FGF1_FGFR2           0.000546   0.101235   0.448551      0.987687
EFNB2_EPHA4          0.000927   0.122738   0.449550      0.989011
EFNA5_EPHA1          0.000541   0.148674   0.450549      0.989458
GDF6_BMPR1B         -0.000239  -0.051849   0.450549      0.989458
SLIT2_GPC1           0.000587   0.102776   0.454545      0.997352
P4HB_GPR162          0.000689   0.146045   0.455544      0.998663
BMP7_ACVR1           0.000282   0.030860   0.456543      0.999971
CALM1_GRM4           0.000600   0.018417   0.493506      1.000000
LAMA2_RPSA           0.000485   0.094890   0.476523      1.000000
CCL4_ACKR2           0.000373   0.056809   0.469530      1.000000
NCAM1_ROBO3          0.000338   0.011810   0.466533      1.000000
BMP7_BMPR2           0.000331   0.034310   0.489510      1.000000
MADCAM1_CD44         0.000294   0.070567   0.484515      1.000000
FGF11_FGFR4          0.000280   0.043778   0.486513      1.000000
PDGFB_S1PR1          0.000267   0.042701   0.468531      1.000000
LAMB1_ITGA3          0.000254   0.020058   0.496503      1.000000
ASIP_F11R            0.000203   0.059092   0.481518      1.000000
POMC_MC1R            0.000185   0.048826   0.465534      1.000000
GNAI2_LPAR3          0.000107   0.034767   0.489510      1.000000
TNFSF10_TNFRSF11B    0.000094   0.070113   0.471528      1.000000
IFNL3_IL10RB         0.000072   0.023213   0.458541      1.000000
EFNB3_EPHB4          0.000038   0.036718   0.484515      1.000000
EFNB2_EPHB2          0.000029  -0.030663   0.517483      1.000000
SFTPD_LY96           0.000017   0.008864   0.482517      1.000000
FGF16_FGFR1          0.000016  -0.001243   0.485514      1.000000
SEMA6A_PLXNA2        0.000010   0.024862   0.478521      1.000000
SEMA3D_NRP1          0.000004   0.028813   0.477522      1.000000
AANAT_MTNR1A         0.000000   0.000000   1.000000      1.000000
AANAT_MTNR1B         0.000000   0.000000   1.000000      1.000000
ACE_AGTR2            0.000000   0.000000   1.000000      1.000000
ADAM2_CD9            0.000000   0.000000   1.000000      1.000000
ADAM2_ITGA6          0.000000   0.000000   1.000000      1.000000
ADAM2_ITGA9          0.000000   0.000000   1.000000      1.000000
ADAM2_ITGB1          0.000000   0.000000   1.000000      1.000000
ADAM2_ITGB7          0.000000   0.000000   1.000000      1.000000
ADCYAP1_SCTR         0.000000   0.000000   1.000000      1.000000
ADM_GPR182           0.000000   0.000000   1.000000      1.000000
ADM_MRGPRX2          0.000000   0.000000   1.000000      1.000000
AGRN_MUSK            0.000000   0.000000   1.000000      1.000000
AGRP_MC3R            0.000000   0.000000   1.000000      1.000000
AGRP_MC4R            0.000000   0.000000   1.000000      1.000000
AGRP_MC5R            0.000000   0.000000   1.000000      1.000000
AGT_AGTR2            0.000000   0.000000   1.000000      1.000000
AGT_MAS1             0.000000   0.000000   1.000000      1.000000
AHSG_INSR            0.000000   0.000000   1.000000      1.000000
AMELX_LAMP1          0.000000   0.000000   1.000000      1.000000
AMELY_LAMP1          0.000000   0.000000   1.000000      1.000000
ANGPTL3_ITGA5        0.000000   0.000000   1.000000      1.000000
ANGPTL3_ITGAV        0.000000   0.000000   1.000000      1.000000
ANGPTL3_ITGB3        0.000000   0.000000   1.000000      1.000000
APOB_CALCR           0.000000   0.000000   1.000000      1.000000
APOB_ITGAM           0.000000   0.000000   1.000000      1.000000
APOB_ITGB2           0.000000   0.000000   1.000000      1.000000
APOB_LDLR            0.000000   0.000000   1.000000      1.000000
APOB_LRP2            0.000000   0.000000   1.000000      1.000000
APOB_LRP6            0.000000   0.000000   1.000000      1.000000
APOB_LRP8            0.000000   0.000000   1.000000      1.000000
APOB_LSR             0.000000   0.000000   1.000000      1.000000
APOB_OLR1            0.000000   0.000000   1.000000      1.000000
APOC3_SDC2           0.000000   0.000000   1.000000      1.000000
APOC3_TLR2           0.000000   0.000000   1.000000      1.000000
APOE_CHRNA4          0.000000   0.000000   1.000000      1.000000
ASIP_MC2R            0.000000   0.000000   1.000000      1.000000
ASIP_MC3R            0.000000   0.000000   1.000000      1.000000
ASIP_MC4R            0.000000   0.000000   1.000000      1.000000
ASIP_MC5R            0.000000   0.000000   1.000000      1.000000
AVP_AVPR1A           0.000000   0.000000   1.000000      1.000000
AVP_AVPR1B           0.000000   0.000000   1.000000      1.000000
AVP_AVPR2            0.000000   0.000000   1.000000      1.000000
AVP_OXTR             0.000000   0.000000   1.000000      1.000000
B2M_KIR3DL1          0.000000   0.000000   1.000000      1.000000
BCAN_EGFR            0.000000   0.000000   1.000000      1.000000
BCAN_NRCAM           0.000000   0.000000   1.000000      1.000000
BDNF_DDR1            0.000000   0.000000   1.000000      1.000000
BDNF_DRD4            0.000000   0.000000   1.000000      1.000000
BDNF_NGFR            0.000000   0.000000   1.000000      1.000000
BDNF_NTRK2           0.000000   0.000000   1.000000      1.000000
BDNF_SORT1           0.000000   0.000000   1.000000      1.000000
BMP10_ACVR1          0.000000   0.000000   1.000000      1.000000
BMP10_ACVR2A         0.000000   0.000000   1.000000      1.000000
BMP10_ACVR2B         0.000000   0.000000   1.000000      1.000000
BMP10_ACVRL1         0.000000   0.000000   1.000000      1.000000
BMP10_BMPR1A         0.000000   0.000000   1.000000      1.000000
BMP10_BMPR1B         0.000000   0.000000   1.000000      1.000000
BMP10_BMPR2          0.000000   0.000000   1.000000      1.000000
BMP10_ENG            0.000000   0.000000   1.000000      1.000000
BMP15_ACVR1          0.000000   0.000000   1.000000      1.000000
BMP15_ACVR2A         0.000000   0.000000   1.000000      1.000000
BMP15_ACVR2B         0.000000   0.000000   1.000000      1.000000
BMP15_BMPR1A         0.000000   0.000000   1.000000      1.000000
BMP15_BMPR1B         0.000000   0.000000   1.000000      1.000000
BMP15_BMPR2          0.000000   0.000000   1.000000      1.000000
BMP5_ACVR1           0.000000   0.000000   1.000000      1.000000
BMP5_ACVR2A          0.000000   0.000000   1.000000      1.000000
BMP5_ACVR2B          0.000000   0.000000   1.000000      1.000000
BMP5_BMPR1A          0.000000   0.000000   1.000000      1.000000
BMP5_BMPR1B          0.000000   0.000000   1.000000      1.000000
BMP5_BMPR2           0.000000   0.000000   1.000000      1.000000
C1QTNF5_MFRP         0.000000   0.000000   1.000000      1.000000
CALCB_CALCR          0.000000   0.000000   1.000000      1.000000
CALCB_CALCRL         0.000000   0.000000   1.000000      1.000000
CALCB_RAMP1          0.000000   0.000000   1.000000      1.000000
CALM1_ADCY8          0.000000   0.000000   1.000000      1.000000
CALM1_CNGA2          0.000000   0.000000   1.000000      1.000000
CALM1_CRHR1          0.000000   0.000000   1.000000      1.000000
CALM1_GLP1R          0.000000   0.000000   1.000000      1.000000
CALM1_GLP2R          0.000000   0.000000   1.000000      1.000000
CALM1_GRM3           0.000000   0.000000   1.000000      1.000000
CALM1_GRM5           0.000000   0.000000   1.000000      1.000000
CALM1_HTR2C          0.000000   0.000000   1.000000      1.000000
CALM1_MIP            0.000000   0.000000   1.000000      1.000000
CALM1_OPRM1          0.000000   0.000000   1.000000      1.000000
CALM1_SCN10A         0.000000   0.000000   1.000000      1.000000
CALM1_SCTR           0.000000   0.000000   1.000000      1.000000
CALM1_TRPC5          0.000000   0.000000   1.000000      1.000000
CALM2_ADCY8          0.000000   0.000000   1.000000      1.000000
CALM2_GRM5           0.000000   0.000000   1.000000      1.000000
CALM2_SCN10A         0.000000   0.000000   1.000000      1.000000
CALM2_TRPC5          0.000000   0.000000   1.000000      1.000000
CALM3_ADCY8          0.000000   0.000000   1.000000      1.000000
CALM3_GRM5           0.000000   0.000000   1.000000      1.000000
CALM3_SCN10A         0.000000   0.000000   1.000000      1.000000
CALM3_TRPC5          0.000000   0.000000   1.000000      1.000000
CALR_MTNR1A          0.000000   0.000000   1.000000      1.000000
CCK_CCKAR            0.000000   0.000000   1.000000      1.000000
CCK_CCKBR            0.000000   0.000000   1.000000      1.000000
CCL11_CCR3           0.000000   0.000000   1.000000      1.000000
CCL13_CCR3           0.000000   0.000000   1.000000      1.000000
CCL13_CCR9           0.000000   0.000000   1.000000      1.000000
CCL14_CCR3           0.000000   0.000000   1.000000      1.000000
CCL15_CCR3           0.000000   0.000000   1.000000      1.000000
CCL16_CCR1           0.000000   0.000000   1.000000      1.000000
CCL16_CCR2           0.000000   0.000000   1.000000      1.000000
CCL16_CCR5           0.000000   0.000000   1.000000      1.000000
CCL16_CCR8           0.000000   0.000000   1.000000      1.000000
CCL16_HRH4           0.000000   0.000000   1.000000      1.000000
CCL17_CCR8           0.000000   0.000000   1.000000      1.000000
CCL1_CCR8            0.000000   0.000000   1.000000      1.000000
CCL24_CCR2           0.000000   0.000000   1.000000      1.000000
CCL24_CCR3           0.000000   0.000000   1.000000      1.000000
CCL25_CCR9           0.000000   0.000000   1.000000      1.000000
CCL26_CCR3           0.000000   0.000000   1.000000      1.000000
CCL28_CCR3           0.000000   0.000000   1.000000      1.000000
CCL2_CCR3            0.000000   0.000000   1.000000      1.000000
CCL3L1_CCR3          0.000000   0.000000   1.000000      1.000000
CCL3_CCR3            0.000000   0.000000   1.000000      1.000000
CCL4_CCR3            0.000000   0.000000   1.000000      1.000000
CCL4_CCR8            0.000000   0.000000   1.000000      1.000000
CCL5_CCR3            0.000000   0.000000   1.000000      1.000000
CCL5_GPR75           0.000000   0.000000   1.000000      1.000000
CCL7_CCR3            0.000000   0.000000   1.000000      1.000000
CCL8_CCR3            0.000000   0.000000   1.000000      1.000000
CD5L_CD5             0.000000   0.000000   1.000000      1.000000
CELA3B_CHRM3         0.000000   0.000000   1.000000      1.000000
CGA_FSHR             0.000000   0.000000   1.000000      1.000000
CGA_LHCGR            0.000000   0.000000   1.000000      1.000000
CGB8_SIRPA           0.000000   0.000000   1.000000      1.000000
CNTF_CNTFR           0.000000   0.000000   1.000000      1.000000
CNTF_IL6R            0.000000   0.000000   1.000000      1.000000
CNTF_IL6ST           0.000000   0.000000   1.000000      1.000000
CNTF_LIFR            0.000000   0.000000   1.000000      1.000000
COL2A1_OR1E1         0.000000   0.000000   1.000000      1.000000
COLQ_MUSK            0.000000   0.000000   1.000000      1.000000
CORT_GHSR            0.000000   0.000000   1.000000      1.000000
CORT_MRGPRX2         0.000000   0.000000   1.000000      1.000000
CORT_SSTR4           0.000000   0.000000   1.000000      1.000000
CORT_SSTR5           0.000000   0.000000   1.000000      1.000000
CPAMD8_SCTR          0.000000   0.000000   1.000000      1.000000
CRH_CRHR1            0.000000   0.000000   1.000000      1.000000
CRH_CRHR2            0.000000   0.000000   1.000000      1.000000
CRH_MC2R             0.000000   0.000000   1.000000      1.000000
CRP_OLR1             0.000000   0.000000   1.000000      1.000000
CSF2_CSF1R           0.000000   0.000000   1.000000      1.000000
CSF2_CSF2RA          0.000000   0.000000   1.000000      1.000000
CSF2_CSF2RB          0.000000   0.000000   1.000000      1.000000
CSF2_CSF3R           0.000000   0.000000   1.000000      1.000000
CSF2_IL3RA           0.000000   0.000000   1.000000      1.000000
CSF2_ITGA9           0.000000   0.000000   1.000000      1.000000
CSF2_ITGB1           0.000000   0.000000   1.000000      1.000000
CSF2_SDC2            0.000000   0.000000   1.000000      1.000000
CSF3_CSF1R           0.000000   0.000000   1.000000      1.000000
CSF3_CSF3R           0.000000   0.000000   1.000000      1.000000
CSH1_PRLR            0.000000   0.000000   1.000000      1.000000
CSH2_PRLR            0.000000   0.000000   1.000000      1.000000
CSHL1_GHR            0.000000   0.000000   1.000000      1.000000
CSHL1_PRLR           0.000000   0.000000   1.000000      1.000000
CXCL10_CCR3          0.000000   0.000000   1.000000      1.000000
CXCL11_CCR3          0.000000   0.000000   1.000000      1.000000
CXCL1_CXCR1          0.000000   0.000000   1.000000      1.000000
CXCL2_CXCR1          0.000000   0.000000   1.000000      1.000000
CXCL3_CXCR1          0.000000   0.000000   1.000000      1.000000
CXCL5_CXCR1          0.000000   0.000000   1.000000      1.000000
CXCL6_CXCR1          0.000000   0.000000   1.000000      1.000000
CXCL9_CCR3           0.000000   0.000000   1.000000      1.000000
DEFB103A_CCR6        0.000000   0.000000   1.000000      1.000000
DEFB103B_CCR2        0.000000   0.000000   1.000000      1.000000
DEFB103B_CCR6        0.000000   0.000000   1.000000      1.000000
DEFB4A_CCR6          0.000000   0.000000   1.000000      1.000000
DEFB4A_TLR4          0.000000   0.000000   1.000000      1.000000
DEFB4B_CCR6          0.000000   0.000000   1.000000      1.000000
DSCAM_DCC            0.000000   0.000000   1.000000      1.000000
EDA_EDAR             0.000000   0.000000   1.000000      1.000000
EDN3_EDNRA           0.000000   0.000000   1.000000      1.000000
EDN3_EDNRB           0.000000   0.000000   1.000000      1.000000
EDN3_KEL             0.000000   0.000000   1.000000      1.000000
EFNA1_EPHA5          0.000000   0.000000   1.000000      1.000000
EFNA2_EPHA1          0.000000   0.000000   1.000000      1.000000
EFNA2_EPHA2          0.000000   0.000000   1.000000      1.000000
EFNA2_EPHA3          0.000000   0.000000   1.000000      1.000000
EFNA2_EPHA4          0.000000   0.000000   1.000000      1.000000
EFNA2_EPHA5          0.000000   0.000000   1.000000      1.000000
EFNA2_EPHA6          0.000000   0.000000   1.000000      1.000000
EFNA2_EPHA7          0.000000   0.000000   1.000000      1.000000
EFNA2_EPHA8          0.000000   0.000000   1.000000      1.000000
EFNA3_EPHA5          0.000000   0.000000   1.000000      1.000000
EFNA4_EPHA5          0.000000   0.000000   1.000000      1.000000
EFNA5_EPHA5          0.000000   0.000000   1.000000      1.000000
EFNB2_GRM1           0.000000   0.000000   1.000000      1.000000
EFNB2_GRM5           0.000000   0.000000   1.000000      1.000000
EGF_FSHR             0.000000   0.000000   1.000000      1.000000
EPGN_EGFR            0.000000   0.000000   1.000000      1.000000
EREG_EGFR            0.000000   0.000000   1.000000      1.000000
EREG_ERBB2           0.000000   0.000000   1.000000      1.000000
EREG_ERBB3           0.000000   0.000000   1.000000      1.000000
EREG_ERBB4           0.000000   0.000000   1.000000      1.000000
F11_GP1BA            0.000000   0.000000   1.000000      1.000000
F2_F2R               0.000000   0.000000   1.000000      1.000000
F2_F2RL1             0.000000   0.000000   1.000000      1.000000
F2_F2RL2             0.000000   0.000000   1.000000      1.000000
F2_F2RL3             0.000000   0.000000   1.000000      1.000000
F2_GP1BA             0.000000   0.000000   1.000000      1.000000
F2_GP1BB             0.000000   0.000000   1.000000      1.000000
F2_GP9               0.000000   0.000000   1.000000      1.000000
F2_ITGA2B            0.000000   0.000000   1.000000      1.000000
F2_THBD              0.000000   0.000000   1.000000      1.000000
F9_LRP1              0.000000   0.000000   1.000000      1.000000
FASLG_TNFRSF6B       0.000000   0.000000   1.000000      1.000000
FCN2_LRP1            0.000000   0.000000   1.000000      1.000000
FGA_CDH5             0.000000   0.000000   1.000000      1.000000
FGA_ITGA2B           0.000000   0.000000   1.000000      1.000000
FGA_ITGA5            0.000000   0.000000   1.000000      1.000000
FGA_ITGAD            0.000000   0.000000   1.000000      1.000000
FGA_ITGAM            0.000000   0.000000   1.000000      1.000000
FGA_ITGAV            0.000000   0.000000   1.000000      1.000000
FGA_ITGAX            0.000000   0.000000   1.000000      1.000000
FGA_ITGB1            0.000000   0.000000   1.000000      1.000000
FGA_ITGB2            0.000000   0.000000   1.000000      1.000000
FGA_ITGB3            0.000000   0.000000   1.000000      1.000000
FGA_PLAUR            0.000000   0.000000   1.000000      1.000000
FGB_ITGA2B           0.000000   0.000000   1.000000      1.000000
FGB_ITGA5            0.000000   0.000000   1.000000      1.000000
FGB_ITGAM            0.000000   0.000000   1.000000      1.000000
FGB_ITGAV            0.000000   0.000000   1.000000      1.000000
FGB_ITGB1            0.000000   0.000000   1.000000      1.000000
FGB_ITGB2            0.000000   0.000000   1.000000      1.000000
FGF13_SCN5A          0.000000   0.000000   1.000000      1.000000
FGF14_FGFR1          0.000000   0.000000   1.000000      1.000000
FGF14_FGFR2          0.000000   0.000000   1.000000      1.000000
FGF14_FGFR3          0.000000   0.000000   1.000000      1.000000
FGF14_FGFR4          0.000000   0.000000   1.000000      1.000000
FGF21_FGFR2          0.000000   0.000000   1.000000      1.000000
FGF21_FGFR4          0.000000   0.000000   1.000000      1.000000
FGF23_FGFR1          0.000000   0.000000   1.000000      1.000000
FGF23_FGFR2          0.000000   0.000000   1.000000      1.000000
FGF23_FGFR3          0.000000   0.000000   1.000000      1.000000
FGF23_FGFR4          0.000000   0.000000   1.000000      1.000000
FGF23_PHEX           0.000000   0.000000   1.000000      1.000000
FGF3_FGFR1           0.000000   0.000000   1.000000      1.000000
FGF3_FGFR2           0.000000   0.000000   1.000000      1.000000
FGF3_FGFR3           0.000000   0.000000   1.000000      1.000000
FGF3_FGFR4           0.000000   0.000000   1.000000      1.000000
FGF4_FGFR1           0.000000   0.000000   1.000000      1.000000
FGF4_FGFR2           0.000000   0.000000   1.000000      1.000000
FGF4_FGFR3           0.000000   0.000000   1.000000      1.000000
FGF4_FGFR4           0.000000   0.000000   1.000000      1.000000
FGF4_NRP1            0.000000   0.000000   1.000000      1.000000
FGF5_FGFR1           0.000000   0.000000   1.000000      1.000000
FGF5_FGFR2           0.000000   0.000000   1.000000      1.000000
FGF5_FGFR3           0.000000   0.000000   1.000000      1.000000
FGF5_FGFR4           0.000000   0.000000   1.000000      1.000000
FGF6_FGFR1           0.000000   0.000000   1.000000      1.000000
FGF6_FGFR2           0.000000   0.000000   1.000000      1.000000
FGF6_FGFR3           0.000000   0.000000   1.000000      1.000000
FGF6_FGFR4           0.000000   0.000000   1.000000      1.000000
FGF6_SDC4            0.000000   0.000000   1.000000      1.000000
FGG_ITGA2B           0.000000   0.000000   1.000000      1.000000
FGG_ITGA5            0.000000   0.000000   1.000000      1.000000
FGG_ITGAV            0.000000   0.000000   1.000000      1.000000
FGG_ITGB1            0.000000   0.000000   1.000000      1.000000
FGG_ITGB2            0.000000   0.000000   1.000000      1.000000
FSHB_FSHR            0.000000   0.000000   1.000000      1.000000
GALP_GALR1           0.000000   0.000000   1.000000      1.000000
GALP_GALR2           0.000000   0.000000   1.000000      1.000000
GALP_GALR3           0.000000   0.000000   1.000000      1.000000
GAL_GALR1            0.000000   0.000000   1.000000      1.000000
GAL_GALR3            0.000000   0.000000   1.000000      1.000000
GAL_GPR151           0.000000   0.000000   1.000000      1.000000
GAST_CCKBR           0.000000   0.000000   1.000000      1.000000
GCG_GCGR             0.000000   0.000000   1.000000      1.000000
GCG_GLP1R            0.000000   0.000000   1.000000      1.000000
GCG_GLP2R            0.000000   0.000000   1.000000      1.000000
GDF2_ACVR1           0.000000   0.000000   1.000000      1.000000
GDF2_ACVR2A          0.000000   0.000000   1.000000      1.000000
GDF2_ACVR2B          0.000000   0.000000   1.000000      1.000000
GDF2_ACVRL1          0.000000   0.000000   1.000000      1.000000
GDF2_BMPR2           0.000000   0.000000   1.000000      1.000000
GDF2_ENG             0.000000   0.000000   1.000000      1.000000
GDF5_ACVR1           0.000000   0.000000   1.000000      1.000000
GDF5_ACVR2A          0.000000   0.000000   1.000000      1.000000
GDF5_ACVR2B          0.000000   0.000000   1.000000      1.000000
GDF5_BMPR1A          0.000000   0.000000   1.000000      1.000000
GDF5_BMPR1B          0.000000   0.000000   1.000000      1.000000
GDF5_BMPR2           0.000000   0.000000   1.000000      1.000000
GDF5_ROR2            0.000000   0.000000   1.000000      1.000000
GDNF_EDNRB           0.000000   0.000000   1.000000      1.000000
GDNF_GFRA1           0.000000   0.000000   1.000000      1.000000
GDNF_GFRA2           0.000000   0.000000   1.000000      1.000000
GDNF_RET             0.000000   0.000000   1.000000      1.000000
GDNF_SLC44A5         0.000000   0.000000   1.000000      1.000000
GH2_GHR              0.000000   0.000000   1.000000      1.000000
GHRH_GHRHR           0.000000   0.000000   1.000000      1.000000
GHRL_GHRHR           0.000000   0.000000   1.000000      1.000000
GHRL_GHSR            0.000000   0.000000   1.000000      1.000000
GHRL_MLNR            0.000000   0.000000   1.000000      1.000000
GIP_DPP4             0.000000   0.000000   1.000000      1.000000
GIP_GIPR             0.000000   0.000000   1.000000      1.000000
GIP_INSR             0.000000   0.000000   1.000000      1.000000
GNAI2_ADCY8          0.000000   0.000000   1.000000      1.000000
GNAI2_AGTR2          0.000000   0.000000   1.000000      1.000000
GNAI2_CXCR1          0.000000   0.000000   1.000000      1.000000
GNAI2_DRD2           0.000000   0.000000   1.000000      1.000000
GNAI2_LHCGR          0.000000   0.000000   1.000000      1.000000
GNAI2_MTNR1A         0.000000   0.000000   1.000000      1.000000
GNAI2_MTNR1B         0.000000   0.000000   1.000000      1.000000
GNAI2_OPRM1          0.000000   0.000000   1.000000      1.000000
GNAI2_P2RY12         0.000000   0.000000   1.000000      1.000000
GNAS_ADCY8           0.000000   0.000000   1.000000      1.000000
GNAS_ADRB3           0.000000   0.000000   1.000000      1.000000
GNAS_CRHR1           0.000000   0.000000   1.000000      1.000000
GNAS_GLP1R           0.000000   0.000000   1.000000      1.000000
GNAS_HTR6            0.000000   0.000000   1.000000      1.000000
GNAS_LHCGR           0.000000   0.000000   1.000000      1.000000
GNRH1_GNRHR          0.000000   0.000000   1.000000      1.000000
GNRH2_GNRHR          0.000000   0.000000   1.000000      1.000000
GRP_BRS3             0.000000   0.000000   1.000000      1.000000
GRP_NMBR             0.000000   0.000000   1.000000      1.000000
GUCA2A_GUCY2C        0.000000   0.000000   1.000000      1.000000
GUCA2B_GUCY2C        0.000000   0.000000   1.000000      1.000000
GUCA2B_GUCY2D        0.000000   0.000000   1.000000      1.000000
HCRT_HCRTR1          0.000000   0.000000   1.000000      1.000000
HCRT_HCRTR2          0.000000   0.000000   1.000000      1.000000
HLA-A_KIR3DL1        0.000000   0.000000   1.000000      1.000000
HLA-B_KIR3DL1        0.000000   0.000000   1.000000      1.000000
HLA-C_KIR3DL1        0.000000   0.000000   1.000000      1.000000
HLA-C_SLC9C2         0.000000   0.000000   1.000000      1.000000
HLA-E_KIR3DL1        0.000000   0.000000   1.000000      1.000000
HRG_FCGR1A           0.000000   0.000000   1.000000      1.000000
HSP90AA1_CFTR        0.000000   0.000000   1.000000      1.000000
IAPP_CALCR           0.000000   0.000000   1.000000      1.000000
IAPP_RAMP1           0.000000   0.000000   1.000000      1.000000
IAPP_RAMP2           0.000000   0.000000   1.000000      1.000000
IAPP_RAMP3           0.000000   0.000000   1.000000      1.000000
ICAM3_CLEC4M         0.000000   0.000000   1.000000      1.000000
IFNA10_IFNAR1        0.000000   0.000000   1.000000      1.000000
IFNA10_IFNAR2        0.000000   0.000000   1.000000      1.000000
IFNA13_IFNAR1        0.000000   0.000000   1.000000      1.000000
IFNA13_IFNAR2        0.000000   0.000000   1.000000      1.000000
IFNA14_IFNAR1        0.000000   0.000000   1.000000      1.000000
IFNA14_IFNAR2        0.000000   0.000000   1.000000      1.000000
IFNA16_IFNAR1        0.000000   0.000000   1.000000      1.000000
IFNA16_IFNAR2        0.000000   0.000000   1.000000      1.000000
IFNA17_IFNAR1        0.000000   0.000000   1.000000      1.000000
IFNA17_IFNAR2        0.000000   0.000000   1.000000      1.000000
IFNA1_IFNAR1         0.000000   0.000000   1.000000      1.000000
IFNA1_IFNAR2         0.000000   0.000000   1.000000      1.000000
IFNA21_IFNAR1        0.000000   0.000000   1.000000      1.000000
IFNA21_IFNAR2        0.000000   0.000000   1.000000      1.000000
IFNA2_IFNAR1         0.000000   0.000000   1.000000      1.000000
IFNA2_IFNAR2         0.000000   0.000000   1.000000      1.000000
IFNA4_IFNAR1         0.000000   0.000000   1.000000      1.000000
IFNA4_IFNAR2         0.000000   0.000000   1.000000      1.000000
IFNA5_IFNAR1         0.000000   0.000000   1.000000      1.000000
IFNA5_IFNAR2         0.000000   0.000000   1.000000      1.000000
IFNA6_IFNAR1         0.000000   0.000000   1.000000      1.000000
IFNA6_IFNAR2         0.000000   0.000000   1.000000      1.000000
IFNA7_IFNAR1         0.000000   0.000000   1.000000      1.000000
IFNA7_IFNAR2         0.000000   0.000000   1.000000      1.000000
IFNA8_IFNAR1         0.000000   0.000000   1.000000      1.000000
IFNA8_IFNAR2         0.000000   0.000000   1.000000      1.000000
IFNB1_IFNAR1         0.000000   0.000000   1.000000      1.000000
IFNB1_IFNAR2         0.000000   0.000000   1.000000      1.000000
IFNW1_IFNAR1         0.000000   0.000000   1.000000      1.000000
IFNW1_IFNAR2         0.000000   0.000000   1.000000      1.000000
IGF2_IGF1R           0.000000   0.000000   1.000000      1.000000
IGF2_IGF2R           0.000000   0.000000   1.000000      1.000000
IGF2_INSR            0.000000   0.000000   1.000000      1.000000
IHH_BOC              0.000000   0.000000   1.000000      1.000000
IHH_CDON             0.000000   0.000000   1.000000      1.000000
IHH_HHIP             0.000000   0.000000   1.000000      1.000000
IHH_PTCH1            0.000000   0.000000   1.000000      1.000000
IHH_PTCH2            0.000000   0.000000   1.000000      1.000000
IL12B_IL23R          0.000000   0.000000   1.000000      1.000000
IL13_IL13RA1         0.000000   0.000000   1.000000      1.000000
IL13_IL13RA2         0.000000   0.000000   1.000000      1.000000
IL13_IL2RG           0.000000   0.000000   1.000000      1.000000
IL13_IL4R            0.000000   0.000000   1.000000      1.000000
IL16_KCNJ4           0.000000   0.000000   1.000000      1.000000
IL17A_IL17RA         0.000000   0.000000   1.000000      1.000000
IL17A_IL17RC         0.000000   0.000000   1.000000      1.000000
IL17F_IL17RA         0.000000   0.000000   1.000000      1.000000
IL18_IL1RAPL1        0.000000   0.000000   1.000000      1.000000
IL1A_IL1R1           0.000000   0.000000   1.000000      1.000000
IL1A_IL1R2           0.000000   0.000000   1.000000      1.000000
IL1A_IL1RAP          0.000000   0.000000   1.000000      1.000000
IL1F10_IL1R1         0.000000   0.000000   1.000000      1.000000
IL21_IL21R           0.000000   0.000000   1.000000      1.000000
IL21_IL2RG           0.000000   0.000000   1.000000      1.000000
IL22_IL10RA          0.000000   0.000000   1.000000      1.000000
IL22_IL10RB          0.000000   0.000000   1.000000      1.000000
IL22_IL21R           0.000000   0.000000   1.000000      1.000000
IL22_IL22RA1         0.000000   0.000000   1.000000      1.000000
IL22_IL22RA2         0.000000   0.000000   1.000000      1.000000
IL23A_IL23R          0.000000   0.000000   1.000000      1.000000
IL26_IL20RA          0.000000   0.000000   1.000000      1.000000
IL31_IL31RA          0.000000   0.000000   1.000000      1.000000
IL31_OSMR            0.000000   0.000000   1.000000      1.000000
IL3_CSF2RB           0.000000   0.000000   1.000000      1.000000
IL3_IL3RA            0.000000   0.000000   1.000000      1.000000
IL4_CD53             0.000000   0.000000   1.000000      1.000000
IL4_IL13RA1          0.000000   0.000000   1.000000      1.000000
IL4_IL13RA2          0.000000   0.000000   1.000000      1.000000
IL4_IL2RG            0.000000   0.000000   1.000000      1.000000
IL4_IL4R             0.000000   0.000000   1.000000      1.000000
IL5_CSF2RB           0.000000   0.000000   1.000000      1.000000
IL5_IL5RA            0.000000   0.000000   1.000000      1.000000
IL9_IL2RG            0.000000   0.000000   1.000000      1.000000
IL9_IL9R             0.000000   0.000000   1.000000      1.000000
INHBC_ACVR1          0.000000   0.000000   1.000000      1.000000
INHBC_ACVR1B         0.000000   0.000000   1.000000      1.000000
INHBC_ACVR2A         0.000000   0.000000   1.000000      1.000000
INHBC_ACVR2B         0.000000   0.000000   1.000000      1.000000
INHBE_ACVR1          0.000000   0.000000   1.000000      1.000000
INHBE_ACVR1B         0.000000   0.000000   1.000000      1.000000
INHBE_ACVR2A         0.000000   0.000000   1.000000      1.000000
INHBE_ENG            0.000000   0.000000   1.000000      1.000000
INSL3_RXFP2          0.000000   0.000000   1.000000      1.000000
INSL5_RXFP3          0.000000   0.000000   1.000000      1.000000
INSL5_RXFP4          0.000000   0.000000   1.000000      1.000000
INS_IGF1R            0.000000   0.000000   1.000000      1.000000
INS_INSR             0.000000   0.000000   1.000000      1.000000
INS_LRP2             0.000000   0.000000   1.000000      1.000000
ITIH2_FCER1A         0.000000   0.000000   1.000000      1.000000
KLK3_EPOR            0.000000   0.000000   1.000000      1.000000
KRTAP4-12_AQP1       0.000000   0.000000   1.000000      1.000000
KRTAP4-12_CATSPER1   0.000000   0.000000   1.000000      1.000000
KRTAP4-12_CLDN2      0.000000   0.000000   1.000000      1.000000
KRTAP4-12_CNTFR      0.000000   0.000000   1.000000      1.000000
KRTAP4-12_DLK2       0.000000   0.000000   1.000000      1.000000
KRTAP4-12_LINGO1     0.000000   0.000000   1.000000      1.000000
KRTAP4-12_PDGFRB     0.000000   0.000000   1.000000      1.000000
KRTAP4-12_PLSCR4     0.000000   0.000000   1.000000      1.000000
LACRT_SDC1           0.000000   0.000000   1.000000      1.000000
LCN1_LMBR1L          0.000000   0.000000   1.000000      1.000000
LEFTY2_ACVR2B        0.000000   0.000000   1.000000      1.000000
LHB_LHCGR            0.000000   0.000000   1.000000      1.000000
LIN7C_HTR2C          0.000000   0.000000   1.000000      1.000000
LIN7C_KCNJ4          0.000000   0.000000   1.000000      1.000000
LPA_ITGAM            0.000000   0.000000   1.000000      1.000000
LPA_ITGB2            0.000000   0.000000   1.000000      1.000000
LPA_LRP2             0.000000   0.000000   1.000000      1.000000
LRP1B_PLAUR          0.000000   0.000000   1.000000      1.000000
LTF_GP9              0.000000   0.000000   1.000000      1.000000
MATN1_ITGA1          0.000000   0.000000   1.000000      1.000000
MATN1_ITGB1          0.000000   0.000000   1.000000      1.000000
MATN1_PTPRD          0.000000   0.000000   1.000000      1.000000
MBL2_CALCR           0.000000   0.000000   1.000000      1.000000
MBL2_CD93            0.000000   0.000000   1.000000      1.000000
MDK_PTPRZ1           0.000000   0.000000   1.000000      1.000000
MEPE_PHEX            0.000000   0.000000   1.000000      1.000000
MLN_MLNR             0.000000   0.000000   1.000000      1.000000
MUC7_SELL            0.000000   0.000000   1.000000      1.000000
MYOC_FZD1            0.000000   0.000000   1.000000      1.000000
MYOC_FZD10           0.000000   0.000000   1.000000      1.000000
MYOC_FZD3            0.000000   0.000000   1.000000      1.000000
MYOC_FZD4            0.000000   0.000000   1.000000      1.000000
MYOC_FZD7            0.000000   0.000000   1.000000      1.000000
NCAN_CDH2            0.000000   0.000000   1.000000      1.000000
NCAN_SDC3            0.000000   0.000000   1.000000      1.000000
NGF_SORCS3           0.000000   0.000000   1.000000      1.000000
NLGN1_NRXN1          0.000000   0.000000   1.000000      1.000000
NLGN1_NRXN2          0.000000   0.000000   1.000000      1.000000
NLGN1_NRXN3          0.000000   0.000000   1.000000      1.000000
NLGN2_NRXN1          0.000000   0.000000   1.000000      1.000000
NLGN3_NRXN1          0.000000   0.000000   1.000000      1.000000
NMB_BRS3             0.000000   0.000000   1.000000      1.000000
NMB_NMBR             0.000000   0.000000   1.000000      1.000000
NMS_NMUR1            0.000000   0.000000   1.000000      1.000000
NMS_NMUR2            0.000000   0.000000   1.000000      1.000000
NODAL_ACVR1B         0.000000   0.000000   1.000000      1.000000
NODAL_ACVR1C         0.000000   0.000000   1.000000      1.000000
NODAL_ACVR2A         0.000000   0.000000   1.000000      1.000000
NODAL_ACVR2B         0.000000   0.000000   1.000000      1.000000
NPB_NPBWR1           0.000000   0.000000   1.000000      1.000000
NPB_NPBWR2           0.000000   0.000000   1.000000      1.000000
NPFF_NPFFR1          0.000000   0.000000   1.000000      1.000000
NPFF_NPFFR2          0.000000   0.000000   1.000000      1.000000
NPPA_NPR1            0.000000   0.000000   1.000000      1.000000
NPPA_NPR3            0.000000   0.000000   1.000000      1.000000
NPPB_NPR1            0.000000   0.000000   1.000000      1.000000
NPPB_NPR2            0.000000   0.000000   1.000000      1.000000
NPPB_NPR3            0.000000   0.000000   1.000000      1.000000
NPS_NPSR1            0.000000   0.000000   1.000000      1.000000
NPVF_NPFFR1          0.000000   0.000000   1.000000      1.000000
NPVF_NPFFR2          0.000000   0.000000   1.000000      1.000000
NPW_NPBWR1           0.000000   0.000000   1.000000      1.000000
NPW_NPBWR2           0.000000   0.000000   1.000000      1.000000
NPY_FAP              0.000000   0.000000   1.000000      1.000000
NPY_MC4R             0.000000   0.000000   1.000000      1.000000
NPY_NPFFR2           0.000000   0.000000   1.000000      1.000000
NPY_NPY1R            0.000000   0.000000   1.000000      1.000000
NPY_NPY2R            0.000000   0.000000   1.000000      1.000000
NPY_NPY4R            0.000000   0.000000   1.000000      1.000000
NPY_NPY5R            0.000000   0.000000   1.000000      1.000000
NPY_PRLHR            0.000000   0.000000   1.000000      1.000000
NTN1_UNC5D           0.000000   0.000000   1.000000      1.000000
NTN3_CDON            0.000000   0.000000   1.000000      1.000000
NTN3_NEO1            0.000000   0.000000   1.000000      1.000000
NTNG1_LRRC4C         0.000000   0.000000   1.000000      1.000000
NTS_NGFR             0.000000   0.000000   1.000000      1.000000
NTS_NTSR1            0.000000   0.000000   1.000000      1.000000
NTS_NTSR2            0.000000   0.000000   1.000000      1.000000
NTS_SORT1            0.000000   0.000000   1.000000      1.000000
NXPH1_NRXN1          0.000000   0.000000   1.000000      1.000000
NXPH2_NRXN1          0.000000   0.000000   1.000000      1.000000
NXPH3_NRXN1          0.000000   0.000000   1.000000      1.000000
OBP2A_OR1G1          0.000000   0.000000   1.000000      1.000000
OLAH_MOG             0.000000   0.000000   1.000000      1.000000
OMG_LINGO1           0.000000   0.000000   1.000000      1.000000
OMG_NGFR             0.000000   0.000000   1.000000      1.000000
OMG_RTN4R            0.000000   0.000000   1.000000      1.000000
OMG_RTN4RL1          0.000000   0.000000   1.000000      1.000000
OMG_TNFRSF1B         0.000000   0.000000   1.000000      1.000000
OSTN_NPR3            0.000000   0.000000   1.000000      1.000000
OXT_AVPR1B           0.000000   0.000000   1.000000      1.000000
PDGFB_ART1           0.000000   0.000000   1.000000      1.000000
PDX1_SLC2A2          0.000000   0.000000   1.000000      1.000000
PDYN_OPRD1           0.000000   0.000000   1.000000      1.000000
PDYN_OPRK1           0.000000   0.000000   1.000000      1.000000
PDYN_OPRM1           0.000000   0.000000   1.000000      1.000000
PENK_MRGPRX1         0.000000   0.000000   1.000000      1.000000
PENK_OPRK1           0.000000   0.000000   1.000000      1.000000
PENK_OPRM1           0.000000   0.000000   1.000000      1.000000
PF4_CXCR3            0.000000   0.000000   1.000000      1.000000
PF4_FGFR2            0.000000   0.000000   1.000000      1.000000
PF4_LDLR             0.000000   0.000000   1.000000      1.000000
PF4_PROCR            0.000000   0.000000   1.000000      1.000000
PF4_SDC2             0.000000   0.000000   1.000000      1.000000
PF4_THBD             0.000000   0.000000   1.000000      1.000000
PLG_F2R              0.000000   0.000000   1.000000      1.000000
PLG_F2RL1            0.000000   0.000000   1.000000      1.000000
PLG_F3               0.000000   0.000000   1.000000      1.000000
PLG_FLT1             0.000000   0.000000   1.000000      1.000000
PLG_ITGA9            0.000000   0.000000   1.000000      1.000000
PLG_ITGAM            0.000000   0.000000   1.000000      1.000000
PLG_ITGB1            0.000000   0.000000   1.000000      1.000000
PLG_ITGB2            0.000000   0.000000   1.000000      1.000000
PLG_PLAUR            0.000000   0.000000   1.000000      1.000000
PLG_PLGRKT           0.000000   0.000000   1.000000      1.000000
PMCH_MCHR2           0.000000   0.000000   1.000000      1.000000
POMC_MC2R            0.000000   0.000000   1.000000      1.000000
POMC_MC3R            0.000000   0.000000   1.000000      1.000000
POMC_MC4R            0.000000   0.000000   1.000000      1.000000
POMC_MC5R            0.000000   0.000000   1.000000      1.000000
POMC_OPRK1           0.000000   0.000000   1.000000      1.000000
POMC_OPRM1           0.000000   0.000000   1.000000      1.000000
PPBP_CXCR1           0.000000   0.000000   1.000000      1.000000
PPBP_CXCR2           0.000000   0.000000   1.000000      1.000000
PPY_NPY1R            0.000000   0.000000   1.000000      1.000000
PPY_NPY2R            0.000000   0.000000   1.000000      1.000000
PPY_NPY4R            0.000000   0.000000   1.000000      1.000000
PPY_NPY5R            0.000000   0.000000   1.000000      1.000000
PRLH_PRLHR           0.000000   0.000000   1.000000      1.000000
PRL_PRLR             0.000000   0.000000   1.000000      1.000000
PROK1_PROKR1         0.000000   0.000000   1.000000      1.000000
PROK1_PROKR2         0.000000   0.000000   1.000000      1.000000
PROK2_PROKR1         0.000000   0.000000   1.000000      1.000000
PROK2_PROKR2         0.000000   0.000000   1.000000      1.000000
PSPN_GFRA4           0.000000   0.000000   1.000000      1.000000
PTGS2_PTGDR2         0.000000   0.000000   1.000000      1.000000
PTHLH_PRLHR          0.000000   0.000000   1.000000      1.000000
PTH_PTH1R            0.000000   0.000000   1.000000      1.000000
PTH_PTH2R            0.000000   0.000000   1.000000      1.000000
PTN_PTPRZ1           0.000000   0.000000   1.000000      1.000000
PYY_NPY2R            0.000000   0.000000   1.000000      1.000000
PYY_NPY4R            0.000000   0.000000   1.000000      1.000000
QRFP_P2RY14          0.000000   0.000000   1.000000      1.000000
QRFP_QRFPR           0.000000   0.000000   1.000000      1.000000
RAET1E_KLRK1         0.000000   0.000000   1.000000      1.000000
RBP3_NOTCH1          0.000000   0.000000   1.000000      1.000000
REN_ASIC3            0.000000   0.000000   1.000000      1.000000
REN_ATP6AP2          0.000000   0.000000   1.000000      1.000000
RIMS1_SLC18A3        0.000000   0.000000   1.000000      1.000000
RLN1_RXFP2           0.000000   0.000000   1.000000      1.000000
RLN2_RXFP2           0.000000   0.000000   1.000000      1.000000
RLN3_RXFP1           0.000000   0.000000   1.000000      1.000000
RLN3_RXFP2           0.000000   0.000000   1.000000      1.000000
RLN3_RXFP3           0.000000   0.000000   1.000000      1.000000
RLN3_RXFP4           0.000000   0.000000   1.000000      1.000000
RPH3A_NRXN1          0.000000   0.000000   1.000000      1.000000
RSPO2_LGR4           0.000000   0.000000   1.000000      1.000000
RSPO2_LGR5           0.000000   0.000000   1.000000      1.000000
RSPO2_LGR6           0.000000   0.000000   1.000000      1.000000
SCGB1A1_LMBR1L       0.000000   0.000000   1.000000      1.000000
SCGB1A1_LRP2         0.000000   0.000000   1.000000      1.000000
SCGB3A2_MARCO        0.000000   0.000000   1.000000      1.000000
SCT_SCTR             0.000000   0.000000   1.000000      1.000000
SERPINA7_SLC16A2     0.000000   0.000000   1.000000      1.000000
SFTPA1_TLR2          0.000000   0.000000   1.000000      1.000000
SHANK1_ABCA1         0.000000   0.000000   1.000000      1.000000
SHANK1_SSTR2         0.000000   0.000000   1.000000      1.000000
SHH_BOC              0.000000   0.000000   1.000000      1.000000
SHH_CDON             0.000000   0.000000   1.000000      1.000000
SHH_GPC5             0.000000   0.000000   1.000000      1.000000
SHH_HHIP             0.000000   0.000000   1.000000      1.000000
SHH_LRP2             0.000000   0.000000   1.000000      1.000000
SHH_PTCH1            0.000000   0.000000   1.000000      1.000000
SHH_PTCH2            0.000000   0.000000   1.000000      1.000000
SHH_SMO              0.000000   0.000000   1.000000      1.000000
SOST_LRP5            0.000000   0.000000   1.000000      1.000000
SOST_LRP6            0.000000   0.000000   1.000000      1.000000
SPINK1_NRSN1         0.000000   0.000000   1.000000      1.000000
SST_SSTR4            0.000000   0.000000   1.000000      1.000000
SST_SSTR5            0.000000   0.000000   1.000000      1.000000
SYTL3_NRXN1          0.000000   0.000000   1.000000      1.000000
TAC1_TACR3           0.000000   0.000000   1.000000      1.000000
TAC3_TACR1           0.000000   0.000000   1.000000      1.000000
TAC3_TACR2           0.000000   0.000000   1.000000      1.000000
TAC3_TACR3           0.000000   0.000000   1.000000      1.000000
TAC4_TACR1           0.000000   0.000000   1.000000      1.000000
TAC4_TACR2           0.000000   0.000000   1.000000      1.000000
TAC4_TACR3           0.000000   0.000000   1.000000      1.000000
THPO_MPL             0.000000   0.000000   1.000000      1.000000
TIMP3_AGTR2          0.000000   0.000000   1.000000      1.000000
TNC_PTPRZ1           0.000000   0.000000   1.000000      1.000000
TNFSF14_TNFRSF6B     0.000000   0.000000   1.000000      1.000000
TNFSF15_TNFRSF6B     0.000000   0.000000   1.000000      1.000000
TPH1_HTR1A           0.000000   0.000000   1.000000      1.000000
TPH1_HTR1B           0.000000   0.000000   1.000000      1.000000
TPH1_HTR1E           0.000000   0.000000   1.000000      1.000000
TPH1_HTR2C           0.000000   0.000000   1.000000      1.000000
TPH1_HTR4            0.000000   0.000000   1.000000      1.000000
TPH1_HTR5A           0.000000   0.000000   1.000000      1.000000
TPH1_HTR6            0.000000   0.000000   1.000000      1.000000
TRH_TRHR             0.000000   0.000000   1.000000      1.000000
TSHB_TSHR            0.000000   0.000000   1.000000      1.000000
UBA52_FSHR           0.000000   0.000000   1.000000      1.000000
UCN2_CRHR1           0.000000   0.000000   1.000000      1.000000
UCN2_CRHR2           0.000000   0.000000   1.000000      1.000000
UCN3_CRHR1           0.000000   0.000000   1.000000      1.000000
UCN3_CRHR2           0.000000   0.000000   1.000000      1.000000
UCN3_IL10RB          0.000000   0.000000   1.000000      1.000000
UCN_CRHR1            0.000000   0.000000   1.000000      1.000000
UCN_CRHR2            0.000000   0.000000   1.000000      1.000000
ULBP2_KLRK1          0.000000   0.000000   1.000000      1.000000
UTS2B_UTS2R          0.000000   0.000000   1.000000      1.000000
UTS2_UTS2R           0.000000   0.000000   1.000000      1.000000
VIP_SCTR             0.000000   0.000000   1.000000      1.000000
WNT16_FZD6           0.000000   0.000000   1.000000      1.000000
WNT1_FZD1            0.000000   0.000000   1.000000      1.000000
WNT1_FZD3            0.000000   0.000000   1.000000      1.000000
WNT1_FZD5            0.000000   0.000000   1.000000      1.000000
WNT1_FZD7            0.000000   0.000000   1.000000      1.000000
WNT1_FZD8            0.000000   0.000000   1.000000      1.000000
WNT1_FZD9            0.000000   0.000000   1.000000      1.000000
WNT1_LRP5            0.000000   0.000000   1.000000      1.000000
WNT1_LRP6            0.000000   0.000000   1.000000      1.000000
WNT1_RYK             0.000000   0.000000   1.000000      1.000000
YARS_CXCR1           0.000000   0.000000   1.000000      1.000000
LTA_CACHD1          -0.000017   0.037180   0.466533      1.000000
C4B_CR1             -0.000029  -0.040365   0.463536      1.000000
IL16_GRIN2D         -0.000037   0.010626   0.491508      1.000000
PTHLH_PTH1R         -0.000060  -0.005849   0.482517      1.000000
TNC_SDC1            -0.000083  -0.028370   0.513487      1.000000
TNFSF11_TNFRSF11B   -0.000096  -0.058610   0.472527      1.000000
IGFL1_IGFLR1        -0.000128  -0.041071   0.503497      1.000000
VEGFA_ITGA9         -0.000128   0.019982   0.487512      1.000000
COL9A1_MAG          -0.000132  -0.069617   0.471528      1.000000
INHA_ACVR1          -0.000230  -0.086290   0.531469      1.000000
WNT4_FZD6           -0.000250  -0.081175   0.537463      1.000000
GNAI2_CHRM1         -0.000270  -0.048155   0.501499      1.000000
IL12A_IL12RB2       -0.000278  -0.084122   0.463536      1.000000
CCL20_CXCR3         -0.000372  -0.104583   0.523477      1.000000
CALM1_MYLK2         -0.000380  -0.056186   0.531469      1.000000
TNFSF13_SDC2        -0.000407  -0.060340   0.513487      1.000000
FGF13_EGFR          -0.000417  -0.060865   0.506494      1.000000
NXPH3_NRXN2         -0.000440  -0.089187   0.515485      1.000000
IL2_IL2RB           -0.000474  -0.078734   0.487512      1.000000
RSPO1_LGR4          -0.000486  -0.171786   0.551449      1.000000
MMP13_LRP1          -0.000500  -0.125540   0.542458      1.000000
GNAS_VIPR1          -0.000555  -0.155705   0.548452      1.000000
BMP2_ACVR1          -0.000560  -0.136826   0.520480      1.000000
TFPI_VLDLR          -0.000561  -0.129260   0.532468      1.000000
MUC2_AGR2           -0.000629  -0.103339   0.558442      1.000000
SPP1_ITGA4          -0.000675  -0.137269   0.550450      1.000000
IFNG_IFNGR2         -0.000734  -0.100159   0.537463      1.000000
THPO_SIRPB1         -0.000743  -0.172595   0.563437      1.000000
BMP8B_ACVR2A        -0.000744  -0.221311   0.579421      1.000000
IGFL3_IGFLR1        -0.000746  -0.120995   0.536464      1.000000
CCL21_ACKR4         -0.000770  -0.173577   0.539461      1.000000
FARP2_PLXNA2        -0.000786  -0.126862   0.544456      1.000000
EFNA4_EPHA6         -0.000813  -0.237829   0.602398      1.000000
HGF_CD44            -0.000819  -0.143067   0.564436      1.000000
NID1_ITGA3          -0.000832  -0.150311   0.554446      1.000000
THBS1_ITGA4         -0.000864  -0.233283   0.592408      1.000000
FGF10_FGFR2         -0.000871  -0.178588   0.530470      1.000000
NRG1_ERBB4          -0.000874  -0.209136   0.552448      1.000000
ADCYAP1_VIPR1       -0.000882  -0.227793   0.560440      1.000000
EFNB3_EPHB1         -0.000894  -0.239504   0.552448      1.000000
LAMA1_ITGB4         -0.000910  -0.195012   0.576424      1.000000
LPL_VLDLR           -0.000911  -0.146040   0.535465      1.000000
THBS1_ITGB3         -0.000921  -0.205728   0.566434      1.000000
CCL8_CCR2           -0.000971  -0.177579   0.553447      1.000000
ZP3_EGFR            -0.001002  -0.207591   0.568432      1.000000
PYY_NPY5R           -0.001007  -0.200353   0.544456      1.000000
VIP_VIPR1           -0.001014  -0.225900   0.565435      1.000000
GDF6_BMPR1A         -0.001094  -0.199673   0.557443      1.000000
EFNB1_EPHA4         -0.001101  -0.267755   0.606394      1.000000
HDC_HRH2            -0.001122  -0.232821   0.564436      1.000000
VTN_TNFRSF11B       -0.001146  -0.223774   0.521479      1.000000
GZMB_PGRMC1         -0.001151  -0.300248   0.610390      1.000000
TNFSF9_TNFRSF9      -0.001157  -0.251657   0.554446      1.000000
PTN_CDH10           -0.001163  -0.210205   0.569431      1.000000
TGM2_ITGA4          -0.001197  -0.210361   0.574426      1.000000
WNT7B_FZD1          -0.001218  -0.264098   0.606394      1.000000
UCN2_IL10RB         -0.001221  -0.275011   0.579421      1.000000
BMP3_ACVR1          -0.001230  -0.299840   0.589411      1.000000
ADAM15_ITGA9        -0.001233  -0.254933   0.596404      1.000000
BMP8B_BMPR1B        -0.001253  -0.282199   0.596404      1.000000
BMP2_ACVR2A         -0.001262  -0.233630   0.570430      1.000000
EDA_EDA2R           -0.001279  -0.314347   0.564436      1.000000
ARTN_GFRA3          -0.001301  -0.300908   0.588412      1.000000
CHAD_ITGB1          -0.001302  -0.285163   0.620380      1.000000
IL11_IL11RA         -0.001304  -0.289593   0.598402      1.000000
TGFA_EGFR           -0.001325  -0.306769   0.622378      1.000000
RTN4_CNTNAP1        -0.001356  -0.329952   0.620380      1.000000
TPH1_HTR2B          -0.001361  -0.303936   0.544456      1.000000
GHRL_GPR39          -0.001384  -0.295401   0.573427      1.000000
RSPO3_LGR4          -0.001386  -0.349787   0.622378      1.000000
TF_GPR162           -0.001387  -0.310308   0.601399      1.000000
XCL1_XCR1           -0.001433  -0.319975   0.568432      1.000000
APLN_APLNR          -0.001433  -0.337590   0.627373      1.000000
WNT3_FZD8           -0.001454  -0.299359   0.612388      1.000000
LAMC2_ITGA6         -0.001483  -0.296866   0.601399      1.000000
CNTN2_NRCAM         -0.001516  -0.322111   0.549451      1.000000
FGF22_FGFR2         -0.001523  -0.392526   0.631369      1.000000
KNG1_BDKRB2         -0.001551  -0.285455   0.580420      1.000000
AGT_AGTR1           -0.001574  -0.376428   0.583417      1.000000
KNG1_RXFP4          -0.001580  -0.377154   0.559441      1.000000
EFNA3_EPHA8         -0.001596  -0.411206   0.653347      1.000000
MMP1_CD44           -0.001598  -0.364033   0.639361      1.000000
HP_ASGR1            -0.001617  -0.345005   0.597403      1.000000
PTN_ALK             -0.001623  -0.310469   0.578422      1.000000
MDK_ALK             -0.001627  -0.393157   0.650350      1.000000
BMP6_BMPR1A         -0.001651  -0.363347   0.637363      1.000000
HSP90B1_TLR1        -0.001653  -0.352590   0.656344      1.000000
TDGF1_ACVR1C        -0.001685  -0.361737   0.501499      1.000000
IFNL2_IFNLR1        -0.001692  -0.325808   0.559441      1.000000
ORM1_CCR5           -0.001701  -0.327576   0.600400      1.000000
ICAM1_CAV1          -0.001769  -0.362001   0.631369      1.000000
NOV_NOTCH1          -0.001769  -0.363779   0.636364      1.000000
TF_TFRC             -0.001815  -0.397930   0.648352      1.000000
CCL17_CCR4          -0.001841  -0.423029   0.606394      1.000000
NRG1_GPC1           -0.001862  -0.360087   0.640360      1.000000
SEMA4A_PLXND1       -0.001906  -0.367326   0.640360      1.000000
EFNA5_EPHA7         -0.001926  -0.312515   0.603397      1.000000
NMU_NMUR1           -0.001928  -0.459525   0.631369      1.000000
SCT_VIPR2           -0.001933  -0.421785   0.630370      1.000000
CAMP_EGFR           -0.001948  -0.431044   0.635365      1.000000
NGF_MAGED1          -0.001982  -0.449386   0.675325      1.000000
CALM1_PTH2R         -0.001990  -0.380391   0.656344      1.000000
NCAM1_FGFR1         -0.001993  -0.411491   0.666334      1.000000
PTH2_PTH1R          -0.001994  -0.419610   0.622378      1.000000
CXCL6_CXCR2         -0.002032  -0.461970   0.778222      1.000000
ADM2_CALCR          -0.002038  -0.464285   0.643357      1.000000
INHBB_ACVR2A        -0.002054  -0.473428   0.683317      1.000000
IL24_IL22RA1        -0.002059  -0.431089   0.637363      1.000000
WNT3A_FZD1          -0.002135  -0.454986   0.657343      1.000000
HLA-G_KIR2DL4       -0.002147  -0.466751   0.510490      1.000000
CCL3_ACKR2          -0.002149  -0.466493   0.672328      1.000000
IL24_IL20RB         -0.002174  -0.454925   0.657343      1.000000
CCL25_CCR10         -0.002196  -0.507108   0.643357      1.000000
RSPO4_LGR6          -0.002212  -0.464504   0.645355      1.000000
BMP4_ACVR2B         -0.002219  -0.376599   0.631369      1.000000
PENK_OPRD1          -0.002224  -0.498507   0.635365      1.000000
BMP2_BMPR1A         -0.002233  -0.479455   0.679321      1.000000
CORT_SSTR1          -0.002239  -0.443978   0.791209      1.000000
IL12A_CD28          -0.002247  -0.458420   0.649351      1.000000
NTNG2_LRRC4         -0.002247  -0.469547   0.639361      1.000000
ADCYAP1_ADCYAP1R1   -0.002263  -0.524305   0.743257      1.000000
CXCL5_CXCR2         -0.002275  -0.428439   0.803197      1.000000
DLL1_NOTCH4         -0.002298  -0.465852   0.677323      1.000000
GH1_GHR             -0.002299  -0.472864   0.616384      1.000000
ADAM23_ITGB3        -0.002299  -0.510965   0.637363      1.000000
WNT7A_FZD9          -0.002312  -0.502589   0.641359      1.000000
LAMA1_ITGA3         -0.002321  -0.495219   0.687313      1.000000
OXT_OXTR            -0.002326  -0.531937   0.692308      1.000000
ICAM4_ITGA2B        -0.002328  -0.497069   0.662338      1.000000
TPH1_HTR2A          -0.002332  -0.480163   0.556444      1.000000
INHA_ACVR2A         -0.002332  -0.493179   0.682318      1.000000
ICAM4_ITGB3         -0.002334  -0.475846   0.519481      1.000000
GPHA2_TSHR          -0.002348  -0.504070   0.677323      1.000000
RLN1_RXFP1          -0.002360  -0.505746   0.464535      1.000000
C3_CD81             -0.002400  -0.504759   0.694306      1.000000
HLA-G_KLRC1         -0.002401  -0.547635   0.665335      1.000000
LAMB1_ITGA2         -0.002412  -0.508037   0.688312      1.000000
NTF4_NGFR           -0.002421  -0.511791   0.660340      1.000000
SEMA6A_PLXNA4       -0.002437  -0.512399   0.679321      1.000000
HLA-G_KLRD1         -0.002440  -0.530324   0.684316      1.000000
VEGFC_KDR           -0.002442  -0.550660   0.701299      1.000000
SLIT2_ROBO2         -0.002468  -0.523171   0.682318      1.000000
IL24_IL20RA         -0.002474  -0.535110   0.691309      1.000000
IL2_NGFR            -0.002478  -0.484477   0.649351      1.000000
KISS1_MMP24         -0.002498  -0.536948   0.640360      1.000000
LPL_SDC1            -0.002500  -0.512739   0.679321      1.000000
TNFSF11_TNFRSF11A   -0.002505  -0.603777   0.716284      1.000000
VTN_ITGB6           -0.002507  -0.530275   0.668332      1.000000
DKK2_KREMEN2        -0.002519  -0.515648   0.660340      1.000000
VTN_ITGB5           -0.002536  -0.507750   0.696304      1.000000
ASIP_MC1R           -0.002548  -0.525280   0.698302      1.000000
SLIT3_ROBO2         -0.002568  -0.555279   0.717283      1.000000
C4A_C3AR1           -0.002600  -0.511720   0.691309      1.000000
ADCYAP1_VIPR2       -0.002600  -0.544896   0.623377      1.000000
IL1RN_IL1R2         -0.002616  -0.607515   0.728272      1.000000
C4BPA_BMPR2         -0.002638  -0.595306   0.724276      1.000000
SCGB3A1_MARCO       -0.002649  -0.568753   0.692308      1.000000
BMP3_ACVR2B         -0.002658  -0.518435   0.665335      1.000000
TPH1_HTR1F          -0.002667  -0.560428   0.683317      1.000000
AGRP_SDC3           -0.002715  -0.602743   0.715285      1.000000
PMCH_MCHR1          -0.002767  -0.590509   0.692308      1.000000
TG_ASGR1            -0.002808  -0.578068   0.700300      1.000000
COL4A3_ITGA2        -0.002821  -0.598428   0.714286      1.000000
COL6A1_ITGB1        -0.002846  -0.605728   0.725275      1.000000
BMP4_BMPR1B         -0.002850  -0.611861   0.722278      1.000000
BMP3_BMPR1B         -0.002877  -0.623727   0.692308      1.000000
CNTN2_NRP1          -0.002889  -0.668704   0.740260      1.000000
PTH2_PTH2R          -0.002902  -0.619728   0.696304      1.000000
RSPO1_ZNRF3         -0.002916  -0.635003   0.727273      1.000000
FST_BMPR1B          -0.002927  -0.592452   0.695305      1.000000
CCL14_CCR1          -0.002927  -0.579936   0.699301      1.000000
L1CAM_EPHB2         -0.002937  -0.691576   0.749251      1.000000
CCL15_CCR1          -0.002971  -0.654278   0.726274      1.000000
FGF2_SDC2           -0.002981  -0.639164   0.728272      1.000000
RIMS1_CACNA1C       -0.003013  -0.670727   0.742258      1.000000
WNT2_FZD5           -0.003016  -0.579543   0.698302      1.000000
HCRT_NPFFR2         -0.003023  -0.644499   0.876124      1.000000
GDF7_BMPR1A         -0.003029  -0.647221   0.725275      1.000000
BMP3_BMPR2          -0.003041  -0.690897   0.738262      1.000000
HLA-C_LILRB1        -0.003054  -0.613605   0.753247      1.000000
GDF11_ACVR1B        -0.003062  -0.667001   0.751249      1.000000
TNFSF10_TNFRSF10C   -0.003066  -0.680562   0.748252      1.000000
DKK1_KREMEN2        -0.003086  -0.656753   0.754246      1.000000
PTHLH_PTH2R         -0.003099  -0.661581   0.713287      1.000000
CCL8_ACKR4          -0.003100  -0.698578   0.751249      1.000000
CXCL2_XCR1          -0.003143  -0.671526   0.746254      1.000000
IGFBP4_FZD8         -0.003156  -0.691777   0.750250      1.000000
EFNA3_EPHA3         -0.003196  -0.717991   0.764236      1.000000
SEMA3A_PLXNA4       -0.003212  -0.702074   0.760240      1.000000
FGF10_FGFR3         -0.003215  -0.631795   0.721279      1.000000
SEMA3C_NRP2         -0.003221  -0.692060   0.737263      1.000000
CCL27_CCR10         -0.003223  -0.712884   0.752248      1.000000
RSPO3_LGR6          -0.003247  -0.704060   0.736264      1.000000
COL4A3_ITGB1        -0.003256  -0.720973   0.761239      1.000000
RSPO4_LGR5          -0.003292  -0.673989   0.735265      1.000000
DLL3_NOTCH1         -0.003310  -0.693425   0.754246      1.000000
TNF_SLC5A11         -0.003317  -0.693142   0.751249      1.000000
EFNB2_EPHA6         -0.003318  -0.701823   0.747253      1.000000
PTGS2_ALOX5         -0.003344  -0.725614   0.762238      1.000000
OSM_IL6ST           -0.003349  -0.669535   0.745255      1.000000
VTN_ITGA8           -0.003354  -0.702524   0.756244      1.000000
GSTP1_TRAF2         -0.003359  -0.652576   0.742258      1.000000
GDF9_ACVR2A         -0.003366  -0.732088   0.760240      1.000000
EFNA3_EPHB1         -0.003372  -0.713001   0.751249      1.000000
TNFSF8_TNFRSF8      -0.003385  -0.720167   0.761239      1.000000
FGF9_FGFR2          -0.003394  -0.701510   0.753247      1.000000
PON2_HTR2A          -0.003441  -0.705821   0.740260      1.000000
VIP_VIPR2           -0.003448  -0.737427   0.784216      1.000000
ICAM4_RHAG          -0.003456  -0.740280   0.975025      1.000000
PNOC_OPRL1          -0.003466  -0.714250   0.752248      1.000000
VTN_ITGA2B          -0.003469  -0.765230   0.753247      1.000000
LTBP3_ITGB5         -0.003475  -0.692132   0.757243      1.000000
PDGFC_FLT4          -0.003477  -0.747755   0.771229      1.000000
GAD1_GRM4           -0.003486  -0.800756   0.786214      1.000000
HRAS_TLR9           -0.003520  -0.800551   0.774226      1.000000
EFNA4_EPHA3         -0.003527  -0.797844   0.774226      1.000000
IL12A_IL12RB1       -0.003538  -0.745063   0.766234      1.000000
UBA52_BMPR1B        -0.003545  -0.817619   0.802198      1.000000
SST_SSTR3           -0.003548  -0.761163   0.997003      1.000000
CLCF1_IL6ST         -0.003567  -0.833609   0.804196      1.000000
IL23A_IL12RB1       -0.003603  -0.800536   0.790210      1.000000
NMU_NMUR2           -0.003647  -0.784345   0.768232      1.000000
CNTN2_CNTN1         -0.003667  -0.761506   0.767233      1.000000
RSPO3_LRP6          -0.003676  -0.721359   0.762238      1.000000
PLAT_LRP1           -0.003705  -0.763374   0.789211      1.000000
THBS1_ITGA2B        -0.003720  -0.777881   0.790210      1.000000
EFNB1_ERBB2         -0.003728  -0.831773   0.791209      1.000000
PYY_NPY1R           -0.003747  -0.850870   0.785215      1.000000
MADCAM1_ITGA4       -0.003759  -0.831661   0.793207      1.000000
WNT7A_FZD10         -0.003773  -0.808424   0.793207      1.000000
TNFSF18_TNFRSF18    -0.003777  -0.817175   0.796204      1.000000
L1CAM_CNTN1         -0.003808  -0.784827   0.777223      1.000000
WNT2_FZD9           -0.003913  -0.821561   0.772228      1.000000
FGF2_GPC4           -0.003957  -0.847004   0.793207      1.000000
NPPC_NPR3           -0.003969  -0.814611   0.781219      1.000000
CALM1_GP6           -0.004030  -0.788420   0.789211      1.000000
CNTN2_CNTNAP2       -0.004054  -0.879606   0.800200      1.000000
EGF_ERBB4           -0.004054  -0.841363   0.795205      1.000000
CALM1_KCNQ1         -0.004072  -0.820698   0.797203      1.000000
OXT_AVPR2           -0.004076  -0.850537   0.807193      1.000000
LAMA5_ITGA6         -0.004087  -0.861506   0.813187      1.000000
PROS1_TYRO3         -0.004116  -0.886009   0.811189      1.000000
F12_GP1BA           -0.004146  -0.852866   0.800200      1.000000
ARF1_PLD2           -0.004155  -0.896010   0.817183      1.000000
TPH1_HTR1D          -0.004162  -0.906048   0.893107      1.000000
LIPH_LPAR1          -0.004171  -0.901092   0.815185      1.000000
TPH1_HTR7           -0.004175  -0.864080   0.869131      1.000000
DLK1_NOTCH1         -0.004185  -0.872620   0.800200      1.000000
HBEGF_EGFR          -0.004224  -0.880753   0.799201      1.000000
EFNA3_EPHA2         -0.004233  -0.903526   0.816184      1.000000
CCL7_CCR2           -0.004236  -0.897113   0.814186      1.000000
PENK_OGFR           -0.004239  -0.849299   0.804196      1.000000
VEGFA_KDR           -0.004281  -0.885108   0.815185      1.000000
TNFSF13_TNFRSF1A    -0.004302  -0.918251   0.814186      1.000000
FGF19_FGFR2         -0.004312  -0.909692   0.820180      1.000000
IL27_IL27RA         -0.004313  -0.888037   0.813187      1.000000
SERPINC1_LRP1       -0.004314  -0.939893   0.828172      1.000000
TGFB3_TGFBR1        -0.004357  -0.932893   0.830170      1.000000
GNAS_TSHR           -0.004376  -0.892631   0.806194      1.000000
EBI3_IL6ST          -0.004407  -0.961513   0.830170      1.000000
LIPH_LPAR4          -0.004415  -0.907619   0.810190      1.000000
SEMA4F_NRP2         -0.004449  -0.984523   0.837163      1.000000
ANXA1_FPR2          -0.004456  -0.956162   0.849151      1.000000
SEMA4D_MET          -0.004463  -0.948460   0.832168      1.000000
FGF1_CD44           -0.004492  -0.966608   0.835165      1.000000
VEGFA_ITGAV         -0.004525  -0.932678   0.825175      1.000000
NTN4_DCC            -0.004528  -0.933728   0.823177      1.000000
DEFB1_CCR6          -0.004561  -0.967150   0.839161      1.000000
HDC_HRH4            -0.004576  -0.939145   0.855145      1.000000
DLK2_NOTCH1         -0.004577  -0.996931   0.844156      1.000000
GDF9_FXYD6          -0.004607  -1.019600   0.853147      1.000000
IL10_IL10RB         -0.004640  -1.030167   0.849151      1.000000
SEMA6D_PLXNA1       -0.004651  -0.969965   0.836164      1.000000
WNT2_LRP6           -0.004718  -1.007084   0.843157      1.000000
TNF_TRAF2           -0.004730  -1.044736   0.849151      1.000000
DUSP18_ITGA3        -0.004739  -1.039722   0.855145      1.000000
EFNA4_EPHA7         -0.004740  -1.028102   0.847153      1.000000
LAMA1_ITGB8         -0.004772  -1.030531   0.854146      1.000000
NXPH1_NRXN3         -0.004793  -1.020930   0.848152      1.000000
CCL13_ACKR2         -0.004807  -1.009053   0.842158      1.000000
TNFSF13_FAS         -0.004814  -1.055712   0.859141      1.000000
CALCA_CALCRL        -0.004843  -1.037414   0.843157      1.000000
HSP90B1_ASGR1       -0.004846  -1.010541   0.839161      1.000000
VTN_ITGAV           -0.004890  -1.097529   0.865135      1.000000
SORBS1_ITGA1        -0.004918  -1.044034   0.852148      1.000000
EFNB2_EPHB1         -0.004950  -1.009361   0.854146      1.000000
LTA_LTBR            -0.004980  -1.099187   0.861139      1.000000
NDP_FZD4            -0.004981  -1.076157   0.867133      1.000000
BMP3_ACVR2A         -0.004984  -1.055477   0.873127      1.000000
ICAM1_EGFR          -0.005013  -1.055000   0.852148      1.000000
NTF3_NTRK3          -0.005015  -1.095997   0.981019      1.000000
KITLG_KIT           -0.005025  -1.068613   0.857143      1.000000
HLA-G_LILRB1        -0.005047  -1.040199   0.874126      1.000000
ANGPT1_TIE1         -0.005061  -1.010283   0.854146      1.000000
EDN2_KEL            -0.005103  -1.158675   0.883117      1.000000
PDGFB_ITGAV         -0.005121  -1.011703   0.836164      1.000000
FGF19_FGFR4         -0.005125  -1.049646   0.851149      1.000000
CAMP_P2RX7          -0.005143  -1.055893   0.860140      1.000000
INHBB_ACVR1C        -0.005152  -1.113801   0.875125      1.000000
ADAM9_ITGAV         -0.005153  -1.157246   0.884116      1.000000
POMC_OPRD1          -0.005161  -1.072549   0.864136      1.000000
RTN4_RTN4R          -0.005164  -1.125560   0.872128      1.000000
RELN_ITGB1          -0.005178  -1.124791   0.873127      1.000000
INHBA_ACVR1B        -0.005256  -1.096821   0.865135      1.000000
LEP_LEPR            -0.005318  -1.173045   0.904096      1.000000
LAMC2_ITGB1         -0.005319  -1.124801   0.874126      1.000000
LAMA1_GPC1          -0.005354  -1.115848   0.859141      1.000000
NTF4_NTRK1          -0.005384  -1.165112   0.923077      1.000000
ADAM9_ITGA6         -0.005421  -1.135524   0.873127      1.000000
NRG1_ERBB3          -0.005457  -1.164126   0.884116      1.000000
VTN_PLAUR           -0.005465  -1.167027   0.878122      1.000000
EFNA3_EPHA7         -0.005467  -1.147698   0.876124      1.000000
CCL13_CCR1          -0.005470  -1.194315   0.891109      1.000000
SERPINE1_ITGB5      -0.005481  -1.135284   0.857143      1.000000
INHBB_ACVR1         -0.005521  -1.192359   0.889111      1.000000
LAMA2_ITGA2         -0.005553  -1.121133   0.867133      1.000000
COL4A6_ITGA2        -0.005560  -1.201821   0.907093      1.000000
RELN_VLDLR          -0.005571  -1.192973   0.906094      1.000000
CLCF1_CNTFR         -0.005596  -1.218342   0.904096      1.000000
NRG4_ERBB2          -0.005617  -1.120022   0.857143      1.000000
FN1_TSHR            -0.005649  -1.220385   0.879121      1.000000
CCL11_ACKR4         -0.005671  -1.173656   0.892108      1.000000
ADM_CALCRL          -0.005687  -1.293047   0.905095      1.000000
FGF17_FGFR4         -0.005694  -1.251225   0.906094      1.000000
TG_LRP2             -0.005712  -1.223145   0.889111      1.000000
RSPO1_LRP6          -0.005715  -1.214125   0.888112      1.000000
VWF_GP1BA           -0.005725  -1.164218   0.868132      1.000000
ADM2_RAMP1          -0.005791  -1.238175   0.899101      1.000000
CLEC3A_CLEC10A      -0.005794  -1.261871   0.910090      1.000000
AGRN_ATP1A3         -0.005799  -1.288549   0.901099      1.000000
COL4A1_ITGB8        -0.005861  -1.275390   0.888112      1.000000
SAA1_SCARB1         -0.005896  -1.243812   0.878122      1.000000
GZMB_CHRM3          -0.005901  -1.227512   0.904096      1.000000
IL1B_IL1R1          -0.005954  -1.294039   0.902098      1.000000
CALM1_ADCYAP1R1     -0.005956  -1.246361   0.890110      1.000000
HBEGF_PRLR          -0.005965  -1.255326   0.899101      1.000000
AMH_AMHR2           -0.005977  -1.262336   0.908092      1.000000
C4A_CR1             -0.006000  -1.241589   0.904096      1.000000
CCL7_CXCR3          -0.006109  -1.248865   0.898102      1.000000
LTF_LRP11           -0.006125  -1.274966   0.903097      1.000000
GDF9_ORAI2          -0.006156  -1.348124   0.913087      1.000000
GDF11_ACVR2A        -0.006190  -1.233310   0.898102      1.000000
VEGFC_ITGB1         -0.006198  -1.285132   0.906094      1.000000
IL11_IL6ST          -0.006202  -1.389955   0.906094      1.000000
CCL2_ACKR4          -0.006299  -1.373695   0.924076      1.000000
FGF1_FGFR3          -0.006343  -1.382128   0.914086      1.000000
FN1_ITGB8           -0.006359  -1.367895   0.922078      1.000000
DUSP18_CD151        -0.006389  -1.392188   0.925075      1.000000
WNT5A_FZD4          -0.006416  -1.369070   0.924076      1.000000
CTHRC1_FZD5         -0.006451  -1.384842   0.921079      1.000000
DHH_CDON            -0.006464  -1.387316   0.918082      1.000000
CALM2_CACNA1C       -0.006494  -1.365377   0.906094      1.000000
HRAS_AGTR1          -0.006510  -1.354748   0.918082      1.000000
BMP7_ENG            -0.006518  -1.416302   0.918082      1.000000
LRPAP1_VLDLR        -0.006520  -1.366716   0.919081      1.000000
CCL7_CCR5           -0.006579  -1.362636   0.930070      1.000000
FGF13_FGFR3         -0.006581  -1.429521   0.928072      1.000000
EDN1_KEL            -0.006628  -1.472840   0.930070      1.000000
NRG1_ERBB2          -0.006666  -1.407851   0.912088      1.000000
VTN_CD47            -0.006697  -1.440556   0.932068      1.000000
EFNB3_EPHB2         -0.006699  -1.377869   0.914086      1.000000
NRTN_GFRA2          -0.006708  -1.355386   0.933067      1.000000
TNFSF13_TNFRSF11B   -0.006716  -1.466354   0.944056      1.000000
WNT7B_FZD10         -0.006752  -1.508068   0.941059      1.000000
NTN1_ADORA2B        -0.006755  -1.369328   0.933067      1.000000
EFNA5_EPHA2         -0.006769  -1.351730   0.917083      1.000000
IL17B_IL17RB        -0.006778  -1.411483   0.958042      1.000000
RTN4_TNFRSF19       -0.006785  -1.470076   0.929071      1.000000
BMP2_BMPR2          -0.006811  -1.488204   0.935065      1.000000
ITGB3BP_ITGB3       -0.006841  -1.519176   0.954046      1.000000
SEMA3C_PLXND1       -0.006878  -1.447879   0.924076      1.000000
FGF2_FGFR3          -0.006998  -1.482503   0.934066      1.000000
IL20_IL20RB         -0.007080  -1.492925   0.938062      1.000000
VTN_KDR             -0.007126  -1.575184   0.975025      1.000000
VTN_PVR             -0.007174  -1.454683   0.955045      1.000000
RSPO1_FZD8          -0.007207  -1.513056   0.956044      1.000000
GNAI2_IGF1R         -0.007275  -1.533762   0.943057      1.000000
CCL7_ACKR2          -0.007280  -1.509980   0.982018      1.000000
FGF9_FGFR3          -0.007306  -1.529446   0.958042      1.000000
CCL5_ACKR2          -0.007330  -1.537980   0.941059      1.000000
SLIT2_DCC           -0.007352  -1.586113   0.971029      1.000000
TDGF1_ACVR1B        -0.007442  -1.565043   0.951049      1.000000
SEMA5A_PLXNB3       -0.007503  -1.586412   0.954046      1.000000
CALM1_KCNQ3         -0.007515  -1.542860   0.934066      1.000000
CGA_TSHR            -0.007521  -1.578355   0.943057      1.000000
LAMA1_TMPRSS6       -0.007605  -1.531853   0.954046      1.000000
SEMA3E_PLXND1       -0.007616  -1.643049   0.950050      1.000000
RIMS2_ABCA1         -0.007645  -1.578338   0.950050      1.000000
FGF2_FGFRL1         -0.007662  -1.582874   0.946054      1.000000
L1CAM_ITGAV         -0.007700  -1.551986   0.935065      1.000000
QDPR_DYSF           -0.007768  -1.672263   0.947053      1.000000
PSEN1_NOTCH3        -0.007775  -1.611025   0.944056      1.000000
HEBP1_FPR3          -0.007790  -1.519543   0.947053      1.000000
FGF2_SDC3           -0.007800  -1.662741   0.951049      1.000000
CCL7_ACKR4          -0.007818  -1.607650   0.994006      1.000000
COL6A1_ITGA2        -0.007836  -1.682942   0.955045      1.000000
ICAM4_ITGB1         -0.007870  -1.601863   0.944056      1.000000
NOV_PLXNA1          -0.007917  -1.659596   0.953047      1.000000
VEGFA_EGFR          -0.007941  -1.695291   0.949051      1.000000
WNT5A_ROR1          -0.007943  -1.719003   0.968032      1.000000
FGF17_FGFR3         -0.007950  -1.669335   0.958042      1.000000
IL18_IL1RL2         -0.008000  -1.599376   0.949051      1.000000
FGF10_FGFR4         -0.008030  -1.726345   0.961039      1.000000
COL9A3_MAG          -0.008090  -1.711792   0.959041      1.000000
C4BPA_CD40          -0.008094  -1.702405   0.971029      1.000000
SST_SSTR2           -0.008101  -1.816815   0.996004      1.000000
GNAS_PTGDR          -0.008265  -1.742424   0.959041      1.000000
HHIPL2_CACHD1       -0.008371  -1.823633   0.967033      1.000000
CALM1_PDE1C         -0.008486  -1.784018   0.962038      1.000000
PODXL_SELL          -0.008562  -1.810657   0.970030      1.000000
NRG2_ERBB3          -0.008682  -1.810352   0.966034      1.000000
CALM3_EGFR          -0.008691  -1.825601   0.978022      1.000000
INHA_TGFBR3         -0.008777  -1.959033   0.976024      1.000000
CALM1_CALCR         -0.008782  -1.844982   0.970030      1.000000
OSM_OSMR            -0.008800  -1.868802   0.971029      1.000000
LGALS3BP_VANGL1     -0.008804  -1.853989   0.976024      1.000000
GDF10_ACVR1B        -0.008817  -1.878483   0.971029      1.000000
CCL22_CCR4          -0.009009  -1.980564   0.990010      1.000000
COL14A1_CD44        -0.009018  -1.938513   0.969031      1.000000
C1orf194_PLSCR4     -0.009117  -1.920010   0.987013      1.000000
IL19_IL20RA         -0.009157  -1.924806   0.977023      1.000000
EFNA5_EPHB2         -0.009202  -1.983349   0.975025      1.000000
CCL21_ACKR2         -0.009295  -1.998101   0.983017      1.000000
CALM3_GP6           -0.009307  -1.994029   0.975025      1.000000
COL4A6_CD47         -0.009333  -2.001595   0.983017      1.000000
NTN4_UNC5A          -0.009357  -2.025982   0.979021      1.000000
FGF9_FGFR1          -0.009392  -1.911925   0.979021      1.000000
WNT7B_LRP5          -0.009410  -1.978653   0.979021      1.000000
L1CAM_ITGA5         -0.009440  -1.968432   0.974026      1.000000
FN1_CD44            -0.009496  -1.965512   0.973027      1.000000
CALM3_SCN4A         -0.009534  -1.970045   0.979021      1.000000
NRG2_ERBB2          -0.009538  -1.989418   0.969031      1.000000
IGF1_INSR           -0.009572  -2.017661   0.980020      1.000000
LAMA2_ITGA3         -0.009648  -2.128803   0.987013      1.000000
CCL8_ACKR2          -0.009662  -2.021044   0.981019      1.000000
PRND_RPSA           -0.009671  -2.034102   0.975025      1.000000
GNAI2_CXCR2         -0.009693  -2.064981   0.978022      1.000000
MDK_ITGA6           -0.009709  -2.019950   0.981019      1.000000
TGFB1_ITGB6         -0.009746  -2.025264   0.980020      1.000000
FGF18_FGFR1         -0.009763  -2.107593   0.983017      1.000000
C6orf15_DDR1        -0.009807  -1.997862   0.978022      1.000000
VEGFB_TYRO3         -0.009997  -2.198813   0.989011      1.000000
CCL3_CCR4           -0.010117  -2.093045   0.999001      1.000000
S100A9_TLR4         -0.010169  -2.162521   0.982018      1.000000
APOE_LRP5           -0.010195  -2.137694   0.984016      1.000000
ADM2_CALCRL         -0.010201  -2.245755   0.988012      1.000000
ASIP_MGRN1          -0.010203  -2.210425   0.990010      1.000000
F7_F3               -0.010217  -2.202615   0.991009      1.000000
PSEN1_NOTCH4        -0.010319  -2.121068   0.984016      1.000000
CALM2_PDE1C         -0.010340  -2.273331   0.986014      1.000000
RGMA_NEO1           -0.010343  -2.153349   0.989011      1.000000
HDC_HRH1            -0.010346  -2.271122   0.994006      1.000000
CALM3_GRM7          -0.010388  -2.156090   0.980020      1.000000
FN1_TNFRSF11B       -0.010395  -2.169510   0.987013      1.000000
CTGF_LRP6           -0.010548  -2.280358   0.992008      1.000000
CTF1_IL6ST          -0.010576  -2.244217   0.983017      1.000000
LPL_CD44            -0.010579  -2.323155   0.988012      1.000000
HAS2_HMMR           -0.010579  -2.280757   0.991009      1.000000
CTHRC1_FZD6         -0.010730  -2.256616   0.986014      1.000000
PLAT_ITGAM          -0.010744  -2.263280   0.987013      1.000000
SFTPA2_CD93         -0.010850  -2.282160   0.995005      1.000000
CALM1_KCNN4         -0.010858  -2.363245   0.991009      1.000000
FGF18_FGFR2         -0.010954  -2.331384   0.993007      1.000000
VTN_ITGA3           -0.011069  -2.309101   0.995005      1.000000
FGF9_FGFR4          -0.011214  -2.343304   0.995005      1.000000
TNFSF13_TNFRSF14    -0.011243  -2.519046   0.996004      1.000000
B2M_CD1A            -0.011436  -2.490124   0.993007      1.000000
MMP7_CD151          -0.011470  -2.326072   0.991009      1.000000
CALM1_SCN4A         -0.011475  -2.358686   0.986014      1.000000
COL4A5_CD93         -0.011624  -2.532809   0.995005      1.000000
LAMC3_ITGA2         -0.011658  -2.407554   0.996004      1.000000
APOE_VLDLR          -0.011660  -2.410346   0.991009      1.000000
FGF11_FGFR1         -0.011665  -2.496911   0.996004      1.000000
LAMC3_ITGB1         -0.011678  -2.470338   0.993007      1.000000
VEGFA_NRP2          -0.011700  -2.534600   0.993007      1.000000
RPS19_C5AR1         -0.011707  -2.389906   0.992008      1.000000
FGF17_FGFR1         -0.011935  -2.508244   0.997003      1.000000
HSPG2_ITGA2         -0.012014  -2.572977   0.996004      1.000000
EFNB2_EPHB3         -0.012017  -2.553192   0.994006      1.000000
ZG16B_TLR2          -0.012035  -2.615861   0.995005      1.000000
WNT11_FZD7          -0.012292  -2.508611   0.998002      1.000000
BTLA_VTCN1          -0.012315  -2.630098   0.997003      1.000000
BMP2_ACVR2B         -0.012336  -2.655726   0.999001      1.000000
COL4A4_ITGA2        -0.012342  -2.710060   0.997003      1.000000
CALM2_GRM7          -0.012361  -2.588177   0.993007      1.000000
OSM_LIFR            -0.012484  -2.567439   0.996004      1.000000
GNAS_AVPR2          -0.012548  -2.622997   0.991009      1.000000
APP_CAV1            -0.012595  -2.661997   0.996004      1.000000
IL1B_IL1R2          -0.012808  -2.817294   0.999001      1.000000
GNAI2_ADCY9         -0.012873  -2.767138   0.999001      1.000000
C4BPA_LRP1          -0.012985  -2.869530   0.998002      1.000000
CXCL13_HTR2A        -0.013012  -2.743133   1.000000      1.000000
VEGFA_NRP1          -0.013023  -2.723771   0.996004      1.000000
DUSP18_ITGB1        -0.013066  -2.862478   0.997003      1.000000
EFNA1_EPHB1         -0.013071  -2.724150   0.999001      1.000000
SFRP1_FZD2          -0.013095  -2.836346   0.996004      1.000000
F13A1_ITGB1         -0.013100  -2.975800   0.998002      1.000000
CXCL13_OPRD1        -0.013184  -2.788814   0.998002      1.000000
EFNA3_EPHA4         -0.013225  -2.746524   1.000000      1.000000
LAMA2_ITGB1         -0.013282  -2.845542   0.999001      1.000000
GNAS_ADCY7          -0.013310  -2.779517   0.997003      1.000000
VCAN_CD44           -0.013348  -2.826726   0.996004      1.000000
GNAI2_OPRD1         -0.013386  -2.797213   0.992008      1.000000
FGF18_FGFR3         -0.013401  -2.851438   0.999001      1.000000
FGF19_FGFR1         -0.013537  -2.863840   0.997003      1.000000
DUSP18_ITGA2        -0.013561  -2.709731   0.999001      1.000000
HGF_SDC1            -0.013664  -3.037970   0.997003      1.000000
FGF13_SCN8A         -0.013803  -2.917439   0.999001      1.000000
TNFSF14_LTBR        -0.013872  -3.154738   0.998002      1.000000
TNF_TNFRSF1A        -0.013936  -2.964522   0.997003      1.000000
TDGF1_GPC1          -0.014159  -3.012640   1.000000      1.000000
PI3_PLD2            -0.014317  -2.892733   1.000000      1.000000
EFNA4_EPHA4         -0.014498  -3.061501   0.998002      1.000000
CALM2_EGFR          -0.014528  -3.186964   0.999001      1.000000
CALM1_GRM7          -0.014562  -3.058727   0.995005      1.000000
SLPI_CD4            -0.014580  -3.003966   0.996004      1.000000
HSP90AA1_EGFR       -0.014597  -3.085149   0.999001      1.000000
CALM1_CACNA1C       -0.014882  -3.284897   1.000000      1.000000
FGF18_FGFR4         -0.014905  -3.273737   0.998002      1.000000
UBA52_ERBB2         -0.014924  -3.087252   0.998002      1.000000
CALM1_SELL          -0.014924  -3.382933   1.000000      1.000000
SEMA3F_NRP2         -0.014942  -3.300101   1.000000      1.000000
PDGFB_LRP1          -0.014991  -3.190910   1.000000      1.000000
TGFB2_TGFBR3        -0.015080  -3.185400   1.000000      1.000000
ZG16B_TLR4          -0.015127  -3.211279   0.999001      1.000000
WNT3_FZD1           -0.015137  -3.094346   0.998002      1.000000
TCN2_LRP2           -0.015174  -3.167706   1.000000      1.000000
SEMA3B_NRP2         -0.015253  -3.285175   0.999001      1.000000
COL6A2_ITGA2        -0.015415  -3.248197   1.000000      1.000000
CALCA_RAMP2         -0.015448  -3.207040   1.000000      1.000000
CALM3_PDE1A         -0.015474  -3.357429   1.000000      1.000000
CCL19_ACKR2         -0.015506  -3.311767   1.000000      1.000000
FGF1_FGFR4          -0.015576  -3.157628   0.999001      1.000000
S100A8_TLR4         -0.015624  -3.325221   1.000000      1.000000
MDK_ITGA4           -0.015674  -3.451294   1.000000      1.000000
SAA1_FPR2           -0.015930  -3.328776   1.000000      1.000000
SEMA4D_ERBB2        -0.016031  -3.461808   0.999001      1.000000
HSPG2_CHRM3         -0.016120  -3.374326   1.000000      1.000000
PODXL2_SELL         -0.016206  -3.632850   1.000000      1.000000
HGF_ST14            -0.016326  -3.478294   1.000000      1.000000
EFNA1_EPHA3         -0.016386  -3.433959   0.999001      1.000000
CD14_ITGB1          -0.016462  -3.614208   1.000000      1.000000
SEMA3E_NRP1         -0.016571  -3.480521   1.000000      1.000000
HSPG2_ITGB1         -0.016621  -3.613300   1.000000      1.000000
F8_LRP1             -0.016731  -3.662342   1.000000      1.000000
CALM2_SCN4A         -0.017123  -3.678609   1.000000      1.000000
FGF2_FGFR2          -0.017455  -3.800949   1.000000      1.000000
FGF13_FGFR1         -0.017505  -3.827300   1.000000      1.000000
PYY_FAP             -0.017606  -3.719817   1.000000      1.000000
PLAT_ITGB2          -0.017763  -3.690572   1.000000      1.000000
PSAP_CELSR1         -0.018034  -3.708627   1.000000      1.000000
CALM1_MYLK          -0.018478  -3.871493   1.000000      1.000000
DLL3_NOTCH2         -0.018625  -3.963275   1.000000      1.000000
CALM3_MYLK          -0.018702  -4.148535   1.000000      1.000000
COL2A1_ITGA10       -0.018877  -4.072710   1.000000      1.000000
LPL_LRP2            -0.018985  -4.067036   1.000000      1.000000
DLL3_NOTCH3         -0.019126  -4.092707   1.000000      1.000000
CALM2_PDE1B         -0.019140  -3.991906   1.000000      1.000000
CALM2_MYLK          -0.019194  -4.129009   0.999001      1.000000
GNAI2_ADCY1         -0.019231  -4.103072   1.000000      1.000000
COL4A4_CD47         -0.019258  -4.379177   1.000000      1.000000
CALM1_FAS           -0.019362  -4.207291   1.000000      1.000000
CALM1_PDE1B         -0.019657  -4.101280   1.000000      1.000000
TNC_SDC4            -0.019710  -4.011366   1.000000      1.000000
WNT3A_LRP1          -0.020129  -4.357868   1.000000      1.000000
DUSP18_RPSA         -0.020346  -4.556619   1.000000      1.000000
C1orf112_PLSCR4     -0.020553  -4.499371   1.000000      1.000000
FGF2_FGFR4          -0.020823  -4.363566   1.000000      1.000000
ZG16B_TLR6          -0.021228  -4.495079   1.000000      1.000000
COL4A4_ITGB1        -0.021291  -4.564924   1.000000      1.000000
FGF7_FGFR3          -0.021294  -4.525716   1.000000      1.000000
EFNA1_EPHA2         -0.021447  -4.588574   1.000000      1.000000
LTB_LTBR            -0.021496  -4.536823   1.000000      1.000000
TNF_TNFRSF1B        -0.021559  -4.558474   1.000000      1.000000
CALM1_PDE1A         -0.021767  -4.691478   1.000000      1.000000
FGF7_FGFR2          -0.021804  -4.597732   1.000000      1.000000
IL16_GRIN2C         -0.022204  -4.654667   1.000000      1.000000
TGFB1_ITGB8         -0.022346  -4.727179   1.000000      1.000000
LIF_IL6ST           -0.022520  -4.785660   1.000000      1.000000
VWF_ITGA2B          -0.022645  -4.697557   1.000000      1.000000
FGF7_FGFR1          -0.022668  -4.897252   1.000000      1.000000
CD55_CR1            -0.022688  -4.724243   1.000000      1.000000
CALM2_PDE1A         -0.022747  -4.675281   1.000000      1.000000
ADM_RAMP2           -0.023113  -4.902770   1.000000      1.000000
EFEMP2_LINGO1       -0.023158  -4.999948   1.000000      1.000000
TGFB2_ENG           -0.023651  -4.906899   1.000000      1.000000
FN1_TMPRSS6         -0.023843  -5.072255   1.000000      1.000000
COL11A1_DDR1        -0.023917  -4.986287   1.000000      1.000000
TGFB2_TGFBR2        -0.024262  -5.117103   1.000000      1.000000
COL1A2_ITGA2B       -0.024466  -5.167836   1.000000      1.000000
COL18A1_GPC4        -0.024627  -5.107152   1.000000      1.000000
IGFBP4_LRP6         -0.024724  -5.529819   1.000000      1.000000
LAMA1_SDC4          -0.024776  -5.251984   1.000000      1.000000
GNAS_PTGIR          -0.025147  -5.492404   1.000000      1.000000
THBS1_SDC4          -0.025676  -5.655892   1.000000      1.000000
APP_NGFR            -0.025840  -5.648171   1.000000      1.000000
FGF2_SDC1           -0.026067  -5.255542   1.000000      1.000000
EFNA3_EPHB6         -0.026751  -5.609376   1.000000      1.000000
GH1_PRLR            -0.027448  -5.868186   1.000000      1.000000
COL4A6_ITGB1        -0.027503  -5.714771   1.000000      1.000000
IGF1_IGF1R          -0.027915  -5.791994   1.000000      1.000000
HSPG2_SDC1          -0.028286  -6.083233   1.000000      1.000000
HRAS_CAV1           -0.028528  -6.207150   1.000000      1.000000
SPP1_S1PR1          -0.028806  -6.134272   1.000000      1.000000
CALM3_PDE1B         -0.029214  -6.087278   1.000000      1.000000
HLA-A_APLP2         -0.029487  -6.157576   1.000000      1.000000
CALM3_SELL          -0.029590  -6.386306   1.000000      1.000000
FBLN1_ITGB1         -0.029663  -6.517288   1.000000      1.000000
B2M_TFRC            -0.029899  -6.403328   1.000000      1.000000
SEMA3C_NRP1         -0.029918  -6.203714   1.000000      1.000000
EFNA1_EPHA4         -0.030011  -6.506298   1.000000      1.000000
APOE_LDLR           -0.030080  -6.305828   1.000000      1.000000
APOE_SCARB1         -0.030442  -6.622276   1.000000      1.000000
FGF7_FGFR4          -0.030865  -6.728412   1.000000      1.000000
F12_CD93            -0.030918  -6.602637   1.000000      1.000000
CDH1_KLRG1          -0.030932  -6.546908   1.000000      1.000000
COL3A1_MAG          -0.031640  -6.726564   1.000000      1.000000
CXCL12_ITGB1        -0.031661  -6.935692   1.000000      1.000000
COL1A1_TMPRSS6      -0.031993  -7.003469   1.000000      1.000000
CTGF_ERBB4          -0.032182  -6.892807   1.000000      1.000000
APOE_LRP8           -0.032578  -7.145451   1.000000      1.000000
COL6A2_ITGB1        -0.032819  -7.198625   1.000000      1.000000
THBS1_CD47          -0.032860  -7.080457   1.000000      1.000000
SEMA3B_NRP1         -0.032880  -6.961627   1.000000      1.000000
SFRP1_FZD6          -0.033073  -7.086632   1.000000      1.000000
FGF2_FGFR1          -0.033110  -7.096960   1.000000      1.000000
VEGFB_RET           -0.033700  -7.640251   1.000000      1.000000
GPC3_CD81           -0.034362  -7.413365   1.000000      1.000000
NID1_PTPRF          -0.034830  -7.526424   1.000000      1.000000
RTN4_NGFR           -0.035117  -7.193796   1.000000      1.000000
ZG16B_CXCR4         -0.035402  -7.359609   1.000000      1.000000
PLAU_LRP2           -0.035411  -7.581306   1.000000      1.000000
THBS2_CD47          -0.036310  -7.981458   1.000000      1.000000
COL2A1_ITGA1        -0.037422  -8.012187   1.000000      1.000000
HSPA1A_TLR4         -0.037423  -7.956102   1.000000      1.000000
FN1_MAG             -0.038206  -8.019573   1.000000      1.000000
SERPINE1_LRP2       -0.038549  -7.794874   1.000000      1.000000
CALM2_SELL          -0.039245  -7.890165   1.000000      1.000000
CDH1_EGFR           -0.039280  -8.419501   1.000000      1.000000
SEMA3F_NRP1         -0.042855  -9.112665   1.000000      1.000000
LTF_GPR162          -0.042960  -8.802245   1.000000      1.000000
EFNA1_EPHB6         -0.043166  -9.518908   1.000000      1.000000
GNAI2_S1PR3         -0.044032  -9.475324   1.000000      1.000000
COL1A2_CD44         -0.044660  -9.475402   1.000000      1.000000
MDK_LRP2            -0.044770  -9.404564   1.000000      1.000000
IL6_IL6ST           -0.044988  -9.437591   1.000000      1.000000
IL20_IL20RA         -0.045105  -9.743535   1.000000      1.000000
FGF2_SDC4           -0.045393  -9.686261   1.000000      1.000000
CYR61_ITGB5         -0.045580  -9.517214   1.000000      1.000000
RSPO3_SDC4          -0.047064  -9.961943   1.000000      1.000000
ADIPOQ_ADIPOR2      -0.047186 -10.007204   1.000000      1.000000
CDH1_PTPRM          -0.047880 -10.304725   1.000000      1.000000
HSP90B1_LRP1        -0.048511 -10.175658   1.000000      1.000000
COL1A1_CD44         -0.049437 -10.340799   1.000000      1.000000
AZGP1_ITGAV         -0.050815 -10.572122   1.000000      1.000000
SLIT2_SDC1          -0.051592 -10.893059   1.000000      1.000000
ADAM12_SDC4         -0.051615 -11.075791   1.000000      1.000000
LRPAP1_LRP1         -0.052084 -11.597983   1.000000      1.000000
HLA-A_ERBB2         -0.054106 -11.776843   1.000000      1.000000
DCN_ERBB4           -0.054224 -11.659673   1.000000      1.000000
ADIPOQ_ADIPOR1      -0.054471 -11.482797   1.000000      1.000000
CXCL12_ACKR3        -0.056144 -11.782084   1.000000      1.000000
CCL5_SDC1           -0.058085 -12.061753   1.000000      1.000000
APP_LRP1            -0.058288 -12.251934   1.000000      1.000000
PIP_CD4             -0.065652 -14.010608   1.000000      1.000000
CGN_TGFBR2          -0.068981 -14.702542   1.000000      1.000000
INHBA_BAMBI         -0.075637 -16.437019   1.000000      1.000000
C3_C5AR2            -0.079166 -16.757162   1.000000      1.000000
CDH1_ITGB7          -0.081585 -17.396355   1.000000      1.000000
CCL5_SDC4           -0.082819 -17.344321   1.000000      1.000000
CD24_SELP           -0.084698 -18.411139   1.000000      1.000000
APP_CD74            -0.086678 -18.523972   1.000000      1.000000
COL5A2_DDR1         -0.109354 -22.299051   1.000000      1.000000
TFPI_SDC4           -0.116831 -24.946379   1.000000      1.000000
APOE_LRP2           -0.120090 -26.115979   1.000000      1.000000
COL3A1_DDR1         -0.174341 -35.340283   1.000000      1.000000
CXCL12_SDC4         -0.176297 -36.091421   1.000000      1.000000
C3_CD46             -0.218227 -46.161798   1.000000      1.000000
COL1A1_DDR1         -0.239785 -47.170562   1.000000      1.000000
C3_IFITM1           -0.241602 -48.811288   1.000000      1.000000