,celltype_major,celltype_minor,subject_id
CID3586_AGCAGCCTCCCTCTTT,Endothelial,Endothelial ACKR1,CID3586
CID3586_AGCTTGATCGGCGCTA,Endothelial,Endothelial ACKR1,CID3586
CID3586_ATGTGTGAGTCAATAG,Endothelial,Endothelial ACKR1,CID3586
CID3586_ATTGGACTCCTATTCA,Endothelial,Endothelial ACKR1,CID3586
CID3586_CAGCTAAGTAACGACG,Endothelial,Endothelial ACKR1,CID3586
CID3586_CGAGCACCACAGACTT,Endothelial,Endothelial ACKR1,CID3586
CID3586_GGACAGATCGCTAGCG,Endothelial,Endothelial ACKR1,CID3586
CID3586_TTTATGCTCCCAGGTG,Endothelial,Endothelial ACKR1,CID3586
CID3586_CGCCAAGAGGACTGGT,Endothelial,Endothelial RGS5,CID3586
CID3586_CTACACCTCCAAACTG,Endothelial,Endothelial RGS5,CID3586
CID3586_GACAGAGGTCTTGATG,Endothelial,Endothelial RGS5,CID3586
CID3586_ACGCAGCGTCATCGGC,Endothelial,Endothelial CXCL12,CID3586
CID3586_CGGAGTCTCTGCCAGG,Endothelial,Endothelial CXCL12,CID3586
CID3586_CGGACGTTCTGGCGAC,Endothelial,Endothelial CXCL12,CID3586
CID3586_GACTAACAGGAGTACC,Endothelial,Endothelial CXCL12,CID3586
CID3586_GGGACCTGTGACTCAT,Endothelial,Endothelial CXCL12,CID3586
CID3586_TCATTTGTCCCAGGTG,Endothelial,Endothelial CXCL12,CID3586
CID3586_CAACCAACAAGTCTGT,CAFs,CAFs MSC iCAF-like,CID3586
CID3586_CGGAGTCTCCTGCAGG,CAFs,CAFs MSC iCAF-like,CID3586
CID3586_CTAAGACTCCAATGGT,CAFs,CAFs MSC iCAF-like,CID3586
CID3586_GATCTAGAGTGCGATG,CAFs,CAFs MSC iCAF-like,CID3586
CID3586_CGTAGCGTCGCAAGCC,CAFs,CAFs MSC iCAF-like,CID3586
CID3586_GAATGAAGTCTCCACT,CAFs,CAFs MSC iCAF-like,CID3586
CID3586_GGACATTGTCATCCCT,CAFs,CAFs MSC iCAF-like,CID3586
CID3586_CTAGTGAAGCCTATGT,CAFs,CAFs MSC iCAF-like,CID3586
CID3586_CTGCCTAGTACATCCA,CAFs,CAFs MSC iCAF-like,CID3586
CID3586_GCACATATCCGAAGAG,CAFs,CAFs MSC iCAF-like,CID3586
CID3586_GCATGCGAGTCTCCTC,CAFs,CAFs MSC iCAF-like,CID3586
CID3586_TACCTTACATCGTCGG,CAFs,CAFs MSC iCAF-like,CID3586
CID3586_CTAGTGAAGTGGACGT,CAFs,CAFs MSC iCAF-like,CID3586
CID3586_GACCAATTCTTTACAC,CAFs,CAFs myCAF-like,CID3586
CID3586_GCGCAGTTCTTTAGGG,CAFs,CAFs myCAF-like,CID3586
CID3586_TTATGCTGTACAGTTC,CAFs,CAFs myCAF-like,CID3586
CID3586_AGTGGGATCCGTAGTA,PVL,PVL Differentiated,CID3586
CID3586_AGTAGTCAGGGTTTCT,PVL,PVL Immature,CID3586
CID3586_GACACGCGTGTGTGCC,PVL,PVL Immature,CID3586
CID3586_AGGGAGTAGAATCTCC,B-cells,B cells Memory,CID3586
CID3586_ATTCTACGTCGCATCG,B-cells,B cells Memory,CID3586
CID3586_CACAGGCAGATATGGT,B-cells,B cells Memory,CID3586
CID3586_CACCTTGAGGAGCGAG,B-cells,B cells Memory,CID3586
CID3586_CAGCGACTCCAGTAGT,B-cells,B cells Memory,CID3586
CID3586_CATTCGCGTCCAACTA,B-cells,B cells Memory,CID3586
CID3586_CGATTGACATCGGACC,B-cells,B cells Memory,CID3586
CID3586_CGCCAAGTCCTCAACC,B-cells,B cells Memory,CID3586
CID3586_CGCTGGAAGCCCAACC,B-cells,B cells Memory,CID3586
CID3586_CGGACTGAGCTAACAA,B-cells,B cells Memory,CID3586
CID3586_CTAGTGATCTGACCTC,B-cells,B cells Memory,CID3586
CID3586_CTCGTACCAGCTGTAT,B-cells,B cells Memory,CID3586
CID3586_CTGAAGTAGACTGGGT,B-cells,B cells Memory,CID3586
CID3586_CTGATAGAGTGACTCT,B-cells,B cells Memory,CID3586
CID3586_GAAACTCCACCAGGTC,B-cells,B cells Memory,CID3586
CID3586_GACCAATAGGCGACAT,B-cells,B cells Memory,CID3586
CID3586_GACTGCGCAGATCTGT,B-cells,B cells Memory,CID3586
CID3586_GATCGCGGTGCATCTA,B-cells,B cells Memory,CID3586
CID3586_GCAAACTCACTGTCGG,B-cells,B cells Memory,CID3586
CID3586_GCGCAACAGGCATTGG,B-cells,B cells Memory,CID3586
CID3586_GCTGCGAGTAAGGGCT,B-cells,B cells Memory,CID3586
CID3586_GGCGACTTCATAACCG,B-cells,B cells Memory,CID3586
CID3586_GGGATGATCACCATAG,B-cells,B cells Memory,CID3586
CID3586_GTAACTGCAGACTCGC,B-cells,B cells Memory,CID3586
CID3586_TAAGCGTCAAGTCTAC,B-cells,B cells Memory,CID3586
CID3586_TCAACGACAGCTCCGA,B-cells,B cells Memory,CID3586
CID3586_TCGCGAGTCAGCTGGC,B-cells,B cells Memory,CID3586
CID3586_TGGCGCAGTAGGCATG,B-cells,B cells Memory,CID3586
CID3586_AAATGCCAGACTTTCG,B-cells,B cells Memory,CID3586
CID3586_AACCGCGAGTACGCCC,B-cells,B cells Memory,CID3586
CID3586_AACCGCGCATCCGGGT,B-cells,B cells Memory,CID3586
CID3586_AACTCCCCAGCTCGCA,B-cells,B cells Memory,CID3586
CID3586_ACGAGCCTCGATAGAA,B-cells,B cells Memory,CID3586
CID3586_ACGTCAAAGGTGATTA,B-cells,B cells Memory,CID3586
CID3586_ACTGAGTCAAAGTGCG,B-cells,B cells Memory,CID3586
CID3586_AGCTCTCAGACAGGCT,B-cells,B cells Memory,CID3586
CID3586_AGGCCACTCAGCGATT,B-cells,B cells Memory,CID3586
CID3586_AGGTCATAGATGTTAG,B-cells,B cells Memory,CID3586
CID3586_AGTGTCAAGTCAAGGC,B-cells,B cells Memory,CID3586
CID3586_ATAGACCTCGCCAAAT,B-cells,B cells Memory,CID3586
CID3586_ATCATCTCAATGTAAG,B-cells,B cells Memory,CID3586
CID3586_ATGTGTGGTGTCGCTG,B-cells,B cells Memory,CID3586
CID3586_ATTCTACAGGGTCGAT,B-cells,B cells Memory,CID3586
CID3586_ATTGGTGCAGACTCGC,B-cells,B cells Memory,CID3586
CID3586_ATTTCTGGTGCTAGCC,B-cells,B cells Memory,CID3586
CID3586_CAACCTCTCTGGAGCC,B-cells,B cells Memory,CID3586
CID3586_CAAGATCCAGTACACT,B-cells,B cells Memory,CID3586
CID3586_CAAGATCGTGACCAAG,B-cells,B cells Memory,CID3586
CID3586_CACAAACCATCCTAGA,B-cells,B cells Memory,CID3586
CID3586_CAGAGAGTCTTCATGT,B-cells,B cells Memory,CID3586
CID3586_CAGCATAAGTCCTCCT,B-cells,B cells Memory,CID3586
CID3586_CAGCGACGTACAAGTA,B-cells,B cells Memory,CID3586
CID3586_CAGCTAAGTCTCTTAT,B-cells,B cells Memory,CID3586
CID3586_CAGCTAATCGAATCCA,B-cells,B cells Memory,CID3586
CID3586_CATGCCTTCATATCGG,B-cells,B cells Memory,CID3586
CID3586_CCCAGTTGTCGATTGT,B-cells,B cells Memory,CID3586
CID3586_CCCAGTTTCTGATACG,B-cells,B cells Memory,CID3586
CID3586_CCGTGGACACACATGT,B-cells,B cells Memory,CID3586
CID3586_CGACTTCAGACCACGA,B-cells,B cells Memory,CID3586
CID3586_CGCCAAGAGTTAAGTG,B-cells,B cells Memory,CID3586
CID3586_CGCGTTTGTCGACTGC,B-cells,B cells Memory,CID3586
CID3586_CGGAGCTGTTCAGACT,B-cells,B cells Memory,CID3586
CID3586_CGGTTAATCTAACTGG,B-cells,B cells Memory,CID3586
CID3586_CGTAGCGGTCAGAATA,B-cells,B cells Memory,CID3586
CID3586_CGTCACTCAAATTGCC,B-cells,B cells Memory,CID3586
CID3586_CGTTAGACATATGCTG,B-cells,B cells Memory,CID3586
CID3586_CGTTCTGAGAAACCTA,B-cells,B cells Memory,CID3586
CID3586_CTAAGACAGAAGATTC,B-cells,B cells Memory,CID3586
CID3586_CTAAGACTCCAAACTG,B-cells,B cells Memory,CID3586
CID3586_CTACATTAGATATGCA,B-cells,B cells Memory,CID3586
CID3586_CTAGCCTGTACTTCTT,B-cells,B cells Memory,CID3586
CID3586_CTCATTATCGCTTAGA,B-cells,B cells Memory,CID3586
CID3586_CTCCTAGAGCTAGGCA,B-cells,B cells Memory,CID3586
CID3586_CTCGAAAAGAATGTTG,B-cells,B cells Memory,CID3586
CID3586_CTCGAGGAGTTAAGTG,B-cells,B cells Memory,CID3586
CID3586_CTCGAGGGTCTCATCC,B-cells,B cells Memory,CID3586
CID3586_CTCGGGAAGTCTCAAC,B-cells,B cells Memory,CID3586
CID3586_CTCGTCATCCTTAATC,B-cells,B cells Memory,CID3586
CID3586_CTTTGCGCAGGGTTAG,B-cells,B cells Memory,CID3586
CID3586_GAACGGAGTAGTACCT,B-cells,B cells Memory,CID3586
CID3586_GAAGCAGGTGTGCGTC,B-cells,B cells Memory,CID3586
CID3586_GACAGAGTCTGTCTAT,B-cells,B cells Memory,CID3586
CID3586_GACGGCTCAATCTACG,B-cells,B cells Memory,CID3586
CID3586_GATCAGTGTCTTGCGG,B-cells,B cells Memory,CID3586
CID3586_GATCGTAAGGTGACCA,B-cells,B cells Memory,CID3586
CID3586_GCATGATCAGTACACT,B-cells,B cells Memory,CID3586
CID3586_GCGCGATCACTATCTT,B-cells,B cells Memory,CID3586
CID3586_GCGGGTTTCAGGCCCA,B-cells,B cells Memory,CID3586
CID3586_GCTTGAAAGGAGCGTT,B-cells,B cells Memory,CID3586
CID3586_GGAACTTTCTAACTCT,B-cells,B cells Memory,CID3586
CID3586_GGATTACTCTGTCCGT,B-cells,B cells Memory,CID3586
CID3586_GGGATGATCCGGCACA,B-cells,B cells Memory,CID3586
CID3586_GTAACGTAGTATGACA,B-cells,B cells Memory,CID3586
CID3586_GTACGTATCTTGGGTA,B-cells,B cells Memory,CID3586
CID3586_GTAGTCAAGTAATCCC,B-cells,B cells Memory,CID3586
CID3586_GTGAAGGTCGAATGGG,B-cells,B cells Memory,CID3586
CID3586_GTGCATACAAGCCTAT,B-cells,B cells Memory,CID3586
CID3586_GTTAAGCTCTTGCATT,B-cells,B cells Memory,CID3586
CID3586_GTTCATTGTGCAGTAG,B-cells,B cells Memory,CID3586
CID3586_GTTCGGGAGGGATGGG,B-cells,B cells Memory,CID3586
CID3586_GTTCGGGTCGTTGACA,B-cells,B cells Memory,CID3586
CID3586_TAAGTGCGTCCTCCAT,B-cells,B cells Memory,CID3586
CID3586_TACGGTATCAACCATG,B-cells,B cells Memory,CID3586
CID3586_TACTCGCAGGGCTTGA,B-cells,B cells Memory,CID3586
CID3586_TATTACCAGAGAGCTC,B-cells,B cells Memory,CID3586
CID3586_TCAGCAACAGGGATTG,B-cells,B cells Memory,CID3586
CID3586_TCAGGTAAGAATAGGG,B-cells,B cells Memory,CID3586
CID3586_TCATTACGTGACGGTA,B-cells,B cells Memory,CID3586
CID3586_TCATTTGTCACTCTTA,B-cells,B cells Memory,CID3586
CID3586_TCGTAGATCATCACCC,B-cells,B cells Memory,CID3586
CID3586_TCTTTCCTCCTATGTT,B-cells,B cells Memory,CID3586
CID3586_TGAAAGAGTAAGCACG,B-cells,B cells Memory,CID3586
CID3586_TGACGGCAGATCCGAG,B-cells,B cells Memory,CID3586
CID3586_TGACGGCGTTAAGGGC,B-cells,B cells Memory,CID3586
CID3586_TGACTTTCAGCTGGCT,B-cells,B cells Memory,CID3586
CID3586_TGAGCATAGACTACAA,B-cells,B cells Memory,CID3586
CID3586_TGCCAAATCGTCGTTC,B-cells,B cells Memory,CID3586
CID3586_TGCGGGTAGGAGTAGA,B-cells,B cells Memory,CID3586
CID3586_TGGTTCCAGACAGGCT,B-cells,B cells Memory,CID3586
CID3586_TTCTCCTTCCGCATCT,B-cells,B cells Memory,CID3586
CID3586_TTGAACGTCTAACTCT,B-cells,B cells Memory,CID3586
CID3586_TTGCGTCAGAGGTAGA,B-cells,B cells Memory,CID3586
CID3586_TTTATGCAGGGCTTGA,B-cells,B cells Memory,CID3586
CID3586_TTTCCTCTCTGTTTGT,B-cells,B cells Memory,CID3586
CID3586_TTTGGTTTCGTACGGC,B-cells,B cells Memory,CID3586
CID3586_CAGGTGCAGAACTCGG,B-cells,B cells Memory,CID3586
CID3586_TTCGAAGGTCATCGGC,B-cells,B cells Memory,CID3586
CID3586_ACGGAGAAGGGCATGT,B-cells,B cells Memory,CID3586
CID3586_CTGCCTACATACAGCT,B-cells,B cells Memory,CID3586
CID3586_AGCTCTCGTGTCGCTG,B-cells,B cells Memory,CID3586
CID3586_GGGAATGAGACCGGAT,B-cells,B cells Memory,CID3586
CID3586_TCAGATGCAATAACGA,B-cells,B cells Memory,CID3586
CID3586_TGTATTCTCACTCTTA,B-cells,B cells Memory,CID3586
CID3586_TGTATTCGTAGCTGCC,B-cells,B cells Memory,CID3586
CID3586_TCGGGACTCTTTCCTC,B-cells,B cells Memory,CID3586
CID3586_AGATTGCTCTGGTGTA,T-cells,T cells CD8+,CID3586
CID3586_AGTGGGACAAGAAGAG,T-cells,T cells CD8+,CID3586
CID3586_ATGCGATTCCGTACAA,T-cells,T cells CD8+,CID3586
CID3586_CAAGAAATCGCCTGTT,T-cells,T cells CD8+,CID3586
CID3586_CTACACCTCGCGTTTC,T-cells,T cells CD8+,CID3586
CID3586_CGAGCCAGTCTGATTG,T-cells,T cells CD8+,CID3586
CID3586_GGGATGATCGGCCGAT,T-cells,T cells CD8+,CID3586
CID3586_AGTGGGACAAGCGAGT,T-cells,T cells CD8+,CID3586
CID3586_TACGGATTCTGTCTCG,T-cells,T cells CD8+,CID3586
CID3586_TCGGGACGTCACTGGC,T-cells,T cells CD8+,CID3586
CID3586_CAGCGACTCCTAGAAC,T-cells,T cells CD8+,CID3586
CID3586_CCCAATCCAGACACTT,T-cells,T cells CD8+,CID3586
CID3586_CCTATTACATCCTTGC,T-cells,T cells CD8+,CID3586
CID3586_GACGTGCCAGCTATTG,T-cells,T cells CD8+,CID3586
CID3586_TAGTTGGAGCCCAACC,T-cells,T cells CD8+,CID3586
CID3586_TATTACCCATGTTCCC,T-cells,T cells CD8+,CID3586
CID3586_ACTATCTCAGTTCCCT,T-cells,T cells CD8+,CID3586
CID3586_ACTTTCAAGTCGAGTG,T-cells,T cells CD8+,CID3586
CID3586_AGCTCTCGTAAACGCG,T-cells,T cells CD8+,CID3586
CID3586_ATGAGGGCATGCCTTC,T-cells,T cells CD8+,CID3586
CID3586_ATTGGTGTCTGGTTCC,T-cells,T cells CD8+,CID3586
CID3586_CACATAGCACGACGAA,T-cells,T cells CD8+,CID3586
CID3586_CCATGTCGTGCAACTT,T-cells,T cells CD8+,CID3586
CID3586_CCTAAAGCACGGTGTC,T-cells,T cells CD8+,CID3586
CID3586_CGATCGGCAAAGGCGT,T-cells,T cells CD8+,CID3586
CID3586_GAACATCAGATCTGAA,T-cells,T cells CD8+,CID3586
CID3586_GCCAAATTCTTTAGGG,T-cells,T cells CD8+,CID3586
CID3586_GCGCAACAGCATGGCA,T-cells,T cells CD8+,CID3586
CID3586_GGATTACAGAATTGTG,T-cells,T cells CD8+,CID3586
CID3586_GGGAATGGTGTGCCTG,T-cells,T cells CD8+,CID3586
CID3586_GTCTCGTAGTGAAGTT,T-cells,T cells CD8+,CID3586
CID3586_TAGTGGTTCTCGCTTG,T-cells,T cells CD8+,CID3586
CID3586_TTAACTCCAATGAATG,T-cells,T cells CD8+,CID3586
CID3586_GCGGGTTGTTAAGAAC,T-cells,T cells CD8+,CID3586
CID3586_GTTACAGAGCGACGTA,T-cells,T cells CD8+,CID3586
CID3586_CCTAAAGCATGCCCGA,T-cells,T cells CD8+,CID3586
CID3586_GCTGCTTTCTTAGCCC,T-cells,T cells CD8+,CID3586
CID3586_AGTGAGGGTATTCGTG,T-cells,T cells CD8+,CID3586
CID3586_CGATTGAAGCGTGTCC,T-cells,T cells CD8+,CID3586
CID3586_CGTTAGAAGCTCCTTC,T-cells,T cells CD8+,CID3586
CID3586_CTCGTACTCGTGACAT,T-cells,T cells CD8+,CID3586
CID3586_GGGTTGCGTCCGCTGA,T-cells,T cells CD8+,CID3586
CID3586_TGAGAGGGTTCCACTC,T-cells,T cells CD8+,CID3586
CID3586_CTGAAGTTCTCAAGTG,T-cells,T cells CD8+,CID3586
CID3586_TCAGGTAGTTTCCACC,T-cells,T cells CD8+,CID3586
CID3586_ACGGGCTCAGACGTAG,T-cells,T cells CD4+,CID3586
CID3586_ACTATCTCATGAACCT,T-cells,T cells CD4+,CID3586
CID3586_CTCGGAGTCTACTCAT,T-cells,T cells CD4+,CID3586
CID3586_GAGTCCGGTTGACGTT,T-cells,T cells CD4+,CID3586
CID3586_TGTGTTTGTGAGCGAT,T-cells,T cells CD4+,CID3586
CID3586_TTCTCCTTCACCGGGT,T-cells,T cells CD4+,CID3586
CID3586_ACAGCCGCACATTTCT,T-cells,T cells CD4+,CID3586
CID3586_CCTTACGAGATCTGAA,T-cells,T cells CD4+,CID3586
CID3586_GCACATATCGCGTTTC,T-cells,T cells CD4+,CID3586
CID3586_TCGGGACTCAGGTTCA,T-cells,T cells CD4+,CID3586
CID3586_TTTACTGGTGTGGTTT,T-cells,T cells CD4+,CID3586
CID3586_CATCCACAGGAACTGC,T-cells,T cells CD4+,CID3586
CID3586_ACCCACTGTTCCATGA,T-cells,T cells CD4+,CID3586
CID3586_AGAGTGGGTCAGAATA,T-cells,T cells CD4+,CID3586
CID3586_AGGGATGCAGACGCAA,T-cells,T cells CD4+,CID3586
CID3586_ATAAGAGCAGATCCAT,T-cells,T cells CD4+,CID3586
CID3586_CAAGAAATCACTTACT,T-cells,T cells CD4+,CID3586
CID3586_CCGTGGATCAACCATG,T-cells,T cells CD4+,CID3586
CID3586_CGAGCACGTAACGCGA,T-cells,T cells CD4+,CID3586
CID3586_CGGGTCAAGCTTATCG,T-cells,T cells CD4+,CID3586
CID3586_CTCTGGTAGCCCTAAT,T-cells,T cells CD4+,CID3586
CID3586_CTGGTCTTCCTTGACC,T-cells,T cells CD4+,CID3586
CID3586_GACCTGGGTTACGTCA,T-cells,T cells CD4+,CID3586
CID3586_GATCGATGTTAGTGGG,T-cells,T cells CD4+,CID3586
CID3586_GCACATATCTTCGAGA,T-cells,T cells CD4+,CID3586
CID3586_GGCAATTTCACGCATA,T-cells,T cells CD4+,CID3586
CID3586_GTACTCCTCCTCGCAT,T-cells,T cells CD4+,CID3586
CID3586_GTCGGGTTCGTAGGTT,T-cells,T cells CD4+,CID3586
CID3586_GTGTGCGCAGACGTAG,T-cells,T cells CD4+,CID3586
CID3586_TACGGTAAGGAGTCTG,T-cells,T cells CD4+,CID3586
CID3586_TCAGATGTCTCAACTT,T-cells,T cells CD4+,CID3586
CID3586_TCAGGTAGTAAGGGCT,T-cells,T cells CD4+,CID3586
CID3586_TCCCGATGTCGAATCT,T-cells,T cells CD4+,CID3586
CID3586_TGACAACTCCAAATGC,T-cells,T cells CD4+,CID3586
CID3586_TGCGGGTTCGCTGATA,T-cells,T cells CD4+,CID3586
CID3586_TTCCCAGGTGTAAGTA,T-cells,T cells CD4+,CID3586
CID3586_TTGACTTCAGCCTTGG,T-cells,T cells CD4+,CID3586
CID3586_TTTCCTCCACCCATGG,T-cells,T cells CD4+,CID3586
CID3586_AGTTGGTCATTGTGCA,T-cells,T cells CD4+,CID3586
CID3586_ACTTGTTGTATGAAAC,T-cells,T cells CD4+,CID3586
CID3586_ACACCAAAGCGACGTA,T-cells,T cells CD4+,CID3586
CID3586_ACACTGAAGAGCTGGT,T-cells,T cells CD4+,CID3586
CID3586_AGATTGCCATGCAATC,T-cells,T cells CD4+,CID3586
CID3586_AGATTGCTCGGTGTCG,T-cells,T cells CD4+,CID3586
CID3586_CCCAATCTCATCTGTT,T-cells,T cells CD4+,CID3586
CID3586_CCCTCCTCAGGGCATA,T-cells,T cells CD4+,CID3586
CID3586_CCTAAAGGTCCGAAGA,T-cells,T cells CD4+,CID3586
CID3586_CGAGCCAAGCAGACTG,T-cells,T cells CD4+,CID3586
CID3586_CGCGGTAGTCTCTTTA,T-cells,T cells CD4+,CID3586
CID3586_CTTTGCGAGCCCAACC,T-cells,T cells CD4+,CID3586
CID3586_CTTTGCGGTGTGAAAT,T-cells,T cells CD4+,CID3586
CID3586_GACCAATTCTTGTACT,T-cells,T cells CD4+,CID3586
CID3586_TCATTACAGCTCCTCT,T-cells,T cells CD4+,CID3586
CID3586_TTCTCAAAGACAGACC,T-cells,T cells CD4+,CID3586
CID3586_CTCGAAACATCAGTAC,T-cells,T cells CD4+,CID3586
CID3586_GTATTCTTCATTGCCC,T-cells,T cells CD4+,CID3586
CID3586_AATCGGTTCGTAGATC,T-cells,T cells CD4+,CID3586
CID3586_ATGTGTGAGCCAGGAT,T-cells,T cells CD4+,CID3586
CID3586_CACAGTACACGGTAGA,T-cells,T cells CD4+,CID3586
CID3586_CACAGTATCCAAACAC,T-cells,T cells CD4+,CID3586
CID3586_GACTGCGAGCGCTCCA,T-cells,T cells CD4+,CID3586
CID3586_GTTTCTACAAGTAATG,T-cells,T cells CD4+,CID3586
CID3586_TGCGTGGTCTGGTATG,T-cells,T cells CD4+,CID3586
CID3586_GTGCGGTAGATCGATA,T-cells,T cells CD4+,CID3586
CID3586_AACTTTCGTTGCGCAC,T-cells,T cells CD4+,CID3586
CID3586_CACCAGGTCCGCGTTT,T-cells,T cells CD4+,CID3586
CID3586_CTGATAGTCTCTAGGA,T-cells,T cells CD4+,CID3586
CID3586_ATTATCCCACATCCAA,T-cells,T cells CD4+,CID3586
CID3586_AAGACCTGTGCGATAG,T-cells,T cells CD4+,CID3586
CID3586_ACTGATGAGAAACGAG,T-cells,T cells CD4+,CID3586
CID3586_AGAGTGGTCTGCCAGG,T-cells,T cells CD4+,CID3586
CID3586_CATATTCCAGCGTTCG,T-cells,T cells CD4+,CID3586
CID3586_CCGTGGAGTTCCACTC,T-cells,T cells CD4+,CID3586
CID3586_CTAGCCTAGGAGTTTA,T-cells,T cells CD4+,CID3586
CID3586_CTCGTACTCGTATCAG,T-cells,T cells CD4+,CID3586
CID3586_GGGACCTTCAGGTTCA,T-cells,T cells CD4+,CID3586
CID3586_GGGAGATCACACGCTG,T-cells,T cells CD4+,CID3586
CID3586_GTATCTTCACTACAGT,T-cells,T cells CD4+,CID3586
CID3586_TAAGCGTCAGAGTGTG,T-cells,T cells CD4+,CID3586
CID3586_TCAACGATCAACGCTA,T-cells,T cells CD4+,CID3586
CID3586_TCTTCGGTCAGCACAT,T-cells,T cells CD4+,CID3586
CID3586_TTCTTAGTCGGAAATA,T-cells,T cells CD4+,CID3586
CID3586_AAATGCCAGAACAACT,T-cells,T cells CD4+,CID3586
CID3586_ACATCAGGTGTCGCTG,T-cells,T cells CD4+,CID3586
CID3586_CATATGGAGCCACCTG,T-cells,T cells CD4+,CID3586
CID3586_CATGCCTCAGTAAGAT,T-cells,T cells CD4+,CID3586
CID3586_CGTGAGCAGTCGTACT,T-cells,T cells CD4+,CID3586
CID3586_GCATGCGGTAGCGTCC,T-cells,T cells CD4+,CID3586
CID3586_GTGAAGGAGTCCCACG,T-cells,T cells CD4+,CID3586
CID3586_GTTACAGAGCCTCGTG,T-cells,T cells CD4+,CID3586
CID3586_CACTCCAGTTCGCTAA,Myeloid,Macrophage,CID3586
CID3586_CCGTTCATCGTCCAGG,Myeloid,Macrophage,CID3586
CID3586_ATAACGCTCCGTACAA,Myeloid,Macrophage,CID3586
CID3586_GCAGCCACACATCCGG,Myeloid,Macrophage,CID3586
CID3586_TATTACCCATCTCGCT,Myeloid,Macrophage,CID3586
CID3586_ACACCAATCCTTTCGG,Myeloid,Monocyte,CID3586
CID3586_ACGGAGACACACCGCA,Myeloid,Monocyte,CID3586
CID3586_ATCACGACAATAGCAA,Myeloid,Monocyte,CID3586
CID3586_ATCGAGTCACCAGTTA,Myeloid,Monocyte,CID3586
CID3586_TTGGCAATCAACCATG,Myeloid,Monocyte,CID3586
CID3586_CCACGGAAGCTAAGAT,Myeloid,Monocyte,CID3586
CID3586_TGCACCTCACCAGGCT,Myeloid,Monocyte,CID3586
CID3586_TATTACCCAGTGGGAT,Myeloid,Macrophage,CID3586
CID3586_TACTTGTTCGTTACGA,Myeloid,Macrophage,CID3586
CID3586_TTGACTTGTGCTTCTC,Myeloid,Macrophage,CID3586
CID3586_AGCTTGATCATAAAGG,Myeloid,Macrophage,CID3586
CID3586_TGACAACGTCATATCG,Myeloid,Macrophage,CID3586
CID3586_CTCGTACTCACCCGAG,Myeloid,Macrophage,CID3586
CID3586_GGACAAGTCTGCGACG,Myeloid,Macrophage,CID3586
CID3586_TGAGGGAAGGCTACGA,Myeloid,Macrophage,CID3586
CID3586_ACGATACGTCGCGAAA,Myeloid,Monocyte,CID3586
CID3586_GGACAGAAGTTACCCA,Myeloid,DCs,CID3586
CID3586_CAACCAAAGATGCCTT,Myeloid,DCs,CID3586
CID3586_CGGACGTCATCCGTGG,Myeloid,DCs,CID3586
CID3586_CTGAAACTCTCTGCTG,Myeloid,DCs,CID3586
CID3586_GTAACGTGTCGACTAT,Myeloid,DCs,CID3586
CID3586_TGCGTGGGTACAGTTC,Myeloid,DCs,CID3586
CID3586_ACTTGTTTCCGCGGTA,Myeloid,DCs,CID3586
CID3586_ACACTGACAGTGGAGT,Normal Epithelial,Myoepithelial,CID3586
CID3586_ACCAGTAGTCGCTTTC,Normal Epithelial,Myoepithelial,CID3586
CID3586_ATGGGAGCAATACGCT,Normal Epithelial,Myoepithelial,CID3586
CID3586_CAGCATAGTAGGGTAC,Normal Epithelial,Myoepithelial,CID3586
CID3586_CCACCTACATCAGTAC,Normal Epithelial,Myoepithelial,CID3586
CID3586_CTGAAGTCAGTCAGCC,Normal Epithelial,Myoepithelial,CID3586
CID3586_GACCAATGTGATGTGG,Normal Epithelial,Myoepithelial,CID3586
CID3586_GACCTGGTCCCGACTT,Normal Epithelial,Myoepithelial,CID3586
CID3586_GTATTCTCACTGTGTA,Normal Epithelial,Myoepithelial,CID3586
CID3586_TACGGGCAGTTCCACA,Normal Epithelial,Myoepithelial,CID3586
CID3586_TCAGGTATCATGTGGT,Normal Epithelial,Myoepithelial,CID3586
CID3586_TCCCGATCACTTAACG,Normal Epithelial,Myoepithelial,CID3586
CID3586_TGAGGGATCGTTACGA,Normal Epithelial,Myoepithelial,CID3586
CID3586_AAACCTGTCGTAGATC,Normal Epithelial,Luminal Progenitors,CID3586
CID3586_AAAGCAAAGACACTAA,Normal Epithelial,Luminal Progenitors,CID3586
CID3586_AACACGTTCTGTACGA,Normal Epithelial,Luminal Progenitors,CID3586
CID3586_AAGCCGCAGTGAAGTT,Normal Epithelial,Luminal Progenitors,CID3586
CID3586_AAGCCGCGTCGAAAGC,Normal Epithelial,Luminal Progenitors,CID3586
CID3586_AAGGAGCAGCGCCTCA,Normal Epithelial,Luminal Progenitors,CID3586
CID3586_AATCCAGGTAGATTAG,Normal Epithelial,Luminal Progenitors,CID3586
CID3586_ACCTTTAAGTTGTCGT,Normal Epithelial,Luminal Progenitors,CID3586
CID3586_ACGCAGCCACACCGCA,Normal Epithelial,Luminal Progenitors,CID3586
CID3586_ACTGAACCAACGATGG,Normal Epithelial,Luminal Progenitors,CID3586
CID3586_ACTGATGGTGTAAGTA,Normal Epithelial,Luminal Progenitors,CID3586
CID3586_ACTTACTAGGTAGCTG,Normal Epithelial,Luminal Progenitors,CID3586
CID3586_AGACGTTTCAGGCGAA,Normal Epithelial,Luminal Progenitors,CID3586
CID3586_AGTTGGTAGTTGTCGT,Normal Epithelial,Luminal Progenitors,CID3586
CID3586_ATGGGAGGTTTGGCGC,Normal Epithelial,Luminal Progenitors,CID3586
CID3586_ATTGGACTCTGGTTCC,Normal Epithelial,Luminal Progenitors,CID3586
CID3586_CAAGATCAGTTTAGGA,Normal Epithelial,Luminal Progenitors,CID3586
CID3586_CAGAATCAGTAGCGGT,Normal Epithelial,Luminal Progenitors,CID3586
CID3586_CATCAGACATCGGGTC,Normal Epithelial,Luminal Progenitors,CID3586
CID3586_CATCGGGGTACGCTGC,Normal Epithelial,Luminal Progenitors,CID3586
CID3586_CCAATCCCAGGGTACA,Normal Epithelial,Luminal Progenitors,CID3586
CID3586_CCAATCCTCATCATTC,Normal Epithelial,Luminal Progenitors,CID3586
CID3586_CCACTACGTAGAAGGA,Normal Epithelial,Luminal Progenitors,CID3586
CID3586_CCAGCGAGTGCCTGCA,Normal Epithelial,Luminal Progenitors,CID3586
CID3586_CCATGTCAGCCACGTC,Normal Epithelial,Luminal Progenitors,CID3586
CID3586_CCCATACCATCACGTA,Normal Epithelial,Luminal Progenitors,CID3586
CID3586_CCGGGATTCAGTCAGT,Normal Epithelial,Luminal Progenitors,CID3586
CID3586_CCGTTCAGTATATGAG,Normal Epithelial,Luminal Progenitors,CID3586
CID3586_CCTACACAGAGTAATC,Normal Epithelial,Luminal Progenitors,CID3586
CID3586_CCTCTGACACAGAGGT,Normal Epithelial,Luminal Progenitors,CID3586
CID3586_CCTTCGAAGCTAGTCT,Normal Epithelial,Luminal Progenitors,CID3586
CID3586_CGACTTCTCACGACTA,Normal Epithelial,Luminal Progenitors,CID3586
CID3586_CGAGCCAGTCCATCCT,Normal Epithelial,Luminal Progenitors,CID3586
CID3586_CGCGGTAAGGGTCGAT,Normal Epithelial,Luminal Progenitors,CID3586
CID3586_CGCTTCAGTGTTTGGT,Normal Epithelial,Luminal Progenitors,CID3586
CID3586_CGTCCATCATTATCTC,Normal Epithelial,Luminal Progenitors,CID3586
CID3586_CGTCCATTCTAGCACA,Normal Epithelial,Luminal Progenitors,CID3586
CID3586_CGTTGGGCACTGTTAG,Normal Epithelial,Luminal Progenitors,CID3586
CID3586_CGTTGGGTCTTCCTTC,Normal Epithelial,Luminal Progenitors,CID3586
CID3586_CTAGCCTAGGCCATAG,Normal Epithelial,Luminal Progenitors,CID3586
CID3586_CTCGAAATCTATCCCG,Normal Epithelial,Luminal Progenitors,CID3586
CID3586_CTCGAGGCAGGGTACA,Normal Epithelial,Luminal Progenitors,CID3586
CID3586_CTCGGAGTCAGTACGT,Normal Epithelial,Luminal Progenitors,CID3586
CID3586_CTGAAACAGATAGCAT,Normal Epithelial,Luminal Progenitors,CID3586
CID3586_CTGCCTAGTGGTACAG,Normal Epithelial,Luminal Progenitors,CID3586
CID3586_CTGTTTATCAGCAACT,Normal Epithelial,Luminal Progenitors,CID3586
CID3586_GAACCTACATATGGTC,Normal Epithelial,Luminal Progenitors,CID3586
CID3586_GATGAGGGTCGTCTTC,Normal Epithelial,Luminal Progenitors,CID3586
CID3586_GCGCAACCAACTGCGC,Normal Epithelial,Luminal Progenitors,CID3586
CID3586_GCGCAACCATCGGAAG,Normal Epithelial,Luminal Progenitors,CID3586
CID3586_GCTGCAGAGGGCTTCC,Normal Epithelial,Luminal Progenitors,CID3586
CID3586_GGACAAGGTTTGGGCC,Normal Epithelial,Luminal Progenitors,CID3586
CID3586_GGCTGGTTCGTCTGCT,Normal Epithelial,Luminal Progenitors,CID3586
CID3586_GTACTCCGTCGGGTCT,Normal Epithelial,Luminal Progenitors,CID3586
CID3586_GTATCTTAGGCATTGG,Normal Epithelial,Luminal Progenitors,CID3586
CID3586_TACGGGCCAAGCCATT,Normal Epithelial,Luminal Progenitors,CID3586
CID3586_TAGTTGGTCGTATCAG,Normal Epithelial,Luminal Progenitors,CID3586
CID3586_TATCTCATCACCACCT,Normal Epithelial,Luminal Progenitors,CID3586
CID3586_TCACAAGAGCGATCCC,Normal Epithelial,Luminal Progenitors,CID3586
CID3586_TCAGCAATCCGCATCT,Normal Epithelial,Luminal Progenitors,CID3586
CID3586_TCAGCTCCAACAACCT,Normal Epithelial,Luminal Progenitors,CID3586
CID3586_TCGCGAGAGGGTGTTG,Normal Epithelial,Luminal Progenitors,CID3586
CID3586_TGATTTCAGTTCCACA,Normal Epithelial,Luminal Progenitors,CID3586
CID3586_TGCACCTAGGGATGGG,Normal Epithelial,Luminal Progenitors,CID3586
CID3586_TGCACCTTCTGGAGCC,Normal Epithelial,Luminal Progenitors,CID3586
CID3586_TGCTGCTGTATAATGG,Normal Epithelial,Luminal Progenitors,CID3586
CID3586_TGGACGCAGAGCTGGT,Normal Epithelial,Luminal Progenitors,CID3586
CID3586_TGGGAAGTCAAACGGG,Normal Epithelial,Luminal Progenitors,CID3586
CID3586_TGGTTCCTCTCTTGAT,Normal Epithelial,Luminal Progenitors,CID3586
CID3586_TGTTCCGAGAGTCTGG,Normal Epithelial,Luminal Progenitors,CID3586
CID3586_TTCTCCTGTTATGTGC,Normal Epithelial,Luminal Progenitors,CID3586
CID3586_TTGCGTCGTACAGTGG,Normal Epithelial,Luminal Progenitors,CID3586
CID3586_TTTGGTTTCAGCGATT,Normal Epithelial,Luminal Progenitors,CID3586
CID3586_AACTCAGAGAGCTGGT,Normal Epithelial,Mature Luminal,CID3586
CID3586_ATCTGCCCACTGAAGG,Normal Epithelial,Mature Luminal,CID3586
CID3586_CTGAAACGTCTAGGTT,Normal Epithelial,Mature Luminal,CID3586
CID3586_CTGCTGTAGCGCCTTG,Normal Epithelial,Mature Luminal,CID3586
CID3586_CTGTTTATCTTCCTTC,Normal Epithelial,Mature Luminal,CID3586
CID3586_GACGTTACAGGACCCT,Normal Epithelial,Mature Luminal,CID3586
CID3586_GAGGTGAGTGGAAAGA,Normal Epithelial,Mature Luminal,CID3586
CID3586_GATCTAGCATAGGATA,Normal Epithelial,Mature Luminal,CID3586
CID3586_GATCTAGTCCTGTACC,Normal Epithelial,Mature Luminal,CID3586
CID3586_GCCAAATCAGAGTGTG,Normal Epithelial,Mature Luminal,CID3586
CID3921_AAAGATGGTGAGGCTA,Endothelial,Endothelial ACKR1,CID3921
CID3921_ACTGCTCTCGGCGGTT,Endothelial,Endothelial ACKR1,CID3921
CID3921_ATAACGCTCCGTAGTA,Endothelial,Endothelial ACKR1,CID3921
CID3921_CCAATCCTCCGGCACA,Endothelial,Endothelial ACKR1,CID3921
CID3921_CGCTGGACATGTAAGA,Endothelial,Endothelial ACKR1,CID3921
CID3921_CTCGGAGAGGGTGTGT,Endothelial,Endothelial ACKR1,CID3921
CID3921_GACACGCGTTTCCACC,Endothelial,Endothelial ACKR1,CID3921
CID3921_TCGCGTTCAGTGAGTG,Endothelial,Endothelial ACKR1,CID3921
CID3921_GCAGTTAAGACAATAC,Endothelial,Endothelial ACKR1,CID3921
CID3921_AGGTCATGTTGTGGAG,Endothelial,Endothelial RGS5,CID3921
CID3921_CAGCTAAGTACATGTC,Endothelial,Endothelial RGS5,CID3921
CID3921_CTGATAGTCTAACTCT,Endothelial,Endothelial RGS5,CID3921
CID3921_CTTAACTGTTATCCGA,Endothelial,Endothelial RGS5,CID3921
CID3921_TGCGGGTTCTGTTGAG,Endothelial,Endothelial RGS5,CID3921
CID3921_CCTATTACAAAGTGCG,Endothelial,Endothelial CXCL12,CID3921
CID3921_CAAGTTGTCAGGCGAA,Endothelial,Endothelial CXCL12,CID3921
CID3921_CACACAAGTATGAAAC,Endothelial,Endothelial CXCL12,CID3921
CID3921_TGAGCCGAGCGCCTTG,Endothelial,Endothelial CXCL12,CID3921
CID3921_AAGGAGCAGCCAGTTT,CAFs,CAFs MSC iCAF-like,CID3921
CID3921_AGCATACCAGAGCCAA,CAFs,CAFs MSC iCAF-like,CID3921
CID3921_CCTCAGTGTGTTTGGT,CAFs,CAFs MSC iCAF-like,CID3921
CID3921_GATCAGTAGTCCGGTC,CAFs,CAFs MSC iCAF-like,CID3921
CID3921_ACTGATGTCATCATTC,CAFs,CAFs MSC iCAF-like,CID3921
CID3921_GTACTTTAGTGAATTG,CAFs,CAFs MSC iCAF-like,CID3921
CID3921_TGGACGCGTTCCACAA,CAFs,CAFs myCAF-like,CID3921
CID3921_CTCGTCAGTTCACCTC,CAFs,CAFs myCAF-like,CID3921
CID3921_GATCGTAAGCTGCCCA,CAFs,CAFs myCAF-like,CID3921
CID3921_TGCCAAATCCTGCTTG,CAFs,CAFs myCAF-like,CID3921
CID3921_AAACCTGGTTCAGGCC,PVL,PVL Differentiated,CID3921
CID3921_ACAGCCGTCGCGATCG,PVL,PVL Differentiated,CID3921
CID3921_CACACTCTCTTCGAGA,PVL,PVL Differentiated,CID3921
CID3921_CAGCTGGTCGCGATCG,PVL,PVL Differentiated,CID3921
CID3921_CTCCTAGTCACGACTA,PVL,PVL Differentiated,CID3921
CID3921_GCGCCAAGTCAATACC,PVL,PVL Differentiated,CID3921
CID3921_GGCTGGTCATCACGAT,PVL,PVL Differentiated,CID3921
CID3921_TATCTCAGTTATCACG,PVL,PVL Differentiated,CID3921
CID3921_TGCGCAGTCCACTCCA,PVL,PVL Differentiated,CID3921
CID3921_ATCCGAACAAGAAGAG,PVL,PVL Immature,CID3921
CID3921_ATGTGTGAGTGCCATT,PVL,PVL Immature,CID3921
CID3921_ACACCAATCAACACCA,PVL,PVL Immature,CID3921
CID3921_GTTAAGCTCCAAATGC,PVL,PVL Immature,CID3921
CID3921_CAGAGAGTCTCTTATG,B-cells,B cells Memory,CID3921
CID3921_CATGCCTGTATAGTAG,B-cells,B cells Memory,CID3921
CID3921_CGAGCACGTTTACTCT,B-cells,B cells Memory,CID3921
CID3921_CGTGTCTCACGAAGCA,B-cells,B cells Memory,CID3921
CID3921_CTAGCCTGTGGTACAG,B-cells,B cells Memory,CID3921
CID3921_GGACATTAGTTAGCGG,B-cells,B cells Memory,CID3921
CID3921_GGTGTTAAGTTGAGAT,B-cells,B cells Memory,CID3921
CID3921_GTATCTTGTGCAACTT,B-cells,B cells Memory,CID3921
CID3921_GTCAAGTGTATTCGTG,B-cells,B cells Memory,CID3921
CID3921_TACCTTACAGGCGATA,B-cells,B cells Memory,CID3921
CID3921_TAGCCGGCATTGGGCC,B-cells,B cells Memory,CID3921
CID3921_TATCAGGTCACTTATC,B-cells,B cells Memory,CID3921
CID3921_TGGTTCCCAAAGTCAA,B-cells,B cells Memory,CID3921
CID3921_TTGACTTTCCTTCAAT,B-cells,B cells Memory,CID3921
CID3921_ACCAGTAGTAAGAGAG,B-cells,B cells Memory,CID3921
CID3921_CACAGTAAGTGAACAT,B-cells,B cells Memory,CID3921
CID3921_CAGCTGGCAGTCACTA,B-cells,B cells Memory,CID3921
CID3921_CTAGCCTTCATAGCAC,B-cells,B cells Memory,CID3921
CID3921_GCAATCAAGGAGTACC,B-cells,B cells Memory,CID3921
CID3921_GGGCATCGTGGTTTCA,B-cells,B cells Memory,CID3921
CID3921_GTCAAGTTCATTATCC,B-cells,B cells Memory,CID3921
CID3921_GTGAAGGGTAGCTAAA,B-cells,B cells Memory,CID3921
CID3921_GTTAAGCTCAACTCTT,B-cells,B cells Memory,CID3921
CID3921_TGCTACCTCCCAGGTG,B-cells,B cells Memory,CID3921
CID3921_TTCTACACAGCAGTTT,B-cells,B cells Memory,CID3921
CID3921_AAAGATGCAGGAATGC,B-cells,B cells Memory,CID3921
CID3921_AACCATGAGTGGCACA,B-cells,B cells Memory,CID3921
CID3921_AACTCAGCACACAGAG,B-cells,B cells Memory,CID3921
CID3921_AACTCTTTCTCAACTT,B-cells,B cells Memory,CID3921
CID3921_AACTTTCAGAAGGCCT,B-cells,B cells Memory,CID3921
CID3921_ACCAGTAGTAAATGTG,B-cells,B cells Memory,CID3921
CID3921_ACCCACTGTAGGGTAC,B-cells,B cells Memory,CID3921
CID3921_AGACGTTCAAAGTGCG,B-cells,B cells Memory,CID3921
CID3921_AGGGATGCAACACCTA,B-cells,B cells Memory,CID3921
CID3921_CAAGGCCGTCAGATAA,B-cells,B cells Memory,CID3921
CID3921_CACAAACGTCCAGTGC,B-cells,B cells Memory,CID3921
CID3921_CACAAACTCGGCTACG,B-cells,B cells Memory,CID3921
CID3921_CATCGAAAGTACTTGC,B-cells,B cells Memory,CID3921
CID3921_CATGCCTTCCTACAGA,B-cells,B cells Memory,CID3921
CID3921_CCACGGATCTGCTTGC,B-cells,B cells Memory,CID3921
CID3921_CGGACACGTACAGACG,B-cells,B cells Memory,CID3921
CID3921_CGTGTCTCAAGGTTTC,B-cells,B cells Memory,CID3921
CID3921_CTACATTAGAGCTGGT,B-cells,B cells Memory,CID3921
CID3921_CTGTGCTTCGGCTTGG,B-cells,B cells Memory,CID3921
CID3921_GAAATGATCTATCGCC,B-cells,B cells Memory,CID3921
CID3921_GAATGAACAATAGCAA,B-cells,B cells Memory,CID3921
CID3921_GAGGTGAGTTATTCTC,B-cells,B cells Memory,CID3921
CID3921_GCAATCATCGAATGGG,B-cells,B cells Memory,CID3921
CID3921_GCGCAACCACATGACT,B-cells,B cells Memory,CID3921
CID3921_GCTCCTAGTTGCCTCT,B-cells,B cells Memory,CID3921
CID3921_GGACAAGTCTACCAGA,B-cells,B cells Memory,CID3921
CID3921_GGGAGATTCGCCAAAT,B-cells,B cells Memory,CID3921
CID3921_GGGATGAAGCTGAAAT,B-cells,B cells Memory,CID3921
CID3921_GTAGGCCTCAAAGTAG,B-cells,B cells Memory,CID3921
CID3921_GTCATTTTCGTAGGTT,B-cells,B cells Memory,CID3921
CID3921_GTCTCGTGTCTTCTCG,B-cells,B cells Memory,CID3921
CID3921_TACACGAGTCAAGCGA,B-cells,B cells Memory,CID3921
CID3921_TACTTGTCAGTTCATG,B-cells,B cells Memory,CID3921
CID3921_TCGAGGCAGAATTGTG,B-cells,B cells Memory,CID3921
CID3921_TCTGAGAGTAATCACC,B-cells,B cells Memory,CID3921
CID3921_TCTGGAATCTCTGTCG,B-cells,B cells Memory,CID3921
CID3921_TGAGAGGGTTATCGGT,B-cells,B cells Memory,CID3921
CID3921_TGCGGGTCAGACTCGC,B-cells,B cells Memory,CID3921
CID3921_TGGCCAGTCACAGTAC,B-cells,B cells Memory,CID3921
CID3921_TGTCCCAAGCAGGTCA,B-cells,B cells Memory,CID3921
CID3921_TGTGGTACACAAGCCC,B-cells,B cells Memory,CID3921
CID3921_TTCGAAGCAGCTTAAC,B-cells,B cells Memory,CID3921
CID3921_ATTTCTGCAGACAAAT,B-cells,B cells Memory,CID3921
CID3921_CCCAGTTAGATCCTGT,B-cells,B cells Memory,CID3921
CID3921_CGTAGGCGTTACGTCA,B-cells,B cells Memory,CID3921
CID3921_CTCACACAGAATGTTG,B-cells,B cells Memory,CID3921
CID3921_GCATACACAAGCCGCT,B-cells,B cells Memory,CID3921
CID3921_ACCAGTACACGAAATA,B-cells,B cells Memory,CID3921
CID3921_ACCTTTACAGGAACGT,B-cells,B cells Memory,CID3921
CID3921_CAGCTGGAGTGCTGCC,B-cells,B cells Memory,CID3921
CID3921_CATTATCGTGACAAAT,B-cells,B cells Memory,CID3921
CID3921_GTAACTGAGGAGTAGA,B-cells,B cells Memory,CID3921
CID3921_TACCTATAGATGCCTT,B-cells,B cells Memory,CID3921
CID3921_TAGGCATAGGATCGCA,B-cells,B cells Memory,CID3921
CID3921_TCGGGACGTCTCTCGT,B-cells,B cells Memory,CID3921
CID3921_TTTACTGCAGAGTGTG,B-cells,B cells Memory,CID3921
CID3921_GTAGTCAAGCCAGTTT,Plasmablasts,Plasmablasts,CID3921
CID3921_AAAGCAACACGCCAGT,Plasmablasts,Plasmablasts,CID3921
CID3921_AACCATGAGCGCTCCA,Plasmablasts,Plasmablasts,CID3921
CID3921_AACCATGCAGTATAAG,Plasmablasts,Plasmablasts,CID3921
CID3921_AACTCAGCAATGCCAT,Plasmablasts,Plasmablasts,CID3921
CID3921_AAGGCAGGTATAATGG,Plasmablasts,Plasmablasts,CID3921
CID3921_ACAGCCGAGGTGCAAC,Plasmablasts,Plasmablasts,CID3921
CID3921_ACAGCCGTCTACTTAC,Plasmablasts,Plasmablasts,CID3921
CID3921_ACGCAGCTCAGCCTAA,Plasmablasts,Plasmablasts,CID3921
CID3921_ACGCCGAGTACAGTGG,Plasmablasts,Plasmablasts,CID3921
CID3921_AGAGCGATCGGAGGTA,Plasmablasts,Plasmablasts,CID3921
CID3921_AGGGATGGTTCAGCGC,Plasmablasts,Plasmablasts,CID3921
CID3921_AGGGTGATCAGATAAG,Plasmablasts,Plasmablasts,CID3921
CID3921_AGGTCCGTCTTGAGGT,Plasmablasts,Plasmablasts,CID3921
CID3921_CACAGTAAGTGGTAGC,Plasmablasts,Plasmablasts,CID3921
CID3921_CAGGTGCCACAGTCGC,Plasmablasts,Plasmablasts,CID3921
CID3921_CCATTCGAGGATGTAT,Plasmablasts,Plasmablasts,CID3921
CID3921_CCGGGATGTTGTACAC,Plasmablasts,Plasmablasts,CID3921
CID3921_CCGGTAGGTGGTAACG,Plasmablasts,Plasmablasts,CID3921
CID3921_CCTAAAGCAGTGACAG,Plasmablasts,Plasmablasts,CID3921
CID3921_CCTTTCTAGAGATGAG,Plasmablasts,Plasmablasts,CID3921
CID3921_CGATGTAAGTCACGCC,Plasmablasts,Plasmablasts,CID3921
CID3921_CGCGTTTGTAATAGCA,Plasmablasts,Plasmablasts,CID3921
CID3921_CGCGTTTTCACCGTAA,Plasmablasts,Plasmablasts,CID3921
CID3921_CGTTGGGGTGTAACGG,Plasmablasts,Plasmablasts,CID3921
CID3921_CTAACTTTCGGAGGTA,Plasmablasts,Plasmablasts,CID3921
CID3921_CTCAGAACACCGCTAG,Plasmablasts,Plasmablasts,CID3921
CID3921_CTCGGAGTCAAACCAC,Plasmablasts,Plasmablasts,CID3921
CID3921_CTCGTACAGCAGCCTC,Plasmablasts,Plasmablasts,CID3921
CID3921_CTGTGCTCACTAGTAC,Plasmablasts,Plasmablasts,CID3921
CID3921_GAACGGAAGCCAGTAG,Plasmablasts,Plasmablasts,CID3921
CID3921_GACACGCGTAATCGTC,Plasmablasts,Plasmablasts,CID3921
CID3921_GCTGCTTGTTGGTTTG,Plasmablasts,Plasmablasts,CID3921
CID3921_GGCGACTCAGTCAGCC,Plasmablasts,Plasmablasts,CID3921
CID3921_GGTGCGTAGAAACGAG,Plasmablasts,Plasmablasts,CID3921
CID3921_GTACTCCTCCAGTATG,Plasmablasts,Plasmablasts,CID3921
CID3921_GTCACAACACTTAACG,Plasmablasts,Plasmablasts,CID3921
CID3921_TAAACCGAGTAGGTGC,Plasmablasts,Plasmablasts,CID3921
CID3921_TAGGCATTCTTGTCAT,Plasmablasts,Plasmablasts,CID3921
CID3921_TCACAAGTCGGATGTT,Plasmablasts,Plasmablasts,CID3921
CID3921_TCGGGACCATGCCACG,Plasmablasts,Plasmablasts,CID3921
CID3921_TCTTCGGGTAGCTGCC,Plasmablasts,Plasmablasts,CID3921
CID3921_TTCTACAAGTATCTCG,Plasmablasts,Plasmablasts,CID3921
CID3921_TTGTAGGCAGCCTTTC,Plasmablasts,Plasmablasts,CID3921
CID3921_ACACCCTGTGGGTCAA,Plasmablasts,Plasmablasts,CID3921
CID3921_GCATGTATCAGTGCAT,Plasmablasts,Plasmablasts,CID3921
CID3921_GGCAATTGTCATCCCT,Plasmablasts,Plasmablasts,CID3921
CID3921_ACGCAGCCATACAGCT,Plasmablasts,Plasmablasts,CID3921
CID3921_CAACCTCGTTCGGCAC,Plasmablasts,Plasmablasts,CID3921
CID3921_CAAGTTGTCACTATTC,Plasmablasts,Plasmablasts,CID3921
CID3921_CACCAGGCACAGGTTT,Plasmablasts,Plasmablasts,CID3921
CID3921_CCGTACTCAATGGATA,Plasmablasts,Plasmablasts,CID3921
CID3921_CGGACACTCGAGAACG,Plasmablasts,Plasmablasts,CID3921
CID3921_CGGAGCTCAAGCTGAG,Plasmablasts,Plasmablasts,CID3921
CID3921_CGGCTAGTCCCTAACC,Plasmablasts,Plasmablasts,CID3921
CID3921_CGTCAGGTCGTAGGTT,Plasmablasts,Plasmablasts,CID3921
CID3921_CTCGTACCAGTCACTA,Plasmablasts,Plasmablasts,CID3921
CID3921_GACTACACATGTCGAT,Plasmablasts,Plasmablasts,CID3921
CID3921_GGAATAAGTCTGCGGT,Plasmablasts,Plasmablasts,CID3921
CID3921_GGAGCAAAGTGGTAAT,Plasmablasts,Plasmablasts,CID3921
CID3921_TCAACGATCGCAGGCT,Plasmablasts,Plasmablasts,CID3921
CID3921_TCAGGTACAAGCCTAT,Plasmablasts,Plasmablasts,CID3921
CID3921_TCATTACGTCCAACTA,Plasmablasts,Plasmablasts,CID3921
CID3921_TGAAAGAAGTCTCAAC,Plasmablasts,Plasmablasts,CID3921
CID3921_TGCTACCTCGCCTGAG,Plasmablasts,Plasmablasts,CID3921
CID3921_TTAACTCCACGAGGTA,Plasmablasts,Plasmablasts,CID3921
CID3921_TTATGCTAGGACAGAA,Plasmablasts,Plasmablasts,CID3921
CID3921_GCATGCGTCGCCATAA,Plasmablasts,Plasmablasts,CID3921
CID3921_TCAGGATGTCCTGCTT,Plasmablasts,Plasmablasts,CID3921
CID3921_AAACCTGGTCACACGC,Plasmablasts,Plasmablasts,CID3921
CID3921_AGCGTATAGACACTAA,Plasmablasts,Plasmablasts,CID3921
CID3921_CACATAGCAGCATGAG,Plasmablasts,Plasmablasts,CID3921
CID3921_CTGCGGAGTAGAAAGG,Plasmablasts,Plasmablasts,CID3921
CID3921_TCCCGATTCACAGTAC,Plasmablasts,Plasmablasts,CID3921
CID3921_AAGCCGCAGCCGCCTA,Plasmablasts,Plasmablasts,CID3921
CID3921_AGTGAGGCACCAGTTA,Plasmablasts,Plasmablasts,CID3921
CID3921_CGTCAGGGTTACCGAT,Plasmablasts,Plasmablasts,CID3921
CID3921_CTACCCACAATTCCTT,Plasmablasts,Plasmablasts,CID3921
CID3921_GGGCATCCATTACCTT,Plasmablasts,Plasmablasts,CID3921
CID3921_GTACTCCAGACCTAGG,Plasmablasts,Plasmablasts,CID3921
CID3921_TAGGCATCATGCTGGC,Plasmablasts,Plasmablasts,CID3921
CID3921_ACATACGAGTAGGCCA,Plasmablasts,Plasmablasts,CID3921
CID3921_CATATGGGTTCTGAAC,Plasmablasts,Plasmablasts,CID3921
CID3921_CTGATCCAGGCAAAGA,Plasmablasts,Plasmablasts,CID3921
CID3921_TACACGATCGTTACGA,Plasmablasts,Plasmablasts,CID3921
CID3921_TTTGTCAAGGCTCAGA,Plasmablasts,Plasmablasts,CID3921
CID3921_ACAGCTAAGCGCTTAT,Plasmablasts,Plasmablasts,CID3921
CID3921_ACGCCGATCACCATAG,Plasmablasts,Plasmablasts,CID3921
CID3921_AGATTGCTCTTCATGT,Plasmablasts,Plasmablasts,CID3921
CID3921_CATATTCGTGTCCTCT,Plasmablasts,Plasmablasts,CID3921
CID3921_CGGACGTTCCGTCAAA,Plasmablasts,Plasmablasts,CID3921
CID3921_CGTCAGGGTTGTGGCC,Plasmablasts,Plasmablasts,CID3921
CID3921_CTACACCTCAGAGACG,Plasmablasts,Plasmablasts,CID3921
CID3921_CTCTAATTCGAGCCCA,Plasmablasts,Plasmablasts,CID3921
CID3921_GATCGTAAGACCTAGG,Plasmablasts,Plasmablasts,CID3921
CID3921_GCCTCTAGTAGCGCAA,Plasmablasts,Plasmablasts,CID3921
CID3921_GCTCCTACAGAGTGTG,Plasmablasts,Plasmablasts,CID3921
CID3921_GGAATAATCTTGACGA,Plasmablasts,Plasmablasts,CID3921
CID3921_GGAGCAAAGGCTAGCA,Plasmablasts,Plasmablasts,CID3921
CID3921_GTCACAAAGGCCGAAT,Plasmablasts,Plasmablasts,CID3921
CID3921_TATCAGGTCTCCCTGA,Plasmablasts,Plasmablasts,CID3921
CID3921_TTGCCGTCAGGACCCT,Plasmablasts,Plasmablasts,CID3921
CID3921_CAGAGAGCAGGGTACA,Plasmablasts,Plasmablasts,CID3921
CID3921_GCTGGGTGTGTCGCTG,Plasmablasts,Plasmablasts,CID3921
CID3921_TACCTATCAAGCCTAT,Plasmablasts,Plasmablasts,CID3921
CID3921_AGGTCCGCACCTGGTG,Plasmablasts,Plasmablasts,CID3921
CID3921_GCAGTTAAGCTCCTTC,Plasmablasts,Plasmablasts,CID3921
CID3921_GCATGATAGAAGGTGA,Plasmablasts,Plasmablasts,CID3921
CID3921_AACACGTGTCTCTTTA,Plasmablasts,Plasmablasts,CID3921
CID3921_AAACCTGAGTGGACGT,Plasmablasts,Plasmablasts,CID3921
CID3921_ACTGCTCAGATGTTAG,Plasmablasts,Plasmablasts,CID3921
CID3921_GAGTCCGCAGGGTTAG,Plasmablasts,Plasmablasts,CID3921
CID3921_TCACAAGGTACCGGCT,Plasmablasts,Plasmablasts,CID3921
CID3921_TGAGCCGTCAGCGATT,Plasmablasts,Plasmablasts,CID3921
CID3921_ACGGGCTTCTCAACTT,T-cells,T cells CD8+,CID3921
CID3921_TGACAACTCAGCTGGC,T-cells,T cells CD8+,CID3921
CID3921_CACAGGCGTGCTTCTC,T-cells,T cells CD8+,CID3921
CID3921_CATTCGCAGACAATAC,T-cells,T cells CD8+,CID3921
CID3921_CGATTGAGTAGCTCCG,T-cells,T cells CD8+,CID3921
CID3921_CGGAGTCGTCCTCTTG,T-cells,T cells CD8+,CID3921
CID3921_CTGCTGTCACCAGGTC,T-cells,T cells CD8+,CID3921
CID3921_AAGACCTGTCGAACAG,T-cells,T cells CD8+,CID3921
CID3921_CCTTCCCCATCCGCGA,T-cells,T cells CD8+,CID3921
CID3921_TGCTACCAGGCGTACA,T-cells,T cells CD8+,CID3921
CID3921_TTGGAACTCAGTTCGA,T-cells,T cells CD8+,CID3921
CID3921_CAAGATCGTGGCCCTA,T-cells,T cells CD4+,CID3921
CID3921_GCACTCTCAAGGTTCT,T-cells,T cells CD4+,CID3921
CID3921_TAGAGCTGTTCCACAA,T-cells,T cells CD4+,CID3921
CID3921_ACTTACTGTCAAAGCG,T-cells,T cells CD4+,CID3921
CID3921_ATAACGCTCCTTTCTC,T-cells,T cells CD4+,CID3921
CID3921_GTGCAGCTCTTGAGGT,T-cells,T cells CD4+,CID3921
CID3921_TGTATTCAGCCTTGAT,T-cells,T cells CD4+,CID3921
CID3921_CTTACCGGTCTAGTCA,T-cells,T cells CD4+,CID3921
CID3921_TTCTACACAGATCGGA,T-cells,T cells CD4+,CID3921
CID3921_ACTGTCCGTTATCGGT,T-cells,T cells CD4+,CID3921
CID3921_GTGAAGGAGCCGCCTA,T-cells,T cells CD4+,CID3921
CID3921_CCTATTAAGATGTGGC,T-cells,T cells CD4+,CID3921
CID3921_TTCTCCTTCGTGGTCG,T-cells,T cells CD4+,CID3921
CID3921_CTTGGCTAGAAGGCCT,T-cells,T cells CD4+,CID3921
CID3921_ACAGCTACAGCGTTCG,T-cells,T cells CD4+,CID3921
CID3921_ACGCCAGTCTGATTCT,T-cells,T cells CD4+,CID3921
CID3921_AGATCTGAGTGGGATC,T-cells,T cells CD4+,CID3921
CID3921_CACCAGGAGAGTGAGA,T-cells,T cells CD4+,CID3921
CID3921_CATCAAGGTTGCTCCT,T-cells,T cells CD4+,CID3921
CID3921_CGATCGGAGTGGTAGC,T-cells,T cells CD4+,CID3921
CID3921_CTCTAATCAAGGACTG,T-cells,T cells CD4+,CID3921
CID3921_GATTCAGTCTCATTCA,T-cells,T cells CD4+,CID3921
CID3921_AGGGAGTGTAGTGAAT,T-cells,T cells CD4+,CID3921
CID3921_CTACGTCGTCCCGACA,T-cells,T cells CD4+,CID3921
CID3921_TGTGTTTTCCAACCAA,T-cells,T cells CD4+,CID3921
CID3921_AAAGCAATCTGGTGTA,Myeloid,Macrophage,CID3921
CID3921_AAGCCGCTCGCTGATA,Myeloid,Macrophage,CID3921
CID3921_ACTTGTTGTTAAGAAC,Myeloid,Macrophage,CID3921
CID3921_AGCCTAACATGCATGT,Myeloid,Macrophage,CID3921
CID3921_AGTCTTTCACCTCGTT,Myeloid,Macrophage,CID3921
CID3921_CACCAGGAGAAAGTGG,Myeloid,Macrophage,CID3921
CID3921_CACTCCACATCCGTGG,Myeloid,Macrophage,CID3921
CID3921_CCATTCGGTGCCTTGG,Myeloid,Macrophage,CID3921
CID3921_GGATGTTCATACAGCT,Myeloid,Macrophage,CID3921
CID3921_GTTCGGGCAGACAAAT,Myeloid,Macrophage,CID3921
CID3921_TGAGGGATCCCTTGCA,Myeloid,Macrophage,CID3921
CID3921_TGCTGCTTCAGCAACT,Myeloid,Macrophage,CID3921
CID3921_CTTTGCGAGGCTCATT,Myeloid,Macrophage,CID3921
CID3921_GCTGCAGTCTACCAGA,Myeloid,Macrophage,CID3921
CID3921_GCTGGGTTCTACCAGA,Myeloid,Macrophage,CID3921
CID3921_TTGCCGTAGATCCCAT,Myeloid,Macrophage,CID3921
CID3921_TTGTAGGGTCGTGGCT,Myeloid,Macrophage,CID3921
CID3921_AAAGATGCAGGGTACA,Myeloid,Monocyte,CID3921
CID3921_ACACTGAGTTGCTCCT,Myeloid,Monocyte,CID3921
CID3921_ACGCAGCCACTATCTT,Myeloid,Monocyte,CID3921
CID3921_CAGTAACAGTCATCCA,Myeloid,Monocyte,CID3921
CID3921_CTTAACTCACGTTGGC,Myeloid,Monocyte,CID3921
CID3921_GGACGTCAGACATAAC,Myeloid,Monocyte,CID3921
CID3921_GTCCTCAAGCAGACTG,Myeloid,Monocyte,CID3921
CID3921_TTCTCAACATCGATGT,Myeloid,Monocyte,CID3921
CID3921_TTGGCAACAAGGTTTC,Myeloid,Monocyte,CID3921
CID3921_AGTGGGAAGGTGTTAA,Myeloid,Monocyte,CID3921
CID3921_GTCACAAGTCCGTCAG,Myeloid,Macrophage,CID3921
CID3921_TGACTTTCAGACACTT,Myeloid,Macrophage,CID3921
CID3921_TTGGAACGTGGACGAT,Myeloid,Macrophage,CID3921
CID3921_GTATCTTAGCCAGAAC,Myeloid,Macrophage,CID3921
CID3921_TGTGGTATCGCCGTGA,Myeloid,Macrophage,CID3921
CID3921_TGCTACCCACCCTATC,Myeloid,Macrophage,CID3921
CID3921_ACTGAACCAGCCAATT,Myeloid,Macrophage,CID3921
CID3921_TCAGCTCGTGTTGAGG,Myeloid,Macrophage,CID3921
CID3921_TTAGGCAGTTCGCGAC,Myeloid,Macrophage,CID3921
CID3921_AGTAGTCCACGCCAGT,Myeloid,Macrophage,CID3921
CID3921_ACTGAGTTCTCATTCA,Myeloid,Macrophage,CID3921
CID3921_ATCGAGTTCCCAAGTA,Myeloid,Macrophage,CID3921
CID3921_GAAATGAAGTTATCGC,Myeloid,Macrophage,CID3921
CID3921_GTACTCCTCAATACCG,Myeloid,Macrophage,CID3921
CID3921_TCAGCAATCCTGTACC,Myeloid,Macrophage,CID3921
CID3921_AACCGCGTCACAAACC,Myeloid,Macrophage,CID3921
CID3921_ATCATGGAGTACTTGC,Myeloid,Macrophage,CID3921
CID3921_CAGAGAGGTATCGCAT,Myeloid,Macrophage,CID3921
CID3921_GAGTCCGTCTTGACGA,Myeloid,Macrophage,CID3921
CID3921_GTACGTAGTCCGTCAG,Myeloid,Macrophage,CID3921
CID3921_TCGTAGACACGACGAA,Myeloid,Macrophage,CID3921
CID3921_TTCTACAGTGTGTGCC,Myeloid,Macrophage,CID3921
CID3921_CCTTACGCACTCGACG,Myeloid,Monocyte,CID3921
CID3921_CTCTACGTCATGCTCC,Myeloid,Monocyte,CID3921
CID3921_GATCTAGTCCGCTGTT,Myeloid,Monocyte,CID3921
CID3921_GATGAAAAGGCGTACA,Myeloid,Monocyte,CID3921
CID3921_CGTAGCGAGCGAAGGG,Myeloid,Monocyte,CID3921
CID3921_CTCGGGATCACGCATA,Myeloid,Macrophage,CID3921
CID3921_GGGAATGAGCGTGAAC,Myeloid,DCs,CID3921
CID3921_GGGAGATAGGCCCTCA,Myeloid,DCs,CID3921
CID3921_GTAGTCAAGAGCTATA,Myeloid,DCs,CID3921
CID3921_AAGCCGCGTAGCGCTC,Myeloid,DCs,CID3921
CID3921_AGGCCACGTACTCTCC,Myeloid,DCs,CID3921
CID3921_GTTCTCGCACATCCGG,Myeloid,DCs,CID3921
CID3921_TCGGTAATCAGCCTAA,Myeloid,DCs,CID3921
CID3921_AGAGTGGTCATCATTC,Myeloid,DCs,CID3921
CID3921_CTCGAAATCGTACCGG,Myeloid,DCs,CID3921
CID3921_CGACTTCCAGTCCTTC,Cancer Epithelial,Cancer Cycling,CID3921
CID3921_CTCAGAACACTTGGAT,Cancer Epithelial,Cancer Cycling,CID3921
CID3921_GGCTCGATCACTATTC,Cancer Epithelial,Cancer Cycling,CID3921
CID3921_TCACGAATCATAACCG,Cancer Epithelial,Cancer Cycling,CID3921
CID3921_TCAGCAAGTTCTGAAC,Cancer Epithelial,Cancer Cycling,CID3921
CID3921_TTGCCGTCACGCGAAA,Cancer Epithelial,Cancer Cycling,CID3921
CID3921_AAGGTTCCACCGATAT,Cancer Epithelial,Cancer Her2 SC,CID3921
CID3921_ACATACGCAATGAATG,Cancer Epithelial,Cancer Her2 SC,CID3921
CID3921_ACCAGTAGTGGGTATG,Cancer Epithelial,Cancer Her2 SC,CID3921
CID3921_ACGATACGTCACCCAG,Cancer Epithelial,Cancer Her2 SC,CID3921
CID3921_AGGTCCGTCTGGAGCC,Cancer Epithelial,Cancer Her2 SC,CID3921
CID3921_AGTGAGGAGGCGACAT,Cancer Epithelial,Cancer Her2 SC,CID3921
CID3921_ATCCACCGTTGATTCG,Cancer Epithelial,Cancer Her2 SC,CID3921
CID3921_CATCGAATCCGCGCAA,Cancer Epithelial,Cancer Her2 SC,CID3921
CID3921_CATTCGCGTGTGCCTG,Cancer Epithelial,Cancer Her2 SC,CID3921
CID3921_CGAGCCAGTAGGCTGA,Cancer Epithelial,Cancer Her2 SC,CID3921
CID3921_CGCTGGAAGAACAACT,Cancer Epithelial,Cancer Her2 SC,CID3921
CID3921_CGCTGGAAGTGTTGAA,Cancer Epithelial,Cancer Her2 SC,CID3921
CID3921_CTCAGAATCCTAGAAC,Cancer Epithelial,Cancer Her2 SC,CID3921
CID3921_CTTAACTAGTTTCCTT,Cancer Epithelial,Cancer Her2 SC,CID3921
CID3921_GCAGTTATCATATCGG,Cancer Epithelial,Cancer Her2 SC,CID3921
CID3921_GCGGGTTTCGGAAATA,Cancer Epithelial,Cancer Her2 SC,CID3921
CID3921_GCTGCGAAGAAGCCCA,Cancer Epithelial,Cancer Her2 SC,CID3921
CID3921_GGACGTCCATACTCTT,Cancer Epithelial,Cancer Her2 SC,CID3921
CID3921_GGCTCGAAGTGCCATT,Cancer Epithelial,Cancer Her2 SC,CID3921
CID3921_GTACGTACAGCCACCA,Cancer Epithelial,Cancer Her2 SC,CID3921
CID3921_GTGTTAGGTAAATGAC,Cancer Epithelial,Cancer Her2 SC,CID3921
CID3921_TAGACCATCCGTCATC,Cancer Epithelial,Cancer Her2 SC,CID3921
CID3921_TAGCCGGTCCGTCAAA,Cancer Epithelial,Cancer Her2 SC,CID3921
CID3921_TATGCCCTCTTCGGTC,Cancer Epithelial,Cancer Her2 SC,CID3921
CID3921_TCAGCTCGTCAAACTC,Cancer Epithelial,Cancer Her2 SC,CID3921
CID3921_TGGGAAGTCAACGAAA,Cancer Epithelial,Cancer Her2 SC,CID3921
CID3921_TGTATTCTCATTTGGG,Cancer Epithelial,Cancer Her2 SC,CID3921
CID3921_TTGGCAATCATGTCCC,Cancer Epithelial,Cancer Her2 SC,CID3921
CID3838_ACAACCAGTGCGACAA,Endothelial,Endothelial ACKR1,CID3838
CID3838_CTCAGTCGTCACTTCC,Endothelial,Endothelial ACKR1,CID3838
CID3838_GAGAGGTGTTCTTGTT,Endothelial,Endothelial ACKR1,CID3838
CID3838_TGTTCCGAGACCTGGA,Endothelial,Endothelial ACKR1,CID3838
CID3838_TTACGCCCAGCCTTCT,Endothelial,Endothelial ACKR1,CID3838
CID3838_TTAGTCTTCTGGGATT,Endothelial,Endothelial ACKR1,CID3838
CID3838_GTACAGTGTTACACTG,Endothelial,Endothelial RGS5,CID3838
CID3838_TCCTTCTCATGTGCTA,Endothelial,Endothelial RGS5,CID3838
CID3838_TCGACGGGTTCGAACT,Endothelial,Endothelial RGS5,CID3838
CID3838_TGTGAGTGTGTGACCC,Endothelial,Endothelial RGS5,CID3838
CID3838_AGCTCAAGTTACGTAC,Endothelial,Endothelial CXCL12,CID3838
CID3838_GCGATCGTCGCATGAT,Endothelial,Endothelial CXCL12,CID3838
CID3838_GTCAAGTGTCGAAACG,CAFs,CAFs MSC iCAF-like,CID3838
CID3838_TCCTTTCTCGTAGGGA,CAFs,CAFs MSC iCAF-like,CID3838
CID3838_GCGGAAAGTGATACAA,CAFs,CAFs MSC iCAF-like,CID3838
CID3838_ACTCTCGTCATACGAC,CAFs,CAFs myCAF-like,CID3838
CID3838_CTATCTAAGTGGTCAG,CAFs,CAFs myCAF-like,CID3838
CID3838_ATTCACTCAAATTGCC,CAFs,CAFs myCAF-like,CID3838
CID3838_CCGGGTAAGAGGTATT,CAFs,CAFs myCAF-like,CID3838
CID3838_TTCCTAAGTTCCTTGC,CAFs,CAFs myCAF-like,CID3838
CID3838_TGTTCATCAGCACGAA,CAFs,CAFs myCAF-like,CID3838
CID3838_CGGAGAACAAGTGGTG,CAFs,CAFs myCAF-like,CID3838
CID3838_CAATACGAGCGTTAGG,CAFs,CAFs myCAF-like,CID3838
CID3838_AGCCAATAGAGTCTTC,CAFs,CAFs myCAF-like,CID3838
CID3838_AGCCACGAGTGCCTCG,CAFs,CAFs myCAF-like,CID3838
CID3838_AGTGCCGTCAGCCTCT,CAFs,CAFs myCAF-like,CID3838
CID3838_CTCATGCAGACCTGGA,CAFs,CAFs myCAF-like,CID3838
CID3838_CTCCTCCTCGGCACTG,CAFs,CAFs myCAF-like,CID3838
CID3838_GAACACTAGGCGTTGA,CAFs,CAFs myCAF-like,CID3838
CID3838_GACTCTCTCTCGGCTT,CAFs,CAFs myCAF-like,CID3838
CID3838_GCGGATCCACTCAAGT,CAFs,CAFs myCAF-like,CID3838
CID3838_GGAAGTGTCGAAGTGG,CAFs,CAFs myCAF-like,CID3838
CID3838_GTAGCTACAAGTGGGT,CAFs,CAFs myCAF-like,CID3838
CID3838_GTTGCGGGTACATTGC,CAFs,CAFs myCAF-like,CID3838
CID3838_GTTTACTCACGGTGCT,CAFs,CAFs myCAF-like,CID3838
CID3838_TACAACGGTGGGAGAG,CAFs,CAFs myCAF-like,CID3838
CID3838_TCCACGTGTTGATCGT,CAFs,CAFs myCAF-like,CID3838
CID3838_TCCCAGTTCGATACAC,CAFs,CAFs myCAF-like,CID3838
CID3838_TGCTGAAAGAGTTGAT,CAFs,CAFs myCAF-like,CID3838
CID3838_ATACTTCAGGCGCTTC,CAFs,CAFs myCAF-like,CID3838
CID3838_TTTGACTCACATGTTG,PVL,PVL Differentiated,CID3838
CID3838_AAACGCTGTCTACACA,PVL,PVL Differentiated,CID3838
CID3838_ATTCACTTCAAGCCAT,PVL,PVL Differentiated,CID3838
CID3838_CATTGTTGTTCTCTCG,PVL,PVL Differentiated,CID3838
CID3838_CCATAAGCAAAGGTTA,PVL,PVL Differentiated,CID3838
CID3838_CCGGTAGGTGATGGCA,PVL,PVL Differentiated,CID3838
CID3838_CCTCCAAAGAGAGCGG,PVL,PVL Differentiated,CID3838
CID3838_GACGTTATCCGCCTAT,PVL,PVL Differentiated,CID3838
CID3838_GCAGCCACAGATCATC,PVL,PVL Differentiated,CID3838
CID3838_GCCCAGATCAAGAATG,PVL,PVL Differentiated,CID3838
CID3838_GGAGCAATCGACCACG,PVL,PVL Differentiated,CID3838
CID3838_GGTTGTAAGCTGCCAC,PVL,PVL Differentiated,CID3838
CID3838_ATGAGTCTCCATAGGT,PVL,PVL Differentiated,CID3838
CID3838_CGTAATGGTCTAGGCC,PVL,PVL Differentiated,CID3838
CID3838_GTGTTCCCACGTGAGA,PVL,PVL Differentiated,CID3838
CID3838_GCAGCTGTCCCATTTA,PVL,PVL Immature,CID3838
CID3838_TAAGCGTTCTCCGAGG,PVL,PVL Immature,CID3838
CID3838_TCTCCGATCTTGGAAC,PVL,PVL Immature,CID3838
CID3838_TTCAATCAGGGATGTC,PVL,PVL Immature,CID3838
CID3838_TTGCATTGTATACCCA,PVL,PVL Immature,CID3838
CID3838_TCACTATTCGCCGAAC,PVL,PVL Immature,CID3838
CID3838_ACTGCAAAGCCAACCC,PVL,PVL Immature,CID3838
CID3838_AGTGTTGCAGAACTTC,PVL,PVL Immature,CID3838
CID3838_GACATCATCGCATAGT,PVL,PVL Immature,CID3838
CID3838_GTCGTTCCAATTTCCT,PVL,PVL Immature,CID3838
CID3838_TGTGATGCAACGTATC,PVL,PVL Immature,CID3838
CID3838_CTCAACCCATCCTAAG,B-cells,B cells Memory,CID3838
CID3838_AGGCTGCTCTAACACG,B-cells,B cells Memory,CID3838
CID3838_CACTGAAGTGACGCCT,B-cells,B cells Memory,CID3838
CID3838_CTCCCAAGTAGACACG,B-cells,B cells Memory,CID3838
CID3838_CTGTATTTCCCGAGTG,B-cells,B cells Memory,CID3838
CID3838_GTAATCGAGTCACTCA,B-cells,B cells Memory,CID3838
CID3838_AGTCACACACTGTGAT,B-cells,B cells Memory,CID3838
CID3838_GAGTCATCAAGCCATT,B-cells,B cells Memory,CID3838
CID3838_GCCATTCTCACTCCGT,B-cells,B cells Memory,CID3838
CID3838_GTGTCCTCAATCCTTT,B-cells,B cells Memory,CID3838
CID3838_AGTGCCGCAGAGATGC,B-cells,B cells Memory,CID3838
CID3838_ATGGATCTCGAGCCAC,B-cells,B cells Memory,CID3838
CID3838_GATCCCTGTTCGGTTA,B-cells,B cells Memory,CID3838
CID3838_TGATCAGCAAGTTCCA,B-cells,B cells Memory,CID3838
CID3838_ACGTCCTTCATGGAGG,B-cells,B cells Memory,CID3838
CID3838_CCTGCATCACCCAATA,B-cells,B cells Memory,CID3838
CID3838_CGGGTCAGTACATTGC,B-cells,B cells Memory,CID3838
CID3838_GCTACCTGTGCCCAGT,B-cells,B cells Memory,CID3838
CID3838_TGTCCTGCACTGGCCA,B-cells,B cells Memory,CID3838
CID3838_CTGTACCCACGTCTCT,Plasmablasts,Plasmablasts,CID3838
CID3838_AACTTCTAGACTTCAC,Plasmablasts,Plasmablasts,CID3838
CID3838_AAGACAAAGTATCTGC,Plasmablasts,Plasmablasts,CID3838
CID3838_AGCGATTGTCGCTGCA,Plasmablasts,Plasmablasts,CID3838
CID3838_ATCGTCCTCTACAGGT,Plasmablasts,Plasmablasts,CID3838
CID3838_CGAAGTTAGAGCAGCT,Plasmablasts,Plasmablasts,CID3838
CID3838_TAATTCCCAGTTGAAA,Plasmablasts,Plasmablasts,CID3838
CID3838_TCTACCGAGATGTAGT,Plasmablasts,Plasmablasts,CID3838
CID3838_TCTATACGTTGGGTTT,Plasmablasts,Plasmablasts,CID3838
CID3838_TGTGTGATCCATTCAT,Plasmablasts,Plasmablasts,CID3838
CID3838_GATTGGTAGAGGCCAT,Plasmablasts,Plasmablasts,CID3838
CID3838_CCACCATTCACTGGTA,Plasmablasts,Plasmablasts,CID3838
CID3838_CTGCAGGGTGTACAGG,Plasmablasts,Plasmablasts,CID3838
CID3838_CTGGCAGCAAGGCAAC,Plasmablasts,Plasmablasts,CID3838
CID3838_TGAGGGAGTCCAGTTA,Plasmablasts,Plasmablasts,CID3838
CID3838_ATGGATCAGGTTAGTA,Plasmablasts,Plasmablasts,CID3838
CID3838_GCCAGGTCAATACGCT,Plasmablasts,Plasmablasts,CID3838
CID3838_CCGCAAGTCTCGGGAC,Plasmablasts,Plasmablasts,CID3838
CID3838_CGGTCAGGTCCACAGC,Plasmablasts,Plasmablasts,CID3838
CID3838_CAGTTCCGTATCTTCT,Plasmablasts,Plasmablasts,CID3838
CID3838_CTCTCGACAATCAGCT,Plasmablasts,Plasmablasts,CID3838
CID3838_GAAACCTAGATGTAGT,Plasmablasts,Plasmablasts,CID3838
CID3838_GAAGCCCGTGACCTGC,Plasmablasts,Plasmablasts,CID3838
CID3838_GATTTCTTCATTGTTC,Plasmablasts,Plasmablasts,CID3838
CID3838_GGATCTATCCTAACAG,Plasmablasts,Plasmablasts,CID3838
CID3838_TTCCAATAGCACGTCC,Plasmablasts,Plasmablasts,CID3838
CID3838_TTCTAGTAGTTGGGAC,Plasmablasts,Plasmablasts,CID3838
CID3838_CGGACACCACCTGATA,Plasmablasts,Plasmablasts,CID3838
CID3838_TGGTACATCGCTAATG,Plasmablasts,Plasmablasts,CID3838
CID3838_GTCCACTCAAGCGCAA,Plasmablasts,Plasmablasts,CID3838
CID3838_GTGTCCTTCACGGGCT,Plasmablasts,Plasmablasts,CID3838
CID3838_CCACGTTCAGCGGTTC,T-cells,T cells CD8+,CID3838
CID3838_TTGCTGCGTAATGCGG,T-cells,T cells CD8+,CID3838
CID3838_GACGTTATCTCGAGTA,T-cells,T cells CD8+,CID3838
CID3838_CGTTCTGCATTGACAC,T-cells,T cells CD8+,CID3838
CID3838_TACTTCAGTAACAGTA,T-cells,T cells CD4+,CID3838
CID3838_GAAGTAAGTAGTGGCA,T-cells,T cells CD4+,CID3838
CID3838_ACTGTGATCGACATCA,T-cells,T cells CD4+,CID3838
CID3838_ATTCTACGTGACGCCT,T-cells,T cells CD4+,CID3838
CID3838_CCCTCAAAGATCGGTG,T-cells,T cells CD4+,CID3838
CID3838_TCACGGGGTGTACAGG,T-cells,T cells CD4+,CID3838
CID3838_TCATCATGTCTTCATT,T-cells,T cells CD4+,CID3838
CID3838_TGCAGTACATTCATCT,T-cells,T cells CD4+,CID3838
CID3838_TTCACGCAGGTGGGTT,T-cells,T cells CD4+,CID3838
CID3838_TTCTAGTCAGCACCCA,T-cells,T cells CD4+,CID3838
CID3838_AAACGAACAAGCCATT,T-cells,T cells CD4+,CID3838
CID3838_ATCTCTACACTGTGAT,T-cells,T cells CD4+,CID3838
CID3838_CTCCTTTTCCAGTTCC,T-cells,T cells CD4+,CID3838
CID3838_GGAGATGGTAACATCC,T-cells,T cells CD4+,CID3838
CID3838_GTAATGCTCGGCCAAC,T-cells,T cells CD4+,CID3838
CID3838_TGAGGGATCTCCGTGT,T-cells,T cells CD4+,CID3838
CID3838_AGACCATTCTACTCAT,T-cells,T cells CD4+,CID3838
CID3838_ATACCTTGTTAGGCCC,T-cells,T cells CD4+,CID3838
CID3838_ATTTCACAGTCAGCCC,T-cells,T cells CD4+,CID3838
CID3838_CAATACGCATCCGCGA,T-cells,T cells CD4+,CID3838
CID3838_CTACATTTCTCTGGTC,T-cells,T cells CD4+,CID3838
CID3838_CTCTCAGGTTGCCATA,T-cells,T cells CD4+,CID3838
CID3838_CTGCATCTCGAGAGAC,T-cells,T cells CD4+,CID3838
CID3838_TAAGCACAGACTCTAC,T-cells,T cells CD4+,CID3838
CID3838_TCACACCGTGGGATTG,T-cells,T cells CD4+,CID3838
CID3838_TCGTGGGCAAAGCTCT,T-cells,T cells CD4+,CID3838
CID3838_TGGTACACACATGACT,T-cells,T cells CD4+,CID3838
CID3838_TTCGATTCATTCTGTT,T-cells,T cells CD4+,CID3838
CID3838_ATCACAGTCCTCACGT,T-cells,T cells CD4+,CID3838
CID3838_GAATAGACACGAGGTA,T-cells,T cells CD4+,CID3838
CID3838_AAAGGATTCTCCTGCA,Myeloid,Macrophage,CID3838
CID3838_ACCTACCAGGCGTCCT,Myeloid,Macrophage,CID3838
CID3838_ACTTAGGTCTTAGGAC,Myeloid,Macrophage,CID3838
CID3838_AGGTTGTTCGTTACCC,Myeloid,Macrophage,CID3838
CID3838_ATGCATGCATAACGGG,Myeloid,Macrophage,CID3838
CID3838_ATTTCTGGTGCCCTTT,Myeloid,Macrophage,CID3838
CID3838_CAATTTCGTATCACCA,Myeloid,Macrophage,CID3838
CID3838_CAGATCACAGGGACTA,Myeloid,Macrophage,CID3838
CID3838_CTGCCATAGGTGGGTT,Myeloid,Macrophage,CID3838
CID3838_CTGTGAATCCTCGATC,Myeloid,Macrophage,CID3838
CID3838_CTTCAATGTACGGGAT,Myeloid,Macrophage,CID3838
CID3838_GATCCCTCAACCGACC,Myeloid,Macrophage,CID3838
CID3838_GATTGGTGTCTAGGTT,Myeloid,Macrophage,CID3838
CID3838_GGAATCTTCGATCCAA,Myeloid,Macrophage,CID3838
CID3838_GGAGATGAGCTGGTGA,Myeloid,Macrophage,CID3838
CID3838_GTACAGTTCGAACGCC,Myeloid,Macrophage,CID3838
CID3838_GTGGCGTAGGTTACAA,Myeloid,Macrophage,CID3838
CID3838_TAACGACCAGCATGCC,Myeloid,Macrophage,CID3838
CID3838_TACAACGAGTCCTGCG,Myeloid,Macrophage,CID3838
CID3838_TCATACTTCTGTAAGC,Myeloid,Macrophage,CID3838
CID3838_TCCGAAACATCGTTCC,Myeloid,Macrophage,CID3838
CID3838_TCGCTCAGTTCCTAGA,Myeloid,Macrophage,CID3838
CID3838_TCGTAGAAGTAGACCG,Myeloid,Macrophage,CID3838
CID3838_TTGTTCATCGCACGGT,Myeloid,Macrophage,CID3838
CID3838_TTTCACATCTCAATCT,Myeloid,Macrophage,CID3838
CID3838_ACTTCGCGTCTTCGAA,Myeloid,Macrophage,CID3838
CID3838_CCACGTTTCCGTCACT,Myeloid,Macrophage,CID3838
CID3838_GTCAAACTCTTACGGA,Myeloid,Macrophage,CID3838
CID3838_GCTTGGGTCGAACCTA,Myeloid,Macrophage,CID3838
CID3838_CACTGGGCAAGGTCAG,Myeloid,Monocyte,CID3838
CID3838_AATGGAACACCACATA,Myeloid,Monocyte,CID3838
CID3838_CTTTCGGAGGGCTGAT,Myeloid,Monocyte,CID3838
CID3838_CTTTCGGTCCATCTCG,Myeloid,Monocyte,CID3838
CID3838_TCACATTTCACAAGGG,Myeloid,Monocyte,CID3838
CID3838_TGTTCCGTCCAAACCA,Myeloid,Monocyte,CID3838
CID3838_TGAATCGGTCGCGTCA,Myeloid,Monocyte,CID3838
CID3838_AGGAAATGTGGCACTC,Myeloid,Macrophage,CID3838
CID3838_ATACCGATCAAATGCC,Myeloid,Macrophage,CID3838
CID3838_CAGCAATCACGGTAGA,Myeloid,Macrophage,CID3838
CID3838_CTTAGGATCTAACGCA,Myeloid,Macrophage,CID3838
CID3838_GCAGGCTAGGCTCTAT,Myeloid,Macrophage,CID3838
CID3838_GTAGAAACATTGCTGA,Myeloid,Macrophage,CID3838
CID3838_TGAGCATGTCAGCGTC,Myeloid,Macrophage,CID3838
CID3838_TGGATGTAGGTGCATG,Myeloid,Macrophage,CID3838
CID3838_CTGGACGGTCCACTCT,Myeloid,Macrophage,CID3838
CID3838_CTCAAGAGTCACTCGG,Myeloid,Macrophage,CID3838
CID3838_GCATCTCTCGGCTTGG,Myeloid,Macrophage,CID3838
CID3838_TGATTTCCACTACAGT,Myeloid,Macrophage,CID3838
CID3838_CTGTATTCATTGAAAG,Myeloid,Macrophage,CID3838
CID3838_ATAGACCCATCTCATT,Myeloid,Macrophage,CID3838
CID3838_AACCTGAAGCCTGGAA,Myeloid,Macrophage,CID3838
CID3838_ACGGAAGAGGCGAAGG,Myeloid,Macrophage,CID3838
CID3838_ACTGATGCATGCTGCG,Myeloid,Macrophage,CID3838
CID3838_ATCCGTCCAGAGATTA,Myeloid,Macrophage,CID3838
CID3838_CCCTAACCACCTGCTT,Myeloid,Macrophage,CID3838
CID3838_CCCTCAACAGCTAACT,Myeloid,Macrophage,CID3838
CID3838_CCGTGAGTCCGAACGC,Myeloid,Macrophage,CID3838
CID3838_CCTCATGGTCGAAACG,Myeloid,Macrophage,CID3838
CID3838_CTGATCCTCTGGGCAC,Myeloid,Macrophage,CID3838
CID3838_GTAACACTCGTCGACG,Myeloid,Macrophage,CID3838
CID3838_TTCCGTGTCATTCGTT,Myeloid,Macrophage,CID3838
CID3838_TTCCTAAGTTAGGGTG,Myeloid,Macrophage,CID3838
CID3838_ATGGGTTTCGAGCCAC,Myeloid,Macrophage,CID3838
CID3838_TTGTTCAGTGTTACTG,Myeloid,Macrophage,CID3838
CID3838_GGGTCACCACCGAATT,Myeloid,Monocyte,CID3838
CID3838_AAGACTCCAGACACAG,Myeloid,Monocyte,CID3838
CID3838_ACTATCTCAACGCATT,Myeloid,Monocyte,CID3838
CID3838_GCGGATCTCGCTGACG,Myeloid,Monocyte,CID3838
CID3838_CTGCCATGTGTAACGG,Myeloid,Macrophage,CID3838
CID3838_GGCTTTCCACCAGTAT,Myeloid,DCs,CID3838
CID3838_TTCCTTCGTCCACATA,Myeloid,DCs,CID3838
CID3838_ACGTAGTCAGCAGTGA,Myeloid,DCs,CID3838
CID3838_ACGTACATCAACACGT,Myeloid,DCs,CID3838
CID3838_TCAGTCCAGCCATGCC,Myeloid,DCs,CID3838
CID3838_TCGCTTGGTCGAATTC,Myeloid,DCs,CID3838
CID4066_AGAATAGGTCAATACC,Endothelial,Endothelial ACKR1,CID4066
CID4066_TAGGCATGTCCAGTGC,Endothelial,Endothelial ACKR1,CID4066
CID4066_TGGGCGTTCTCTGTCG,Endothelial,Endothelial ACKR1,CID4066
CID4066_ATAAGAGGTTCAACCA,Endothelial,Endothelial ACKR1,CID4066
CID4066_ACGATACTCTTAGAGC,Endothelial,Endothelial ACKR1,CID4066
CID4066_ACGGAGAAGTCTCAAC,Endothelial,Endothelial ACKR1,CID4066
CID4066_AGTTGGTTCTGATACG,Endothelial,Endothelial ACKR1,CID4066
CID4066_CAAGATCCAATGGATA,Endothelial,Endothelial ACKR1,CID4066
CID4066_CAGCTGGTCAAAGACA,Endothelial,Endothelial ACKR1,CID4066
CID4066_CGTAGCGGTGTCAATC,Endothelial,Endothelial ACKR1,CID4066
CID4066_CGTCTACGTATAGTAG,Endothelial,Endothelial ACKR1,CID4066
CID4066_CGTTCTGTCCGAACGC,Endothelial,Endothelial ACKR1,CID4066
CID4066_CTGAAACTCAGTTTGG,Endothelial,Endothelial ACKR1,CID4066
CID4066_GACGTGCAGTGCTGCC,Endothelial,Endothelial ACKR1,CID4066
CID4066_GGGAGATGTGTGAAAT,Endothelial,Endothelial ACKR1,CID4066
CID4066_GTGCGGTCACGCATCG,Endothelial,Endothelial ACKR1,CID4066
CID4066_TACCTATGTTGATTGC,Endothelial,Endothelial ACKR1,CID4066
CID4066_TAGTGGTAGGACTGGT,Endothelial,Endothelial ACKR1,CID4066
CID4066_TATCAGGCAGACGCAA,Endothelial,Endothelial ACKR1,CID4066
CID4066_TGAGCCGAGCCAGTAG,Endothelial,Endothelial ACKR1,CID4066
CID4066_TGCGCAGAGCACCGCT,Endothelial,Endothelial ACKR1,CID4066
CID4066_TTTCCTCAGGAACTGC,Endothelial,Endothelial ACKR1,CID4066
CID4066_CGTCAGGTCTGCCAGG,Endothelial,Endothelial ACKR1,CID4066
CID4066_TGAAAGAGTAACGACG,Endothelial,Endothelial ACKR1,CID4066
CID4066_CAGCTGGAGGATGCGT,Endothelial,Endothelial ACKR1,CID4066
CID4066_TGTGTTTTCAACACCA,Endothelial,Endothelial ACKR1,CID4066
CID4066_ATGGGAGCACAGAGGT,Endothelial,Endothelial ACKR1,CID4066
CID4066_GTTCTCGAGTACGCGA,Endothelial,Endothelial ACKR1,CID4066
CID4066_AACTGGTTCCGAATGT,Endothelial,Endothelial RGS5,CID4066
CID4066_CAGAATCCACGGCCAT,Endothelial,Endothelial RGS5,CID4066
CID4066_CGAATGTTCTGCTTGC,Endothelial,Endothelial RGS5,CID4066
CID4066_CGGACTGCACCAGGCT,Endothelial,Endothelial RGS5,CID4066
CID4066_TGCTACCTCTGTCCGT,Endothelial,Endothelial RGS5,CID4066
CID4066_AAGGCAGGTTTGACAC,Endothelial,Endothelial CXCL12,CID4066
CID4066_AAACGGGGTTTGACTG,Endothelial,Endothelial CXCL12,CID4066
CID4066_AGCATACCAAATACAG,Endothelial,Endothelial CXCL12,CID4066
CID4066_ACACCAAGTGGTGTAG,Endothelial,Endothelial CXCL12,CID4066
CID4066_AGATTGCCACGGTAAG,Endothelial,Endothelial CXCL12,CID4066
CID4066_CGCGTTTAGGAGTTTA,Endothelial,Endothelial CXCL12,CID4066
CID4066_TCACGAAAGATGGCGT,Endothelial,Endothelial CXCL12,CID4066
CID4066_TCATTTGAGAGGGCTT,Endothelial,Endothelial CXCL12,CID4066
CID4066_TCGCGAGCACGACTCG,Endothelial,Endothelial CXCL12,CID4066
CID4066_TGACTTTAGTGTACGG,Endothelial,Endothelial CXCL12,CID4066
CID4066_ACATCAGGTTACAGAA,CAFs,CAFs MSC iCAF-like,CID4066
CID4066_GTAGGCCGTAACGTTC,CAFs,CAFs MSC iCAF-like,CID4066
CID4066_ACGATACCATGGTCAT,CAFs,CAFs MSC iCAF-like,CID4066
CID4066_CCACGGAGTTACAGAA,CAFs,CAFs MSC iCAF-like,CID4066
CID4066_CTGCCTACACAGCCCA,CAFs,CAFs MSC iCAF-like,CID4066
CID4066_TCAGCTCCATCGACGC,CAFs,CAFs MSC iCAF-like,CID4066
CID4066_TGCCCATGTTCCACTC,CAFs,CAFs MSC iCAF-like,CID4066
CID4066_TTTATGCAGTCCGGTC,CAFs,CAFs MSC iCAF-like,CID4066
CID4066_GACCAATAGTCTCAAC,CAFs,CAFs MSC iCAF-like,CID4066
CID4066_ATCGAGTAGAATGTTG,CAFs,CAFs MSC iCAF-like,CID4066
CID4066_CACACTCTCATGCTCC,CAFs,CAFs MSC iCAF-like,CID4066
CID4066_CACAGTACAGTAAGCG,CAFs,CAFs MSC iCAF-like,CID4066
CID4066_CACATTTGTACACCGC,CAFs,CAFs MSC iCAF-like,CID4066
CID4066_CATATTCAGAAACCTA,CAFs,CAFs MSC iCAF-like,CID4066
CID4066_CCTTTCTAGTATCTCG,CAFs,CAFs MSC iCAF-like,CID4066
CID4066_GACAGAGTCGGAATCT,CAFs,CAFs MSC iCAF-like,CID4066
CID4066_GATCGATCAGCATGAG,CAFs,CAFs MSC iCAF-like,CID4066
CID4066_GGTGAAGGTCCGCTGA,CAFs,CAFs MSC iCAF-like,CID4066
CID4066_TATCTCAGTGACTACT,CAFs,CAFs MSC iCAF-like,CID4066
CID4066_TCAGGATAGTGGACGT,CAFs,CAFs MSC iCAF-like,CID4066
CID4066_TGCCCATTCAGTTTGG,CAFs,CAFs MSC iCAF-like,CID4066
CID4066_TTCGAAGAGTAATCCC,CAFs,CAFs MSC iCAF-like,CID4066
CID4066_AGGTCCGTCTCCAACC,CAFs,CAFs MSC iCAF-like,CID4066
CID4066_AACGTTGTCAGGTAAA,CAFs,CAFs MSC iCAF-like,CID4066
CID4066_CGGGTCATCGATAGAA,CAFs,CAFs MSC iCAF-like,CID4066
CID4066_GGACAGATCGGGAGTA,CAFs,CAFs MSC iCAF-like,CID4066
CID4066_AGCGTATTCAGAGGTG,CAFs,CAFs MSC iCAF-like,CID4066
CID4066_ATCCGAAGTTCTGAAC,CAFs,CAFs MSC iCAF-like,CID4066
CID4066_CGTTAGACACCGGAAA,CAFs,CAFs myCAF-like,CID4066
CID4066_AAGGTTCGTTATCGGT,CAFs,CAFs myCAF-like,CID4066
CID4066_ATGGGAGGTTCGCTAA,CAFs,CAFs myCAF-like,CID4066
CID4066_GATGAAAAGATCCTGT,CAFs,CAFs myCAF-like,CID4066
CID4066_CAGCAGCTCGTGGACC,CAFs,CAFs myCAF-like,CID4066
CID4066_GACCTGGGTCACCTAA,CAFs,CAFs myCAF-like,CID4066
CID4066_GATTCAGTCAGTGTTG,CAFs,CAFs myCAF-like,CID4066
CID4066_GCAGTTATCGGAGGTA,CAFs,CAFs myCAF-like,CID4066
CID4066_CGTCACTAGAACTCGG,CAFs,CAFs myCAF-like,CID4066
CID4066_CACAAACGTCTCAACA,CAFs,CAFs myCAF-like,CID4066
CID4066_GAACCTAGTCTCTTAT,CAFs,CAFs myCAF-like,CID4066
CID4066_GATTCAGTCAGTTGAC,CAFs,CAFs myCAF-like,CID4066
CID4066_TCCCGATAGACTGTAA,CAFs,CAFs myCAF-like,CID4066
CID4066_ACGGGTCTCTCTGCTG,CAFs,CAFs myCAF-like,CID4066
CID4066_TTCCCAGCACGTGAGA,CAFs,CAFs myCAF-like,CID4066
CID4066_ACTGAGTTCAGGCGAA,CAFs,CAFs myCAF-like,CID4066
CID4066_TGGGCGTTCATTGCCC,CAFs,CAFs myCAF-like,CID4066
CID4066_ACTTTCACATATACCG,CAFs,CAFs myCAF-like,CID4066
CID4066_CCAGCGACAGCTTAAC,CAFs,CAFs myCAF-like,CID4066
CID4066_GGAGCAAGTAATCACC,CAFs,CAFs myCAF-like,CID4066
CID4066_TTCTCCTTCAAAGTAG,CAFs,CAFs myCAF-like,CID4066
CID4066_CACCAGGGTACTCGCG,CAFs,CAFs myCAF-like,CID4066
CID4066_CGGACACTCCCTCAGT,CAFs,CAFs myCAF-like,CID4066
CID4066_CTAACTTGTTAGATGA,CAFs,CAFs myCAF-like,CID4066
CID4066_TCCCGATTCCCTCAGT,CAFs,CAFs myCAF-like,CID4066
CID4066_AACTCAGAGCGTTTAC,CAFs,CAFs myCAF-like,CID4066
CID4066_ACGATACCAGAGTGTG,CAFs,CAFs myCAF-like,CID4066
CID4066_AGGGATGAGATCCGAG,CAFs,CAFs myCAF-like,CID4066
CID4066_AGTCTTTAGCTAAACA,CAFs,CAFs myCAF-like,CID4066
CID4066_CCACCTAGTGAGCGAT,CAFs,CAFs myCAF-like,CID4066
CID4066_CCAGCGACATGGTCTA,CAFs,CAFs myCAF-like,CID4066
CID4066_CCCTCCTTCCGATATG,CAFs,CAFs myCAF-like,CID4066
CID4066_CGATGTATCACTATTC,CAFs,CAFs myCAF-like,CID4066
CID4066_CTCGTACGTTCATGGT,CAFs,CAFs myCAF-like,CID4066
CID4066_CTTTGCGTCGTATCAG,CAFs,CAFs myCAF-like,CID4066
CID4066_GTACGTATCGAATGCT,CAFs,CAFs myCAF-like,CID4066
CID4066_GTCAAGTAGAATTCCC,CAFs,CAFs myCAF-like,CID4066
CID4066_GTGTGCGAGATGTAAC,CAFs,CAFs myCAF-like,CID4066
CID4066_GTGTTAGTCCGAGCCA,CAFs,CAFs myCAF-like,CID4066
CID4066_TACGGTAGTGCACGAA,CAFs,CAFs myCAF-like,CID4066
CID4066_TCCACACCAATACGCT,CAFs,CAFs myCAF-like,CID4066
CID4066_TCGTACCGTGCGAAAC,CAFs,CAFs myCAF-like,CID4066
CID4066_GACCAATCAACGATGG,CAFs,CAFs myCAF-like,CID4066
CID4066_ATCTACTGTGTTCGAT,CAFs,CAFs myCAF-like,CID4066
CID4066_CAAGATCTCTCTGCTG,CAFs,CAFs myCAF-like,CID4066
CID4066_CAGCCGATCTGTGCAA,CAFs,CAFs myCAF-like,CID4066
CID4066_CCACCTAAGCTCCTTC,CAFs,CAFs myCAF-like,CID4066
CID4066_CGAATGTGTCGCATAT,CAFs,CAFs myCAF-like,CID4066
CID4066_CTCGTCAGTCATGCCG,CAFs,CAFs myCAF-like,CID4066
CID4066_CTGAAGTAGTTGCAGG,CAFs,CAFs myCAF-like,CID4066
CID4066_GCGAGAAGTAAACACA,CAFs,CAFs myCAF-like,CID4066
CID4066_GTACTTTGTTATGCGT,CAFs,CAFs myCAF-like,CID4066
CID4066_TACGGATAGAGGTTGC,CAFs,CAFs myCAF-like,CID4066
CID4066_TTTGGTTTCTTAGAGC,CAFs,CAFs myCAF-like,CID4066
CID4066_ATTTCTGGTCGGCATC,CAFs,CAFs myCAF-like,CID4066
CID4066_GTGAAGGTCTCTTGAT,PVL,PVL Differentiated,CID4066
CID4066_TATCAGGTCAGCCTAA,PVL,PVL Differentiated,CID4066
CID4066_AAACGGGCACATAACC,PVL,PVL Differentiated,CID4066
CID4066_AAAGTAGTCCAGATCA,PVL,PVL Differentiated,CID4066
CID4066_ACGAGCCCAGGTCTCG,PVL,PVL Differentiated,CID4066
CID4066_AGAATAGAGTTAGGTA,PVL,PVL Differentiated,CID4066
CID4066_AGATCTGCATTGGTAC,PVL,PVL Differentiated,CID4066
CID4066_AGCCTAATCCCACTTG,PVL,PVL Differentiated,CID4066
CID4066_AGCGTCGCAAGCTGAG,PVL,PVL Differentiated,CID4066
CID4066_AGGGAGTGTAAATGAC,PVL,PVL Differentiated,CID4066
CID4066_ATAACGCAGGCTCTTA,PVL,PVL Differentiated,CID4066
CID4066_ATAGACCCAAGACACG,PVL,PVL Differentiated,CID4066
CID4066_ATGTGTGCAGACGCTC,PVL,PVL Differentiated,CID4066
CID4066_ATTGGACAGGCAATTA,PVL,PVL Differentiated,CID4066
CID4066_CATCAGACATCCTTGC,PVL,PVL Differentiated,CID4066
CID4066_CCACGGACAGCGAACA,PVL,PVL Differentiated,CID4066
CID4066_CGATGTACACCGGAAA,PVL,PVL Differentiated,CID4066
CID4066_CGTCTACTCTCCGGTT,PVL,PVL Differentiated,CID4066
CID4066_CGTGTCTCAGCCAGAA,PVL,PVL Differentiated,CID4066
CID4066_CTACATTAGCCCAATT,PVL,PVL Differentiated,CID4066
CID4066_CTACCCATCTTGTATC,PVL,PVL Differentiated,CID4066
CID4066_CTAGCCTGTAAGGATT,PVL,PVL Differentiated,CID4066
CID4066_CTGAAGTCATCGGTTA,PVL,PVL Differentiated,CID4066
CID4066_CTGCGGATCCGCGTTT,PVL,PVL Differentiated,CID4066
CID4066_CTTAACTGTTTGTTGG,PVL,PVL Differentiated,CID4066
CID4066_CTTAACTTCCTTCAAT,PVL,PVL Differentiated,CID4066
CID4066_GAAATGACATATACGC,PVL,PVL Differentiated,CID4066
CID4066_GAAGCAGGTGACAAAT,PVL,PVL Differentiated,CID4066
CID4066_GACAGAGGTCCTAGCG,PVL,PVL Differentiated,CID4066
CID4066_GACCAATGTGTGTGCC,PVL,PVL Differentiated,CID4066
CID4066_GATCAGTCAGGTGCCT,PVL,PVL Differentiated,CID4066
CID4066_GATCGCGAGTGGTAGC,PVL,PVL Differentiated,CID4066
CID4066_GCAAACTTCCGTTGCT,PVL,PVL Differentiated,CID4066
CID4066_GCTGCTTGTCTCTTTA,PVL,PVL Differentiated,CID4066
CID4066_GCTTGAAAGAGGTTGC,PVL,PVL Differentiated,CID4066
CID4066_GGAATAAAGGAACTGC,PVL,PVL Differentiated,CID4066
CID4066_GGAATAAGTCATCGGC,PVL,PVL Differentiated,CID4066
CID4066_GGACAAGGTTCGAATC,PVL,PVL Differentiated,CID4066
CID4066_GGAGCAACATCACAAC,PVL,PVL Differentiated,CID4066
CID4066_GGGTTGCCAGGTCGTC,PVL,PVL Differentiated,CID4066
CID4066_GTAACTGAGAACAACT,PVL,PVL Differentiated,CID4066
CID4066_GTAGTCACATACTACG,PVL,PVL Differentiated,CID4066
CID4066_GTCAAGTAGCCCTAAT,PVL,PVL Differentiated,CID4066
CID4066_GTCACAATCCTTGGTC,PVL,PVL Differentiated,CID4066
CID4066_GTCGTAATCGTTTATC,PVL,PVL Differentiated,CID4066
CID4066_GTTCGGGGTGCACGAA,PVL,PVL Differentiated,CID4066
CID4066_TACTTACTCAGTGTTG,PVL,PVL Differentiated,CID4066
CID4066_TAGAGCTGTTAAGATG,PVL,PVL Differentiated,CID4066
CID4066_TCAGGATCAGGACCCT,PVL,PVL Differentiated,CID4066
CID4066_TGCCCTAGTTCTGTTT,PVL,PVL Differentiated,CID4066
CID4066_TTAGGCACATCGATGT,PVL,PVL Differentiated,CID4066
CID4066_TTAGTTCTCACAGTAC,PVL,PVL Differentiated,CID4066
CID4066_GTCACAATCAGTTAGC,PVL,PVL Differentiated,CID4066
CID4066_TCAGCTCGTAGCTTGT,PVL,PVL Differentiated,CID4066
CID4066_CCTAGCTAGTCTTGCA,PVL,PVL Differentiated,CID4066
CID4066_ACGAGGAGTACTCGCG,PVL,PVL Immature,CID4066
CID4066_ACTTGTTGTGAGGGTT,PVL,PVL Immature,CID4066
CID4066_ATCATCTCATATGAGA,PVL,PVL Immature,CID4066
CID4066_CACCACTCATCCTTGC,PVL,PVL Immature,CID4066
CID4066_CCCATACCACATTCGA,PVL,PVL Immature,CID4066
CID4066_CGTCAGGCAGTAAGAT,PVL,PVL Immature,CID4066
CID4066_CTCGGGACATCCTAGA,PVL,PVL Immature,CID4066
CID4066_CTGAAACGTGTGTGCC,PVL,PVL Immature,CID4066
CID4066_CTGTGCTAGCTGTCTA,PVL,PVL Immature,CID4066
CID4066_GAAGCAGGTATCGCAT,PVL,PVL Immature,CID4066
CID4066_GATCAGTTCAACGGGA,PVL,PVL Immature,CID4066
CID4066_GTTCTCGGTCATATCG,PVL,PVL Immature,CID4066
CID4066_TACTTGTTCGGATGGA,PVL,PVL Immature,CID4066
CID4066_TAGGCATAGGTAGCTG,PVL,PVL Immature,CID4066
CID4066_TCTGGAACATCAGTCA,PVL,PVL Immature,CID4066
CID4066_TGCCCATAGGACCACA,PVL,PVL Immature,CID4066
CID4066_TTGGAACCATGGGAAC,PVL,PVL Immature,CID4066
CID4066_AAGACCTTCAGTGCAT,PVL,PVL Immature,CID4066
CID4066_ACGGGTCGTTGGTTTG,PVL,PVL Immature,CID4066
CID4066_AGCTTGACAAATCCGT,PVL,PVL Immature,CID4066
CID4066_CAGTAACCAAGTACCT,PVL,PVL Immature,CID4066
CID4066_CGCGTTTGTATCGCAT,PVL,PVL Immature,CID4066
CID4066_GAGTCCGAGCTGAACG,PVL,PVL Immature,CID4066
CID4066_GTGCATAAGGCTACGA,PVL,PVL Immature,CID4066
CID4066_AGCTTGAGTTCGTGAT,PVL,PVL Immature,CID4066
CID4066_CTTTGCGTCCGTTGTC,PVL,PVL Immature,CID4066
CID4066_AGCAGCCCACACCGAC,PVL,PVL Immature,CID4066
CID4066_CGATCGGGTTCGCGAC,PVL,PVL Immature,CID4066
CID4066_TCAGATGAGGCTAGAC,PVL,PVL Immature,CID4066
CID4066_CAGCAGCAGTCGTACT,B-cells,B cells Memory,CID4066
CID4066_CCATTCGTCTCCTATA,B-cells,B cells Memory,CID4066
CID4066_GATGCTAAGACTTTCG,B-cells,B cells Memory,CID4066
CID4066_GGACAAGAGAGTTGGC,B-cells,B cells Memory,CID4066
CID4066_AGTGGGATCCTTTACA,B-cells,B cells Memory,CID4066
CID4066_CTCGGGAGTAACGACG,B-cells,B cells Memory,CID4066
CID4066_ATTCTACGTGGCAAAC,B-cells,B cells Memory,CID4066
CID4066_CATCGGGGTCGCTTCT,B-cells,B cells Memory,CID4066
CID4066_CCTATTAGTTTGGGCC,B-cells,B cells Memory,CID4066
CID4066_CGACTTCGTCATCGGC,B-cells,B cells Memory,CID4066
CID4066_CTTGGCTCAAGTTGTC,B-cells,B cells Memory,CID4066
CID4066_GATGCTAAGTGGCACA,B-cells,B cells Memory,CID4066
CID4066_GTGCGGTAGAGGTACC,B-cells,B cells Memory,CID4066
CID4066_TTTGCGCCAAACAACA,B-cells,B cells Memory,CID4066
CID4066_TCATTTGCATAAGACA,T-cells,T cells CD8+,CID4066
CID4066_CATCAGAAGAAGGACA,T-cells,T cells CD8+,CID4066
CID4066_GCAATCATCTTGCATT,T-cells,T cells CD8+,CID4066
CID4066_GTACTCCCACAGCCCA,T-cells,T cells CD8+,CID4066
CID4066_CTCAGAAGTTATCGGT,T-cells,T cells CD8+,CID4066
CID4066_TTCTCCTTCCTCAACC,T-cells,T cells CD8+,CID4066
CID4066_ACATGGTCACATGTGT,T-cells,T cells CD8+,CID4066
CID4066_ACGTCAATCCATGAAC,T-cells,T cells CD8+,CID4066
CID4066_GAATGAACATCCCATC,T-cells,T cells CD8+,CID4066
CID4066_GAGGTGAAGATCACGG,T-cells,T cells CD8+,CID4066
CID4066_GTTACAGGTGACAAAT,T-cells,T cells CD8+,CID4066
CID4066_TCACAAGGTACCGAGA,T-cells,T cells CD8+,CID4066
CID4066_TCAGGATAGAGACTTA,T-cells,T cells CD8+,CID4066
CID4066_TCGCGAGGTGCAACTT,T-cells,T cells CD8+,CID4066
CID4066_TGAGAGGCACAAGTAA,T-cells,T cells CD8+,CID4066
CID4066_ACATCAGCACAGGCCT,T-cells,T cells CD8+,CID4066
CID4066_AGTTGGTCACTCGACG,T-cells,T cells CD8+,CID4066
CID4066_CGTCTACAGACAGGCT,T-cells,T cells CD8+,CID4066
CID4066_ACGCCGAAGTCCAGGA,T-cells,T cells CD8+,CID4066
CID4066_TAGTGGTGTCAAACTC,T-cells,T cells CD8+,CID4066
CID4066_ATAGACCTCTCTAGGA,T-cells,T cells CD8+,CID4066
CID4066_CCACGGATCCCAACGG,T-cells,T cells CD8+,CID4066
CID4066_CCTACACAGAATTCCC,T-cells,T cells CD8+,CID4066
CID4066_CGAACATAGTCCGTAT,T-cells,T cells CD8+,CID4066
CID4066_CGAATGTCAATGTTGC,T-cells,T cells CD8+,CID4066
CID4066_TGATTTCTCAGTTCGA,T-cells,T cells CD8+,CID4066
CID4066_TTGAACGTCCTAAGTG,T-cells,T cells CD8+,CID4066
CID4066_TTGCGTCCATCGATTG,T-cells,T cells CD8+,CID4066
CID4066_TTGTAGGGTATATGAG,T-cells,T cells CD8+,CID4066
CID4066_ACGATGTGTCTGATTG,T-cells,T cells CD8+,CID4066
CID4066_CACATAGCAATCCGAT,T-cells,T cells CD8+,CID4066
CID4066_ACCAGTAGTCAGGACA,T-cells,T cells CD4+,CID4066
CID4066_AGCTCTCCAAGTCATC,T-cells,T cells CD4+,CID4066
CID4066_TCCCGATAGAGCTTCT,T-cells,T cells CD4+,CID4066
CID4066_AACCGCGTCTTTACAC,T-cells,T cells CD4+,CID4066
CID4066_GCTGCTTAGAGGTTAT,T-cells,T cells CD4+,CID4066
CID4066_TTTACTGAGACAATAC,T-cells,T cells CD4+,CID4066
CID4066_TTTGGTTCACCGAATT,T-cells,T cells CD4+,CID4066
CID4066_AGATCTGAGCATCATC,T-cells,T cells CD4+,CID4066
CID4066_CTGATCCTCTAGAGTC,T-cells,T cells CD4+,CID4066
CID4066_CTTGGCTCAGACAGGT,T-cells,T cells CD4+,CID4066
CID4066_GATTCAGAGCAATCTC,T-cells,T cells CD4+,CID4066
CID4066_GGTGCGTGTCAGAGGT,T-cells,T cells CD4+,CID4066
CID4066_TTTGCGCGTAGATTAG,T-cells,T cells CD4+,CID4066
CID4066_CACACTCCATATACCG,T-cells,T cells CD4+,CID4066
CID4066_AAAGATGAGTAACCCT,T-cells,T cells CD4+,CID4066
CID4066_GCAATCAAGGCTAGAC,T-cells,T cells CD4+,CID4066
CID4066_TGACGGCCATTAGGCT,T-cells,T cells CD4+,CID4066
CID4066_TTCTACAGTGAACCTT,T-cells,T cells CD4+,CID4066
CID4066_TTCTACATCGGTCCGA,T-cells,T cells CD4+,CID4066
CID4066_TCAGCTCGTGCAGGTA,T-cells,T cells CD4+,CID4066
CID4066_TGAGAGGTCACATACG,T-cells,T cells CD4+,CID4066
CID4066_TGGCCAGGTCTAAAGA,T-cells,T cells CD4+,CID4066
CID4066_TGTATTCTCTACTTAC,T-cells,T cells CD4+,CID4066
CID4066_CAGAGAGAGAGGTACC,T-cells,T cells CD4+,CID4066
CID4066_AGAGTGGAGGACAGAA,T-cells,T cells CD4+,CID4066
CID4066_AGGGATGCATATGCTG,T-cells,T cells CD4+,CID4066
CID4066_ATTGGTGGTTACGCGC,T-cells,T cells CD4+,CID4066
CID4066_CCGGGATTCCAGTATG,T-cells,T cells CD4+,CID4066
CID4066_CCGTGGAGTACATGTC,T-cells,T cells CD4+,CID4066
CID4066_CGATGTAAGTCGTTTG,T-cells,T cells CD4+,CID4066
CID4066_GAGCAGAGTGCCTGGT,T-cells,T cells CD4+,CID4066
CID4066_GTGTGCGGTGTGGTTT,T-cells,T cells CD4+,CID4066
CID4066_CGGACTGAGTATCGAA,T-cells,T cells CD4+,CID4066
CID4066_TGAGAGGTCTCGGACG,T-cells,T cells CD4+,CID4066
CID4066_AGCATACTCCATTCTA,Myeloid,Macrophage,CID4066
CID4066_CACATTTGTTCCGGCA,Myeloid,Macrophage,CID4066
CID4066_CATTATCGTAAGAGAG,Myeloid,Macrophage,CID4066
CID4066_CCACTACCACATCCAA,Myeloid,Macrophage,CID4066
CID4066_GCGCAACCAAGACGTG,Myeloid,Macrophage,CID4066
CID4066_CATCGGGTCTGTTGAG,Myeloid,Macrophage,CID4066
CID4066_CGGGTCAAGGGATCTG,Myeloid,Macrophage,CID4066
CID4066_CTACACCCACAAGCCC,Myeloid,Macrophage,CID4066
CID4066_GTCACGGAGCTCTCGG,Myeloid,Macrophage,CID4066
CID4066_TACACGACACCAACCG,Myeloid,Macrophage,CID4066
CID4066_TCAGCAAGTACAGTTC,Myeloid,Macrophage,CID4066
CID4066_TCCCGATAGGACTGGT,Myeloid,Macrophage,CID4066
CID4066_TCTCTAAAGCTCCTTC,Myeloid,Macrophage,CID4066
CID4066_TTTACTGGTCGCTTTC,Myeloid,Macrophage,CID4066
CID4066_TTTGTCAGTGAAATCA,Myeloid,Macrophage,CID4066
CID4066_GGACGTCGTCATATCG,Myeloid,Monocyte,CID4066
CID4066_ATCGAGTGTAAGTGGC,Myeloid,Monocyte,CID4066
CID4066_TAGGCATAGAAACCGC,Myeloid,Monocyte,CID4066
CID4066_AATCCAGCACGAGGTA,Myeloid,Macrophage,CID4066
CID4066_TCTATTGGTAGCTGCC,Myeloid,Macrophage,CID4066
CID4066_AGCGTATCATCCAACA,Myeloid,Macrophage,CID4066
CID4066_CTCCTAGTCTCTAAGG,Myeloid,Macrophage,CID4066
CID4066_GATGAGGAGTTCGATC,Myeloid,Macrophage,CID4066
CID4066_CGACTTCAGCGAAGGG,Myeloid,Macrophage,CID4066
CID4066_CATGACATCTGATACG,Myeloid,Macrophage,CID4066
CID4066_GAATAAGCACGGTAGA,Myeloid,Macrophage,CID4066
CID4066_GATGAGGCAATGAATG,Myeloid,Macrophage,CID4066
CID4066_CACACTCTCGTGACAT,Myeloid,Macrophage,CID4066
CID4066_TTGACTTCAGCCTGTG,Myeloid,Macrophage,CID4066
CID4066_TTGACTTCAGCCACCA,Myeloid,Macrophage,CID4066
CID4066_CTTAGGAGTACGAAAT,Myeloid,Macrophage,CID4066
CID4066_ATCCGAAAGTTCGCGC,Myeloid,Macrophage,CID4066
CID4066_TCAACGATCTCTGTCG,Myeloid,Macrophage,CID4066
CID4066_ATTGGTGGTAGAAGGA,Myeloid,Monocyte,CID4066
CID4066_GCATGTAGTGCCTGGT,Myeloid,Monocyte,CID4066
CID4066_CACCTTGAGCCTTGAT,Myeloid,Macrophage,CID4066
CID4066_GTACTTTCAATCAGAA,Myeloid,DCs,CID4066
CID4066_CTCACACTCTCGAGTA,Myeloid,DCs,CID4066
CID4066_GCCTCTACAAGCGCTC,Cancer Epithelial,Cancer LumB SC,CID4066
CID4066_ACTATCTGTGTGACCC,Cancer Epithelial,Cancer Cycling,CID4066
CID4066_CGTCACTTCAGAGGTG,Cancer Epithelial,Cancer Cycling,CID4066
CID4066_CGTCCATTCAGGTAAA,Cancer Epithelial,Cancer Cycling,CID4066
CID4066_GACCAATTCATGCAAC,Cancer Epithelial,Cancer Cycling,CID4066
CID4066_TCGCGTTTCTGCGTAA,Cancer Epithelial,Cancer Cycling,CID4066
CID4066_TCGGGACCAAGTTCTG,Cancer Epithelial,Cancer Cycling,CID4066
CID4066_TGCTACCGTACAGACG,Cancer Epithelial,Cancer Cycling,CID4066
CID4066_TTTACTGTCAGGCCCA,Cancer Epithelial,Cancer Cycling,CID4066
CID4066_TTTGCGCTCTCTTGAT,Cancer Epithelial,Cancer Cycling,CID4066
CID4066_ATGAGGGTCATTCACT,Cancer Epithelial,Cancer LumA SC,CID4066
CID4066_AAAGATGAGGTGATAT,Cancer Epithelial,Cancer Her2 SC,CID4066
CID4066_AATCCAGAGGAGTACC,Cancer Epithelial,Cancer Her2 SC,CID4066
CID4066_ACAGCCGGTAGCTTGT,Cancer Epithelial,Cancer Her2 SC,CID4066
CID4066_ACGGGTCCAGGTTTCA,Cancer Epithelial,Cancer Her2 SC,CID4066
CID4066_ACTTGTTCACTTAAGC,Cancer Epithelial,Cancer Her2 SC,CID4066
CID4066_ACTTTCAAGATTACCC,Cancer Epithelial,Cancer Her2 SC,CID4066
CID4066_AGCGGTCGTGATAAGT,Cancer Epithelial,Cancer Her2 SC,CID4066
CID4066_AGCTCTCAGATCGATA,Cancer Epithelial,Cancer Her2 SC,CID4066
CID4066_CAACCTCTCAGCTTAG,Cancer Epithelial,Cancer Her2 SC,CID4066
CID4066_CAGCTGGCAAATACAG,Cancer Epithelial,Cancer Her2 SC,CID4066
CID4066_CCATTCGCACCAGGTC,Cancer Epithelial,Cancer Her2 SC,CID4066
CID4066_CCTTCGATCCAAACTG,Cancer Epithelial,Cancer Her2 SC,CID4066
CID4066_CGAGCACCAGGTCGTC,Cancer Epithelial,Cancer Her2 SC,CID4066
CID4066_CGGTTAAAGATCCTGT,Cancer Epithelial,Cancer Her2 SC,CID4066
CID4066_CTAAGACAGCCACGTC,Cancer Epithelial,Cancer Her2 SC,CID4066
CID4066_CTAGAGTGTTAAAGAC,Cancer Epithelial,Cancer Her2 SC,CID4066
CID4066_CTCATTAAGGTGCACA,Cancer Epithelial,Cancer Her2 SC,CID4066
CID4066_CTCTAATTCTTGACGA,Cancer Epithelial,Cancer Her2 SC,CID4066
CID4066_CTCTGGTGTAGCTAAA,Cancer Epithelial,Cancer Her2 SC,CID4066
CID4066_GATCGATGTGGTACAG,Cancer Epithelial,Cancer Her2 SC,CID4066
CID4066_GATCGCGAGAAACCTA,Cancer Epithelial,Cancer Her2 SC,CID4066
CID4066_GATTCAGAGAAGGACA,Cancer Epithelial,Cancer Her2 SC,CID4066
CID4066_GCCAAATCAGTATGCT,Cancer Epithelial,Cancer Her2 SC,CID4066
CID4066_GGACAAGTCCAAACAC,Cancer Epithelial,Cancer Her2 SC,CID4066
CID4066_GTTAAGCAGAGTACCG,Cancer Epithelial,Cancer Her2 SC,CID4066
CID4066_TCAGGTATCACCAGGC,Cancer Epithelial,Cancer Her2 SC,CID4066
CID4066_TGGCGCAAGAGACTAT,Cancer Epithelial,Cancer Her2 SC,CID4066
CID4066_TGGTTAGGTAATTGGA,Cancer Epithelial,Cancer Her2 SC,CID4066
CID4066_TTCGGTCGTAGGAGTC,Cancer Epithelial,Cancer Her2 SC,CID4066
CID4066_AGAGCTTGTAAGTGGC,Normal Epithelial,Myoepithelial,CID4066
CID4066_CAAGAAAGTGATGATA,Normal Epithelial,Myoepithelial,CID4066
CID4066_CATCAAGAGTGAACAT,Normal Epithelial,Myoepithelial,CID4066
CID4066_CATGCCTAGAAGATTC,Normal Epithelial,Myoepithelial,CID4066
CID4066_CGGACGTCAGGTGGAT,Normal Epithelial,Myoepithelial,CID4066
CID4066_CGGAGTCCAGAGCCAA,Normal Epithelial,Myoepithelial,CID4066
CID4066_GGAACTTTCTGCCAGG,Normal Epithelial,Myoepithelial,CID4066
CID4066_GTCCTCAAGTGGACGT,Normal Epithelial,Myoepithelial,CID4066
CID4066_GTGTTAGCAGTGGAGT,Normal Epithelial,Myoepithelial,CID4066
CID4066_TCTGGAAAGGTAGCTG,Normal Epithelial,Myoepithelial,CID4066
CID4066_TCTGGAACACAACTGT,Normal Epithelial,Myoepithelial,CID4066
CID4066_TTAGGACTCGACCAGC,Normal Epithelial,Myoepithelial,CID4066
CID4066_TTGCCGTGTTATTCTC,Normal Epithelial,Myoepithelial,CID4066
CID4066_TTGTAGGCAGGGAGAG,Normal Epithelial,Myoepithelial,CID4066
CID4066_AGCAGCCAGAGTACCG,Normal Epithelial,Luminal Progenitors,CID4066
CID4066_AGTAGTCCAGATCGGA,Normal Epithelial,Luminal Progenitors,CID4066
CID4066_ATCATGGCAGGGTATG,Normal Epithelial,Luminal Progenitors,CID4066
CID4066_CCGTACTAGCGTGTCC,Normal Epithelial,Luminal Progenitors,CID4066
CID4066_CCTAAAGAGCTAACTC,Normal Epithelial,Luminal Progenitors,CID4066
CID4066_CGATGTAGTCGACTGC,Normal Epithelial,Luminal Progenitors,CID4066
CID4066_CGTTCTGTCGCCATAA,Normal Epithelial,Luminal Progenitors,CID4066
CID4066_GAACGGAAGAAGCCCA,Normal Epithelial,Luminal Progenitors,CID4066
CID4066_GCACTCTTCAGTCAGT,Normal Epithelial,Luminal Progenitors,CID4066
CID4066_GGGACCTAGCCAGTAG,Normal Epithelial,Luminal Progenitors,CID4066
CID4066_GTCACGGAGAGCCCAA,Normal Epithelial,Luminal Progenitors,CID4066
CID4066_GTCTCGTGTTTGCATG,Normal Epithelial,Luminal Progenitors,CID4066
CID4066_GTCTTCGCACACGCTG,Normal Epithelial,Luminal Progenitors,CID4066
CID4066_TCAGCAAGTCTTGTCC,Normal Epithelial,Luminal Progenitors,CID4066
CID4066_TCTCATAGTACTCGCG,Normal Epithelial,Luminal Progenitors,CID4066
CID4066_TGTGGTAGTCTAGAGG,Normal Epithelial,Luminal Progenitors,CID4066
CID4066_TTAACTCTCCCATTTA,Normal Epithelial,Luminal Progenitors,CID4066
CID4066_TTATGCTAGGGAAACA,Normal Epithelial,Luminal Progenitors,CID4066
CID4066_ACCTTTATCTGGTTCC,Normal Epithelial,Mature Luminal,CID4066
CID4066_CACCAGGTCGGTTCGG,Normal Epithelial,Mature Luminal,CID4066
CID4066_CAGAATCTCAGTGTTG,Normal Epithelial,Mature Luminal,CID4066
CID4066_CCGGGATTCTTCGGTC,Normal Epithelial,Mature Luminal,CID4066
CID4066_GTCTCGTCAAGCCGTC,Normal Epithelial,Mature Luminal,CID4066
CID4066_TACTCGCAGCAACGGT,Normal Epithelial,Mature Luminal,CID4066
CID4066_TAGGCATCACATGTGT,Normal Epithelial,Mature Luminal,CID4066
CID4066_TGGCCAGGTACTCAAC,Normal Epithelial,Mature Luminal,CID4066
CID44041_AATCGGTAGAGCTGGT,Endothelial,Endothelial ACKR1,CID44041
CID44041_GAAACTCAGGAATTAC,Endothelial,Endothelial ACKR1,CID44041
CID44041_GGCCGATCACTCGACG,Endothelial,Endothelial ACKR1,CID44041
CID44041_GTACGTACAATGTTGC,Endothelial,Endothelial ACKR1,CID44041
CID44041_GTCAAGTAGGGTGTTG,Endothelial,Endothelial ACKR1,CID44041
CID44041_TCAGGATGTCTCCATC,Endothelial,Endothelial ACKR1,CID44041
CID44041_TGGCTGGTCATCATTC,Endothelial,Endothelial ACKR1,CID44041
CID44041_TTAGGCATCGGAAATA,Endothelial,Endothelial ACKR1,CID44041
CID44041_GCATGATCAGTGACAG,Endothelial,Endothelial RGS5,CID44041
CID44041_GTAACGTGTGAGGGAG,Endothelial,Endothelial RGS5,CID44041
CID44041_CACAGGCGTGAAAGAG,Endothelial,Endothelial CXCL12,CID44041
CID44041_CCCAATCTCACCAGGC,Endothelial,Endothelial CXCL12,CID44041
CID44041_AACCGCGCACATCCAA,Endothelial,Endothelial CXCL12,CID44041
CID44041_AGACGTTGTCCGTGAC,CAFs,CAFs MSC iCAF-like,CID44041
CID44041_CACATAGTCTGTTGAG,CAFs,CAFs MSC iCAF-like,CID44041
CID44041_CACATTTCATCACGTA,CAFs,CAFs MSC iCAF-like,CID44041
CID44041_CAGATCAAGCCAGAAC,CAFs,CAFs MSC iCAF-like,CID44041
CID44041_CCGTGGAGTTTGGGCC,CAFs,CAFs MSC iCAF-like,CID44041
CID44041_CCTTCCCAGTCTCGGC,CAFs,CAFs MSC iCAF-like,CID44041
CID44041_CGTCTACCAGCAGTTT,CAFs,CAFs MSC iCAF-like,CID44041
CID44041_GAGTCCGTCCCAGGTG,CAFs,CAFs MSC iCAF-like,CID44041
CID44041_GGAAAGCAGATAGGAG,CAFs,CAFs MSC iCAF-like,CID44041
CID44041_CCCTCCTAGCGAAGGG,CAFs,CAFs MSC iCAF-like,CID44041
CID44041_TTGGCAAGTGGCAAAC,CAFs,CAFs MSC iCAF-like,CID44041
CID44041_AGCGTATAGGAGTACC,CAFs,CAFs MSC iCAF-like,CID44041
CID44041_AAGTCTGCACGGACAA,CAFs,CAFs MSC iCAF-like,CID44041
CID44041_GTATTCTAGTGAATTG,CAFs,CAFs MSC iCAF-like,CID44041
CID44041_TTGCCGTTCAGCAACT,CAFs,CAFs MSC iCAF-like,CID44041
CID44041_AAGACCTGTCAATGTC,CAFs,CAFs MSC iCAF-like,CID44041
CID44041_AGAATAGTCCGCTGTT,CAFs,CAFs MSC iCAF-like,CID44041
CID44041_ATCCGAAGTGTGAATA,CAFs,CAFs MSC iCAF-like,CID44041
CID44041_CACACAAAGCCACGCT,CAFs,CAFs MSC iCAF-like,CID44041
CID44041_CCTCTGACATCCCATC,CAFs,CAFs MSC iCAF-like,CID44041
CID44041_CGCTGGAGTCAATGTC,CAFs,CAFs MSC iCAF-like,CID44041
CID44041_TATCAGGCATGCTGGC,CAFs,CAFs MSC iCAF-like,CID44041
CID44041_TGGCGCACACGGCCAT,CAFs,CAFs MSC iCAF-like,CID44041
CID44041_TGTATTCTCCTGTACC,CAFs,CAFs MSC iCAF-like,CID44041
CID44041_ACACCAATCAGTGTTG,CAFs,CAFs MSC iCAF-like,CID44041
CID44041_CCACCTATCAGAAATG,CAFs,CAFs MSC iCAF-like,CID44041
CID44041_CCGTGGAGTCTCACCT,CAFs,CAFs MSC iCAF-like,CID44041
CID44041_GACGTTAAGCTAGTTC,CAFs,CAFs MSC iCAF-like,CID44041
CID44041_GTCTCGTAGCCTCGTG,CAFs,CAFs MSC iCAF-like,CID44041
CID44041_TAAGAGATCCCACTTG,CAFs,CAFs MSC iCAF-like,CID44041
CID44041_AAAGCAACAAATACAG,CAFs,CAFs MSC iCAF-like,CID44041
CID44041_CCTTTCTAGCAGCCTC,CAFs,CAFs MSC iCAF-like,CID44041
CID44041_AATCCAGGTTGTCTTT,CAFs,CAFs MSC iCAF-like,CID44041
CID44041_TGACTTTAGGCAGGTT,CAFs,CAFs MSC iCAF-like,CID44041
CID44041_GTATTCTCAGGACGTA,CAFs,CAFs MSC iCAF-like,CID44041
CID44041_GTAACGTAGCCTCGTG,CAFs,CAFs MSC iCAF-like,CID44041
CID44041_AACTGGTTCTTCCTTC,CAFs,CAFs MSC iCAF-like,CID44041
CID44041_AGGGTGATCACGAAGG,CAFs,CAFs MSC iCAF-like,CID44041
CID44041_AGGTCCGCAGCTTCGG,CAFs,CAFs MSC iCAF-like,CID44041
CID44041_CAGATCATCATGCATG,CAFs,CAFs MSC iCAF-like,CID44041
CID44041_CAGTCCTCAGCGAACA,CAFs,CAFs MSC iCAF-like,CID44041
CID44041_CGTCTACAGAACAACT,CAFs,CAFs MSC iCAF-like,CID44041
CID44041_GAAATGAAGCTAACTC,CAFs,CAFs MSC iCAF-like,CID44041
CID44041_GAATAAGGTACATCCA,CAFs,CAFs MSC iCAF-like,CID44041
CID44041_GACTACACATTTGCTT,CAFs,CAFs MSC iCAF-like,CID44041
CID44041_ATTTCTGAGTCGATAA,CAFs,CAFs MSC iCAF-like,CID44041
CID44041_CGTAGGCCAGTAGAGC,CAFs,CAFs MSC iCAF-like,CID44041
CID44041_TTGGCAAGTAAACCTC,CAFs,CAFs MSC iCAF-like,CID44041
CID44041_GAACCTACAAGGACTG,CAFs,CAFs MSC iCAF-like,CID44041
CID44041_AAGCCGCCAACTTGAC,CAFs,CAFs myCAF-like,CID44041
CID44041_ACGTCAATCACGGTTA,CAFs,CAFs myCAF-like,CID44041
CID44041_ATCCGAACAAAGCGGT,CAFs,CAFs myCAF-like,CID44041
CID44041_CGGGTCAGTCCATGAT,CAFs,CAFs myCAF-like,CID44041
CID44041_ACATCAGCATCAGTCA,CAFs,CAFs myCAF-like,CID44041
CID44041_GTGAAGGTCGGAAACG,CAFs,CAFs myCAF-like,CID44041
CID44041_TCTCTAACAGTACACT,CAFs,CAFs myCAF-like,CID44041
CID44041_TGACTAGGTGACCAAG,CAFs,CAFs myCAF-like,CID44041
CID44041_GCGCAGTTCTAACTTC,CAFs,CAFs myCAF-like,CID44041
CID44041_GCTTCCATCACAGGCC,CAFs,CAFs myCAF-like,CID44041
CID44041_ACACCCTGTTCCACTC,CAFs,CAFs myCAF-like,CID44041
CID44041_GACCTGGCAATAGAGT,CAFs,CAFs myCAF-like,CID44041
CID44041_GTCCTCAAGCACAGGT,CAFs,CAFs myCAF-like,CID44041
CID44041_GTTCTCGAGGCTAGGT,CAFs,CAFs myCAF-like,CID44041
CID44041_CTACATTTCTCCGGTT,CAFs,CAFs myCAF-like,CID44041
CID44041_GGTGCGTAGAGCTGCA,CAFs,CAFs myCAF-like,CID44041
CID44041_AGGGAGTTCGTGGGAA,CAFs,CAFs myCAF-like,CID44041
CID44041_AGTAGTCAGAGAGCTC,CAFs,CAFs myCAF-like,CID44041
CID44041_ATCACGACACAAGACG,CAFs,CAFs myCAF-like,CID44041
CID44041_GAACGGACATACTACG,CAFs,CAFs myCAF-like,CID44041
CID44041_GAATAAGTCTTGCCGT,CAFs,CAFs myCAF-like,CID44041
CID44041_ATAGACCAGCCGGTAA,CAFs,CAFs myCAF-like,CID44041
CID44041_ATCGAGTGTTCCCGAG,CAFs,CAFs myCAF-like,CID44041
CID44041_CAGATCAGTGCACTTA,CAFs,CAFs myCAF-like,CID44041
CID44041_CCTCAGTTCCAGGGCT,CAFs,CAFs myCAF-like,CID44041
CID44041_AACCATGTCGGCGCAT,PVL,PVL Differentiated,CID44041
CID44041_ACGGAGAAGGTAAACT,PVL,PVL Differentiated,CID44041
CID44041_CGAGCCACAAAGGTGC,PVL,PVL Differentiated,CID44041
CID44041_GCGGGTTTCATCTGTT,PVL,PVL Differentiated,CID44041
CID44041_GCTGGGTAGATAGCAT,PVL,PVL Differentiated,CID44041
CID44041_GTTACAGAGTCATGCT,PVL,PVL Differentiated,CID44041
CID44041_TAGTTGGCATGCCTTC,PVL,PVL Immature,CID44041
CID44041_ACCCACTGTCGACTGC,PVL,PVL Immature,CID44041
CID44041_AGCTCTCTCCAAACAC,PVL,PVL Immature,CID44041
CID44041_CATATTCGTGATAAGT,PVL,PVL Immature,CID44041
CID44041_CATCCACGTTCGCGAC,PVL,PVL Immature,CID44041
CID44041_ACGAGGACACCTATCC,PVL,PVL Immature,CID44041
CID44041_CAGATCAAGTAACCCT,PVL,PVL Immature,CID44041
CID44041_GTTCTCGGTGACGGTA,PVL,PVL Immature,CID44041
CID44041_TGGCCAGAGGCTAGAC,PVL,PVL Immature,CID44041
CID44041_ACGAGCCGTCCAAGTT,B-cells,B cells Memory,CID44041
CID44041_CAAGATCTCGCAAACT,B-cells,B cells Memory,CID44041
CID44041_CAGAATCCAGGGAGAG,B-cells,B cells Memory,CID44041
CID44041_CCTCAGTCACGCGAAA,B-cells,B cells Memory,CID44041
CID44041_GACTGCGCACCATGTA,B-cells,B cells Memory,CID44041
CID44041_GATGAAAAGCTGATAA,B-cells,B cells Memory,CID44041
CID44041_GCTGCAGGTGGTAACG,B-cells,B cells Memory,CID44041
CID44041_GGAACTTGTCGCCATG,B-cells,B cells Memory,CID44041
CID44041_GGATGTTAGCCTATGT,B-cells,B cells Memory,CID44041
CID44041_GGCAATTTCGACAGCC,B-cells,B cells Memory,CID44041
CID44041_GTTTCTAAGTCTCCTC,B-cells,B cells Memory,CID44041
CID44041_AAACCTGCATGAACCT,B-cells,B cells Memory,CID44041
CID44041_AACGTTGAGCTACCTA,B-cells,B cells Memory,CID44041
CID44041_AACTCAGCAGGGATTG,B-cells,B cells Memory,CID44041
CID44041_AAGGAGCTCGGCCGAT,B-cells,B cells Memory,CID44041
CID44041_AAGGCAGAGCTCCCAG,B-cells,B cells Memory,CID44041
CID44041_ACTGAACTCCTTTACA,B-cells,B cells Memory,CID44041
CID44041_AGGTCATCACCTTGTC,B-cells,B cells Memory,CID44041
CID44041_ATAACGCAGATCCTGT,B-cells,B cells Memory,CID44041
CID44041_ATGGGAGGTAGCGTGA,B-cells,B cells Memory,CID44041
CID44041_CAACCTCCAGCGTAAG,B-cells,B cells Memory,CID44041
CID44041_CAAGATCTCTGACCTC,B-cells,B cells Memory,CID44041
CID44041_CACATAGTCTGGTGTA,B-cells,B cells Memory,CID44041
CID44041_CCACCTAGTCAACTGT,B-cells,B cells Memory,CID44041
CID44041_CGAACATGTGTTGAGG,B-cells,B cells Memory,CID44041
CID44041_CGCGTTTTCCAAATGC,B-cells,B cells Memory,CID44041
CID44041_CGCTATCGTCGTCTTC,B-cells,B cells Memory,CID44041
CID44041_CTCGAGGGTCAATACC,B-cells,B cells Memory,CID44041
CID44041_CTGATCCCAGGCGATA,B-cells,B cells Memory,CID44041
CID44041_CTGCCTAAGCTTTGGT,B-cells,B cells Memory,CID44041
CID44041_CTGCTGTGTGTTTGGT,B-cells,B cells Memory,CID44041
CID44041_CTTAGGATCCAATGGT,B-cells,B cells Memory,CID44041
CID44041_GCATGCGAGGACAGAA,B-cells,B cells Memory,CID44041
CID44041_GTGTTAGAGCGATTCT,B-cells,B cells Memory,CID44041
CID44041_TCAACGAAGCCACGCT,B-cells,B cells Memory,CID44041
CID44041_TCTTCGGCAGCTTCGG,B-cells,B cells Memory,CID44041
CID44041_TGCCCTATCGATCCCT,B-cells,B cells Memory,CID44041
CID44041_TGTGTTTTCTACTTAC,B-cells,B cells Memory,CID44041
CID44041_TTCTACATCTGGTTCC,B-cells,B cells Memory,CID44041
CID44041_TTCTCAACACTGTCGG,B-cells,B cells Memory,CID44041
CID44041_AGAGTGGGTTACGGAG,B-cells,B cells Memory,CID44041
CID44041_CTGATCCCAAGCTGTT,B-cells,B cells Memory,CID44041
CID44041_GTGGGTCGTAACGCGA,B-cells,B cells Memory,CID44041
CID44041_TTTATGCGTAATAGCA,B-cells,B cells Memory,CID44041
CID44041_AACGTTGAGTTAGGTA,B-cells,B cells Memory,CID44041
CID44041_AGCCTAAAGATCGATA,B-cells,B cells Memory,CID44041
CID44041_AGTGGGACACCCTATC,B-cells,B cells Memory,CID44041
CID44041_AGTGTCATCGTTGACA,B-cells,B cells Memory,CID44041
CID44041_CAGTCCTGTCACTGGC,B-cells,B cells Memory,CID44041
CID44041_CAGTCCTGTTCCCGAG,B-cells,B cells Memory,CID44041
CID44041_CCGTACTCACTTGGAT,B-cells,B cells Memory,CID44041
CID44041_CGGGTCAGTGGACGAT,B-cells,B cells Memory,CID44041
CID44041_CTCGTACTCGACCAGC,B-cells,B cells Memory,CID44041
CID44041_CTCTGGTTCTTCATGT,B-cells,B cells Memory,CID44041
CID44041_CTTCTCTTCCGCATCT,B-cells,B cells Memory,CID44041
CID44041_GAAATGAAGTGCTGCC,B-cells,B cells Memory,CID44041
CID44041_GATCGTATCTCTTATG,B-cells,B cells Memory,CID44041
CID44041_GCCTCTAAGGCTCAGA,B-cells,B cells Memory,CID44041
CID44041_GCGCCAACAGGAATGC,B-cells,B cells Memory,CID44041
CID44041_GGGATGAAGGTGATAT,B-cells,B cells Memory,CID44041
CID44041_GTACGTACAATCACAC,B-cells,B cells Memory,CID44041
CID44041_GTGCTTCGTCGAGTTT,B-cells,B cells Memory,CID44041
CID44041_TAAGTGCTCCAATGGT,B-cells,B cells Memory,CID44041
CID44041_TACGGGCCATGTTGAC,B-cells,B cells Memory,CID44041
CID44041_TCAGGTAAGTGAACAT,B-cells,B cells Memory,CID44041
CID44041_TTCTTAGAGCTACCGC,B-cells,B cells Memory,CID44041
CID44041_TTGGCAACAGCATACT,B-cells,B cells Memory,CID44041
CID44041_AAACCTGAGCACACAG,B-cells,B cells Memory,CID44041
CID44041_ACCCACTTCAACGAAA,B-cells,B cells Memory,CID44041
CID44041_ATCCGAACAAGCCGCT,B-cells,B cells Memory,CID44041
CID44041_CAGCATAAGAGCCCAA,B-cells,B cells Memory,CID44041
CID44041_CATCAGATCTAAGCCA,B-cells,B cells Memory,CID44041
CID44041_CCTACACTCACATACG,B-cells,B cells Memory,CID44041
CID44041_CGGACGTTCCTGTAGA,B-cells,B cells Memory,CID44041
CID44041_CGTCAGGAGGGTATCG,B-cells,B cells Memory,CID44041
CID44041_CGTTCTGAGCCACCTG,B-cells,B cells Memory,CID44041
CID44041_CTCACACTCAATCACG,B-cells,B cells Memory,CID44041
CID44041_CTCTACGGTACTTGAC,B-cells,B cells Memory,CID44041
CID44041_CTGCCTATCAGTCAGT,B-cells,B cells Memory,CID44041
CID44041_CTTAGGAGTATCTGCA,B-cells,B cells Memory,CID44041
CID44041_GATGCTAAGCCGCCTA,B-cells,B cells Memory,CID44041
CID44041_GTAGGCCTCGGAGGTA,B-cells,B cells Memory,CID44041
CID44041_TAGTGGTGTAAACACA,B-cells,B cells Memory,CID44041
CID44041_TATTACCCAGGGAGAG,B-cells,B cells Memory,CID44041
CID44041_TCAACGATCGTCACGG,B-cells,B cells Memory,CID44041
CID44041_TCTTTCCCAAAGTCAA,B-cells,B cells Memory,CID44041
CID44041_TGGCTGGCAGACGTAG,B-cells,B cells Memory,CID44041
CID44041_CATCAAGAGTAAGTAC,T-cells,T cells CD8+,CID44041
CID44041_ACATACGAGCTTCGCG,T-cells,T cells CD8+,CID44041
CID44041_CTGTGCTGTCCTGCTT,T-cells,T cells CD8+,CID44041
CID44041_ATTGGTGCACATTTCT,T-cells,T cells CD8+,CID44041
CID44041_CAGCTAATCTGTACGA,T-cells,T cells CD8+,CID44041
CID44041_GGCGACTGTGCGGTAA,T-cells,T cells CD8+,CID44041
CID44041_CGTAGCGGTGTGCCTG,T-cells,T cells CD8+,CID44041
CID44041_CTAATGGTCCAGTAGT,T-cells,T cells CD8+,CID44041
CID44041_GTCTCGTCAGCCAGAA,T-cells,T cells CD8+,CID44041
CID44041_AACTCTTAGCATGGCA,T-cells,T cells CD8+,CID44041
CID44041_GACCTGGGTAGAGTGC,T-cells,T cells CD4+,CID44041
CID44041_CCTACACCACGGCCAT,T-cells,T cells CD4+,CID44041
CID44041_CGAGAAGAGCTAGTCT,T-cells,T cells CD4+,CID44041
CID44041_AACACGTAGGAACTGC,T-cells,T cells CD4+,CID44041
CID44041_CACCACTGTCCGAGTC,T-cells,T cells CD4+,CID44041
CID44041_CTCTACGTCACCCTCA,T-cells,T cells CD4+,CID44041
CID44041_TGCGGGTTCCAACCAA,T-cells,T cells CD4+,CID44041
CID44041_CATTCGCAGCCAGAAC,T-cells,T cells CD4+,CID44041
CID44041_TCAGCAAAGACACTAA,T-cells,T cells CD4+,CID44041
CID44041_ACGATGTTCGTCTGAA,T-cells,T cells CD4+,CID44041
CID44041_AGATTGCCAAAGTGCG,T-cells,T cells CD4+,CID44041
CID44041_TACTCATGTATATGAG,T-cells,T cells CD4+,CID44041
CID44041_CACAGGCAGACTAAGT,T-cells,T cells CD4+,CID44041
CID44041_GATCGATCAAGACGTG,T-cells,T cells CD4+,CID44041
CID44041_GCTTGAAAGCGCTCCA,T-cells,T cells CD4+,CID44041
CID44041_CCACGGAAGACCTTTG,Myeloid,Macrophage,CID44041
CID44041_CTGCGGAGTTCGTGAT,Myeloid,Macrophage,CID44041
CID44041_GTATTCTGTACACCGC,Myeloid,Monocyte,CID44041
CID44041_TCAGGATAGACCACGA,Myeloid,Macrophage,CID44041
CID44041_CACTCCATCCGAATGT,Myeloid,Macrophage,CID44041
CID44041_ATCCGAAAGAAACGAG,Myeloid,Macrophage,CID44041
CID44041_CTGATAGGTGTAATGA,Myeloid,Macrophage,CID44041
CID44041_TGACAACAGAAGCCCA,Myeloid,Macrophage,CID44041
CID44041_GTATTCTCAAAGGTGC,Myeloid,Monocyte,CID44041
CID44041_TCTTCGGCAGCGTAAG,Myeloid,DCs,CID44041
CID44041_CATATGGCACGAAAGC,Myeloid,DCs,CID44041
CID44041_AGTGGGATCTCTAAGG,Myeloid,DCs,CID44041
CID44041_CCGGGATCAGGAATCG,Normal Epithelial,Myoepithelial,CID44041
CID44041_CTTAGGAAGAAACCAT,Normal Epithelial,Myoepithelial,CID44041
CID44041_TGCTACCCACGGATAG,Normal Epithelial,Myoepithelial,CID44041
CID44041_AAGGAGCGTGTCGCTG,Normal Epithelial,Luminal Progenitors,CID44041
CID44041_ATGTGTGCAGGGAGAG,Normal Epithelial,Luminal Progenitors,CID44041
CID44041_ATTATCCTCTCCAGGG,Normal Epithelial,Luminal Progenitors,CID44041
CID44041_CAAGAAAGTATCGCAT,Normal Epithelial,Luminal Progenitors,CID44041
CID44041_CAGTAACGTAGCGTCC,Normal Epithelial,Luminal Progenitors,CID44041
CID44041_CGATTGACAGATAATG,Normal Epithelial,Luminal Progenitors,CID44041
CID44041_CTGATCCTCTTGAGGT,Normal Epithelial,Luminal Progenitors,CID44041
CID44041_GACTGCGCATCTACGA,Normal Epithelial,Luminal Progenitors,CID44041
CID44041_GCACATAAGATGGCGT,Normal Epithelial,Luminal Progenitors,CID44041
CID44041_TATCAGGGTCATATGC,Normal Epithelial,Luminal Progenitors,CID44041
CID44041_TTGGCAATCCATGCTC,Normal Epithelial,Luminal Progenitors,CID44041
CID44041_ACGATACCACCTTGTC,Normal Epithelial,Mature Luminal,CID44041
CID44041_AGACGTTTCAGTTGAC,Normal Epithelial,Mature Luminal,CID44041
CID44041_ATCATGGCATCGGGTC,Normal Epithelial,Mature Luminal,CID44041
CID44041_CACACCTTCATAGCAC,Normal Epithelial,Mature Luminal,CID44041
CID44041_CAGCCGACAACACCCG,Normal Epithelial,Mature Luminal,CID44041
CID44041_CGTTCTGGTCGGCACT,Normal Epithelial,Mature Luminal,CID44041
CID44041_GGATTACAGAAGGTTT,Normal Epithelial,Mature Luminal,CID44041
CID44041_GTCAAGTGTAATCACC,Normal Epithelial,Mature Luminal,CID44041
CID44041_TTAACTCGTTCAACCA,Normal Epithelial,Mature Luminal,CID44041
CID4465_AGCGTCGCAATGACCT,Endothelial,Endothelial ACKR1,CID4465
CID4465_AGTAGTCTCTGGCGTG,Endothelial,Endothelial ACKR1,CID4465
CID4465_CAGCATAAGGATCGCA,Endothelial,Endothelial ACKR1,CID4465
CID4465_CGACCTTAGCACGCCT,Endothelial,Endothelial ACKR1,CID4465
CID4465_CGAGAAGGTGAAATCA,Endothelial,Endothelial ACKR1,CID4465
CID4465_CGCGTTTTCTTCTGGC,Endothelial,Endothelial ACKR1,CID4465
CID4465_CGTCAGGGTTATGCGT,Endothelial,Endothelial ACKR1,CID4465
CID4465_CGTTCTGTCACAGGCC,Endothelial,Endothelial ACKR1,CID4465
CID4465_CTCATTAGTCTCAACA,Endothelial,Endothelial ACKR1,CID4465
CID4465_CTGCGGATCTACCAGA,Endothelial,Endothelial ACKR1,CID4465
CID4465_GATTCAGTCCATGAAC,Endothelial,Endothelial ACKR1,CID4465
CID4465_GCAAACTCATGCTAGT,Endothelial,Endothelial ACKR1,CID4465
CID4465_GCCTCTATCATCTGCC,Endothelial,Endothelial ACKR1,CID4465
CID4465_GGGCATCTCCTTCAAT,Endothelial,Endothelial ACKR1,CID4465
CID4465_GGTGAAGTCACGAAGG,Endothelial,Endothelial ACKR1,CID4465
CID4465_TAAGAGATCTGTGCAA,Endothelial,Endothelial ACKR1,CID4465
CID4465_TACGGTATCCTGTACC,Endothelial,Endothelial ACKR1,CID4465
CID4465_TGCACCTCATCGGAAG,Endothelial,Endothelial ACKR1,CID4465
CID4465_CTGGTCTGTCTAGCCG,Endothelial,Endothelial ACKR1,CID4465
CID4465_GATGCTAGTCAGGACA,Endothelial,Endothelial ACKR1,CID4465
CID4465_CACAGTAAGGAATCGC,Endothelial,Endothelial ACKR1,CID4465
CID4465_ATTGGACTCACGACTA,Endothelial,Endothelial ACKR1,CID4465
CID4465_CCGTTCACAGTTTACG,Endothelial,Endothelial ACKR1,CID4465
CID4465_CTCTAATCATGCCTTC,Endothelial,Endothelial RGS5,CID4465
CID4465_ATTATCCCACGCATCG,Endothelial,Endothelial RGS5,CID4465
CID4465_TGGCTGGGTGAAGGCT,Endothelial,Endothelial RGS5,CID4465
CID4465_GTTCGGGAGTTAGCGG,Endothelial,Endothelial RGS5,CID4465
CID4465_TGGCTGGAGGTTCCTA,Endothelial,Endothelial RGS5,CID4465
CID4465_TTGACTTGTCCGAGTC,Endothelial,Endothelial RGS5,CID4465
CID4465_CATTATCCACGAAGCA,Endothelial,Endothelial CXCL12,CID4465
CID4465_TCTATTGTCGTGGTCG,Endothelial,Endothelial CXCL12,CID4465
CID4465_AGGGTGATCCTTTCGG,CAFs,CAFs MSC iCAF-like,CID4465
CID4465_CAACCAATCGCTTGTC,CAFs,CAFs MSC iCAF-like,CID4465
CID4465_CAGTCCTGTCTTCGTC,CAFs,CAFs MSC iCAF-like,CID4465
CID4465_CCAGCGATCCATGCTC,CAFs,CAFs MSC iCAF-like,CID4465
CID4465_GCCTCTAAGCAATATG,CAFs,CAFs MSC iCAF-like,CID4465
CID4465_TACTTGTGTCTCCATC,CAFs,CAFs MSC iCAF-like,CID4465
CID4465_TCAGCAAGTCATCCCT,CAFs,CAFs MSC iCAF-like,CID4465
CID4465_ACGAGCCAGAGACGAA,CAFs,CAFs MSC iCAF-like,CID4465
CID4465_AGCTCCTCACAGACTT,CAFs,CAFs MSC iCAF-like,CID4465
CID4465_GCGCAGTGTACCGGCT,CAFs,CAFs MSC iCAF-like,CID4465
CID4465_GGAATAATCCGTCAAA,CAFs,CAFs MSC iCAF-like,CID4465
CID4465_GGCAATTAGAAGGCCT,CAFs,CAFs MSC iCAF-like,CID4465
CID4465_GTCACAATCGCAGGCT,CAFs,CAFs MSC iCAF-like,CID4465
CID4465_TATGCCCTCACTCCTG,CAFs,CAFs MSC iCAF-like,CID4465
CID4465_CGGTTAATCAGTGCAT,CAFs,CAFs MSC iCAF-like,CID4465
CID4465_CTTCTCTGTTCATGGT,CAFs,CAFs MSC iCAF-like,CID4465
CID4465_GGGTTGCCACGGTTTA,CAFs,CAFs MSC iCAF-like,CID4465
CID4465_ACTGTCCAGTCTCCTC,CAFs,CAFs MSC iCAF-like,CID4465
CID4465_TATCTCATCATAACCG,CAFs,CAFs MSC iCAF-like,CID4465
CID4465_GTTCTCGCAGCTGGCT,CAFs,CAFs myCAF-like,CID4465
CID4465_TCAGGATTCTTCGGTC,CAFs,CAFs myCAF-like,CID4465
CID4465_GCTCTGTCATCATCCC,CAFs,CAFs myCAF-like,CID4465
CID4465_CAGCTAACACGGCCAT,CAFs,CAFs myCAF-like,CID4465
CID4465_CCATTCGAGAGATGAG,CAFs,CAFs myCAF-like,CID4465
CID4465_TACTTACCAACTGGCC,CAFs,CAFs myCAF-like,CID4465
CID4465_CATGCCTCACATCCGG,CAFs,CAFs myCAF-like,CID4465
CID4465_GGACAAGGTATCACCA,CAFs,CAFs myCAF-like,CID4465
CID4465_GATCAGTCAGATCGGA,CAFs,CAFs myCAF-like,CID4465
CID4465_TGCACCTAGAGTCTGG,CAFs,CAFs myCAF-like,CID4465
CID4465_GCATGCGGTCCAGTGC,CAFs,CAFs myCAF-like,CID4465
CID4465_AACACGTCATACCATG,CAFs,CAFs myCAF-like,CID4465
CID4465_ACGAGCCAGCGAAGGG,CAFs,CAFs myCAF-like,CID4465
CID4465_AGCATACGTCTTGCGG,CAFs,CAFs myCAF-like,CID4465
CID4465_CAAGAAATCGTCGTTC,CAFs,CAFs myCAF-like,CID4465
CID4465_CTTAGGATCCCATTTA,CAFs,CAFs myCAF-like,CID4465
CID4465_GACGTGCCACCTGGTG,CAFs,CAFs myCAF-like,CID4465
CID4465_GCACTCTGTCGGGTCT,CAFs,CAFs myCAF-like,CID4465
CID4465_GCAGTTACAGGGTACA,CAFs,CAFs myCAF-like,CID4465
CID4465_GTACTCCGTGTCCTCT,CAFs,CAFs myCAF-like,CID4465
CID4465_GTAGTCAGTTGTCGCG,CAFs,CAFs myCAF-like,CID4465
CID4465_GTCGTAAGTTACCAGT,CAFs,CAFs myCAF-like,CID4465
CID4465_GTCTTCGAGTGACATA,CAFs,CAFs myCAF-like,CID4465
CID4465_GTTCTCGAGCCAGTTT,CAFs,CAFs myCAF-like,CID4465
CID4465_TGCTACCCATGGTAGG,CAFs,CAFs myCAF-like,CID4465
CID4465_TGTGTTTTCTGGTATG,CAFs,CAFs myCAF-like,CID4465
CID4465_AGTGAGGTCCGAATGT,PVL,PVL Differentiated,CID4465
CID4465_ATCCACCTCCACGTTC,PVL,PVL Differentiated,CID4465
CID4465_CCAATCCGTATGAAAC,PVL,PVL Differentiated,CID4465
CID4465_CCACCTAAGGTAGCCA,PVL,PVL Differentiated,CID4465
CID4465_GACGTTAAGGTGATAT,PVL,PVL Differentiated,CID4465
CID4465_GCACATAGTGGGTCAA,PVL,PVL Differentiated,CID4465
CID4465_GTATCTTTCAACACTG,PVL,PVL Differentiated,CID4465
CID4465_AAAGCAATCGGTTAAC,PVL,PVL Differentiated,CID4465
CID4465_AACTCCCGTATAAACG,PVL,PVL Differentiated,CID4465
CID4465_CATGACATCGCCATAA,PVL,PVL Differentiated,CID4465
CID4465_CCATTCGTCGCCCTTA,PVL,PVL Differentiated,CID4465
CID4465_CGATGGCAGGACGAAA,PVL,PVL Differentiated,CID4465
CID4465_GCTTGAAGTCTGGAGA,PVL,PVL Differentiated,CID4465
CID4465_GGAAAGCTCCGAATGT,PVL,PVL Differentiated,CID4465
CID4465_GTACTTTGTACATCCA,PVL,PVL Differentiated,CID4465
CID4465_GTCGGGTGTCGATTGT,PVL,PVL Differentiated,CID4465
CID4465_GTGCGGTAGCACCGCT,PVL,PVL Differentiated,CID4465
CID4465_TCAGATGTCCAAACAC,PVL,PVL Differentiated,CID4465
CID4465_TCTCTAAGTCATGCAT,PVL,PVL Differentiated,CID4465
CID4465_TTGGAACGTGCGAAAC,PVL,PVL Differentiated,CID4465
CID4465_TGGTTCCAGCACAGGT,PVL,PVL Differentiated,CID4465
CID4465_GAACCTATCTAAGCCA,PVL,PVL Immature,CID4465
CID4465_TGACTAGTCAAGATCC,PVL,PVL Immature,CID4465
CID4465_AAACCTGCATGGGAAC,PVL,PVL Immature,CID4465
CID4465_ACGCAGCAGAAGGGTA,PVL,PVL Immature,CID4465
CID4465_CACAGTAAGGCTCAGA,PVL,PVL Immature,CID4465
CID4465_CGGACGTTCTCTGCTG,PVL,PVL Immature,CID4465
CID4465_GGTATTGCAGCCAATT,PVL,PVL Immature,CID4465
CID4465_TAGAGCTTCCAGTAGT,PVL,PVL Immature,CID4465
CID4465_TGACTTTCATAAAGGT,PVL,PVL Immature,CID4465
CID4465_ACTGAGTTCCGAATGT,PVL,PVL Immature,CID4465
CID4465_ACCCACTAGTGGGCTA,PVL,PVL Immature,CID4465
CID4465_TAAGTGCGTCCCGACA,PVL,PVL Immature,CID4465
CID4465_GACGCGTGTCCAAGTT,PVL,PVL Immature,CID4465
CID4465_AAAGATGTCCCTTGCA,PVL,PVL Immature,CID4465
CID4465_CGATGTAGTTCAACCA,PVL,PVL Immature,CID4465
CID4465_TTTGGTTCAGTCAGAG,PVL,PVL Immature,CID4465
CID4465_ATAGACCTCATTATCC,PVL,PVL Immature,CID4465
CID4465_CCTACCAAGCTAAACA,PVL,PVL Immature,CID4465
CID4465_ACCAGTAAGTGTTTGC,B-cells,B cells Memory,CID4465
CID4465_AAACCTGTCACCCGAG,B-cells,B cells Memory,CID4465
CID4465_AAATGCCGTCTAGCCG,B-cells,B cells Memory,CID4465
CID4465_AACTCTTAGCTGATAA,B-cells,B cells Memory,CID4465
CID4465_ACTGTCCTCTGAGTGT,B-cells,B cells Memory,CID4465
CID4465_ACTTGTTGTCCAGTAT,B-cells,B cells Memory,CID4465
CID4465_AGGGAGTAGTCGTTTG,B-cells,B cells Memory,CID4465
CID4465_CGAATGTAGTGCAAGC,B-cells,B cells Memory,CID4465
CID4465_CTAATGGGTTGGACCC,B-cells,B cells Memory,CID4465
CID4465_GCATGATGTGCCTGCA,B-cells,B cells Memory,CID4465
CID4465_GTTCATTGTTATGTGC,B-cells,B cells Memory,CID4465
CID4465_TGGTTAGTCGACAGCC,B-cells,B cells Memory,CID4465
CID4465_TGTGTTTAGCTATGCT,B-cells,B cells Memory,CID4465
CID4465_AAACCTGTCTGTCTAT,B-cells,B cells Memory,CID4465
CID4465_GATCGCGAGCTAGTCT,B-cells,B cells Memory,CID4465
CID4465_ACATACGAGCGTTGCC,B-cells,B cells Memory,CID4465
CID4465_ACGCAGCCATCCGGGT,B-cells,B cells Memory,CID4465
CID4465_AGAGCGAGTTATTCTC,B-cells,B cells Memory,CID4465
CID4465_CAGGTGCTCCTCTAGC,B-cells,B cells Memory,CID4465
CID4465_CCGGGATTCGGATGGA,B-cells,B cells Memory,CID4465
CID4465_CTCTACGAGGAGTCTG,B-cells,B cells Memory,CID4465
CID4465_AAACGGGAGCCACGTC,Plasmablasts,Plasmablasts,CID4465
CID4465_AACCGCGCAGCCACCA,Plasmablasts,Plasmablasts,CID4465
CID4465_ACACTGATCCTGTAGA,Plasmablasts,Plasmablasts,CID4465
CID4465_ACTGCTCGTCATGCAT,Plasmablasts,Plasmablasts,CID4465
CID4465_AGATTGCCACCAGGCT,Plasmablasts,Plasmablasts,CID4465
CID4465_AGTGTCACAGGATCGA,Plasmablasts,Plasmablasts,CID4465
CID4465_CAAGAAAAGTGTCCAT,Plasmablasts,Plasmablasts,CID4465
CID4465_CAGCTAAAGATATGGT,Plasmablasts,Plasmablasts,CID4465
CID4465_CATGACATCATCACCC,Plasmablasts,Plasmablasts,CID4465
CID4465_CCACTACCATTAACCG,Plasmablasts,Plasmablasts,CID4465
CID4465_CCTCAGTAGGACTGGT,Plasmablasts,Plasmablasts,CID4465
CID4465_CGACTTCCAATCGAAA,Plasmablasts,Plasmablasts,CID4465
CID4465_CGTCCATCAGGTCGTC,Plasmablasts,Plasmablasts,CID4465
CID4465_CTACCCACACTACAGT,Plasmablasts,Plasmablasts,CID4465
CID4465_CTACGTCTCACGCATA,Plasmablasts,Plasmablasts,CID4465
CID4465_CTTTGCGAGGCAAAGA,Plasmablasts,Plasmablasts,CID4465
CID4465_GCATACATCGCGGATC,Plasmablasts,Plasmablasts,CID4465
CID4465_GGAATAAGTGCAGTAG,Plasmablasts,Plasmablasts,CID4465
CID4465_GGGCACTCACCGCTAG,Plasmablasts,Plasmablasts,CID4465
CID4465_GGGCACTTCGACCAGC,Plasmablasts,Plasmablasts,CID4465
CID4465_GGGCATCAGCGCCTTG,Plasmablasts,Plasmablasts,CID4465
CID4465_GGGTCTGTCAAACCAC,Plasmablasts,Plasmablasts,CID4465
CID4465_GTAACGTTCAGCACAT,Plasmablasts,Plasmablasts,CID4465
CID4465_GTGCATACAGCTCGAC,Plasmablasts,Plasmablasts,CID4465
CID4465_TAAGAGACAGCAGTTT,Plasmablasts,Plasmablasts,CID4465
CID4465_TAAGAGAGTCTAGTGT,Plasmablasts,Plasmablasts,CID4465
CID4465_TAGTGGTGTTAGAACA,Plasmablasts,Plasmablasts,CID4465
CID4465_TCAATCTGTACCAGTT,Plasmablasts,Plasmablasts,CID4465
CID4465_TTAACTCAGACTTTCG,Plasmablasts,Plasmablasts,CID4465
CID4465_AACCGCGTCGGAAATA,Plasmablasts,Plasmablasts,CID4465
CID4465_ATTATCCAGAGACTAT,Plasmablasts,Plasmablasts,CID4465
CID4465_CGGGTCAGTTACGACT,Plasmablasts,Plasmablasts,CID4465
CID4465_AACTGGTGTACCAGTT,Plasmablasts,Plasmablasts,CID4465
CID4465_ACATACGGTTGGGACA,Plasmablasts,Plasmablasts,CID4465
CID4465_ACCCACTTCTTGGGTA,Plasmablasts,Plasmablasts,CID4465
CID4465_ACGAGGACACTACAGT,Plasmablasts,Plasmablasts,CID4465
CID4465_ACGCCGAAGACATAAC,Plasmablasts,Plasmablasts,CID4465
CID4465_ACTTTCAAGTTGTAGA,Plasmablasts,Plasmablasts,CID4465
CID4465_AGAGCGAGTTAAGGGC,Plasmablasts,Plasmablasts,CID4465
CID4465_AGGGATGTCGCTTAGA,Plasmablasts,Plasmablasts,CID4465
CID4465_ATCTACTGTAACGACG,Plasmablasts,Plasmablasts,CID4465
CID4465_CACAGTAAGCGATTCT,Plasmablasts,Plasmablasts,CID4465
CID4465_CATCCACTCAACACCA,Plasmablasts,Plasmablasts,CID4465
CID4465_CCGGGATCAGGCGATA,Plasmablasts,Plasmablasts,CID4465
CID4465_CCTACACGTTAGAACA,Plasmablasts,Plasmablasts,CID4465
CID4465_CCTACACTCGCGGATC,Plasmablasts,Plasmablasts,CID4465
CID4465_CGATTGATCCGCTGTT,Plasmablasts,Plasmablasts,CID4465
CID4465_CGGTTAACACGTTGGC,Plasmablasts,Plasmablasts,CID4465
CID4465_CTGATCCAGATGCGAC,Plasmablasts,Plasmablasts,CID4465
CID4465_GAACATCGTAATCACC,Plasmablasts,Plasmablasts,CID4465
CID4465_GACACGCTCGTCGTTC,Plasmablasts,Plasmablasts,CID4465
CID4465_GACCAATGTCTCTTAT,Plasmablasts,Plasmablasts,CID4465
CID4465_GACGGCTGTCATATCG,Plasmablasts,Plasmablasts,CID4465
CID4465_GGACATTAGGGTGTTG,Plasmablasts,Plasmablasts,CID4465
CID4465_GTCCTCACACGGTGTC,Plasmablasts,Plasmablasts,CID4465
CID4465_GTGCAGCCAAACGTGG,Plasmablasts,Plasmablasts,CID4465
CID4465_GTGGGTCGTTCAGTAC,Plasmablasts,Plasmablasts,CID4465
CID4465_GTTCATTAGGCTACGA,Plasmablasts,Plasmablasts,CID4465
CID4465_TAAACCGCAGTATGCT,Plasmablasts,Plasmablasts,CID4465
CID4465_TAGTGGTAGTCGAGTG,Plasmablasts,Plasmablasts,CID4465
CID4465_TCGCGAGAGCGATCCC,Plasmablasts,Plasmablasts,CID4465
CID4465_TGTCCCAGTATAGGTA,Plasmablasts,Plasmablasts,CID4465
CID4465_TTCCCAGGTCACTGGC,Plasmablasts,Plasmablasts,CID4465
CID4465_TTCCCAGGTGAAATCA,Plasmablasts,Plasmablasts,CID4465
CID4465_TTTGGTTAGTAAGTAC,Plasmablasts,Plasmablasts,CID4465
CID4465_TTTGGTTCACACTGCG,Plasmablasts,Plasmablasts,CID4465
CID4465_GTAACGTTCTCCAGGG,Plasmablasts,Plasmablasts,CID4465
CID4465_TGGCCAGAGATCCCAT,Plasmablasts,Plasmablasts,CID4465
CID4465_GGAAAGCCAGATCCAT,Plasmablasts,Plasmablasts,CID4465
CID4465_ACGCAGCCATGGTTGT,Plasmablasts,Plasmablasts,CID4465
CID4465_CTGCGGAGTTAGATGA,Plasmablasts,Plasmablasts,CID4465
CID4465_CGATTGAGTAAATACG,Plasmablasts,Plasmablasts,CID4465
CID4465_TAAGCGTAGAGGGATA,Plasmablasts,Plasmablasts,CID4465
CID4465_ACATACGTCATTGCGA,T-cells,T cells CD8+,CID4465
CID4465_AGCCTAAGTACACCGC,T-cells,T cells CD8+,CID4465
CID4465_ATCACGACATGGAATA,T-cells,T cells CD8+,CID4465
CID4465_GCTGCTTTCGCCGTGA,T-cells,T cells CD8+,CID4465
CID4465_GACTACATCTATCGCC,T-cells,T cells CD4+,CID4465
CID4465_GCTGCAGGTACCGTTA,Myeloid,Macrophage,CID4465
CID4465_CAGTAACAGAAGAAGC,Myeloid,Monocyte,CID4465
CID4465_CCACTACTCCTTCAAT,Myeloid,Monocyte,CID4465
CID4465_CGATGTACATTCCTGC,Myeloid,Monocyte,CID4465
CID4465_CGATTGATCGAGAACG,Myeloid,Monocyte,CID4465
CID4465_CGTGTAACATGCAATC,Myeloid,Monocyte,CID4465
CID4465_GTATCTTAGAGTAATC,Myeloid,Monocyte,CID4465
CID4465_CCCAGTTGTATATGAG,Myeloid,Macrophage,CID4465
CID4465_TTGGAACAGTCATGCT,Myeloid,Macrophage,CID4465
CID4465_TGACGGCGTTTACTCT,Myeloid,Macrophage,CID4465
CID4465_AACCATGTCAGTGTTG,Myeloid,Macrophage,CID4465
CID4465_AAGACCTGTTCAGACT,Myeloid,Macrophage,CID4465
CID4465_AGGGTGAAGAGGTAGA,Myeloid,Macrophage,CID4465
CID4465_ATTCTACGTAGGGTAC,Myeloid,Macrophage,CID4465
CID4465_CAGCTAAAGCAGCGTA,Myeloid,Macrophage,CID4465
CID4465_CGATTGATCCTGTAGA,Myeloid,Macrophage,CID4465
CID4465_CGCCAAGAGCCTTGAT,Myeloid,Macrophage,CID4465
CID4465_CGTCTACGTAAGTTCC,Myeloid,Macrophage,CID4465
CID4465_CTGATCCTCAGCTTAG,Myeloid,Macrophage,CID4465
CID4465_GAGGTGATCATAAAGG,Myeloid,Macrophage,CID4465
CID4465_GGAATAATCGTTTAGG,Myeloid,Macrophage,CID4465
CID4465_GTGGGTCAGAGAACAG,Myeloid,Macrophage,CID4465
CID4465_TACTCGCTCTCCAGGG,Myeloid,Macrophage,CID4465
CID4465_TCGTAGACATGGTCAT,Myeloid,Macrophage,CID4465
CID4465_TCTCTAAAGACTAGAT,Myeloid,Macrophage,CID4465
CID4465_TGCCAAAGTTCAGGCC,Myeloid,Macrophage,CID4465
CID4465_TGTGGTATCTCGCTTG,Myeloid,Macrophage,CID4465
CID4465_TTAACTCGTCCGAAGA,Myeloid,Macrophage,CID4465
CID4465_GGGCACTGTGCAGGTA,Myeloid,Macrophage,CID4465
CID4465_CCTAAAGTCCGCTGTT,Myeloid,Monocyte,CID4465
CID4465_TATTACCCACAACGCC,Myeloid,Macrophage,CID4465
CID4465_GGGCATCGTAGGAGTC,Myeloid,Macrophage,CID4465
CID4465_AGAGCTTGTTAAAGAC,Myeloid,DCs,CID4465
CID4465_CACCAGGTCGATCCCT,Myeloid,DCs,CID4465
CID4465_AACTGGTCAACCGCCA,Myeloid,DCs,CID4465
CID4465_CAGAATCTCTTGTTTG,Cancer Epithelial,Cancer Cycling,CID4465
CID4465_CAGCAGCCAGCTTCGG,Cancer Epithelial,Cancer Cycling,CID4465
CID4465_GCACATAGTTGCTCCT,Cancer Epithelial,Cancer Cycling,CID4465
CID4465_GGCTGGTGTGGTGTAG,Cancer Epithelial,Cancer Cycling,CID4465
CID4465_TGATTTCAGGGTGTTG,Cancer Epithelial,Cancer Cycling,CID4465
CID4465_AGAATAGTCGAGGTAG,Cancer Epithelial,Cancer Cycling,CID4465
CID4465_AGATCTGAGTTTGCGT,Cancer Epithelial,Cancer Cycling,CID4465
CID4465_GCGAGAACAGACAAGC,Cancer Epithelial,Cancer Cycling,CID4465
CID4465_GGAACTTTCCGGCACA,Cancer Epithelial,Cancer Cycling,CID4465
CID4465_TATGCCCGTGGAAAGA,Cancer Epithelial,Cancer Basal SC,CID4465
CID4465_CGTGTCTAGTAAGTAC,Normal Epithelial,Mature Luminal,CID4465
CID4465_GAGTCCGGTGAGGGAG,Normal Epithelial,Mature Luminal,CID4465
CID4465_TGAGCCGCACGTCTCT,Normal Epithelial,Mature Luminal,CID4465
CID4465_TGGCCAGGTCCGTGAC,Normal Epithelial,Mature Luminal,CID4465
CID4523_TACTTACCAGGTGGAT,CAFs,CAFs MSC iCAF-like,CID4523
CID4523_GCACTCTGTAAGGATT,CAFs,CAFs MSC iCAF-like,CID4523
CID4523_CATCAGATCTTCAACT,CAFs,CAFs myCAF-like,CID4523
CID4523_AAGTCTGAGAAGGCCT,CAFs,CAFs myCAF-like,CID4523
CID4523_TTAACTCAGCCATCGC,PVL,PVL Differentiated,CID4523
CID4523_AAACGGGAGACATAAC,PVL,PVL Immature,CID4523
CID4523_ACGGGTCCATTCTTAC,T-cells,T cells CD4+,CID4523
CID4523_GAACATCCATCCTTGC,T-cells,T cells CD4+,CID4523
CID4523_AGCGTCGTCTCTGAGA,T-cells,T cells CD4+,CID4523
CID4523_AAAGTAGAGGCTCTTA,Myeloid,Macrophage,CID4523
CID4523_CTCATTACACCAACCG,Myeloid,Macrophage,CID4523
CID4523_CTCGGGACACGCGAAA,Myeloid,Macrophage,CID4523
CID4523_AAATGCCCAAGCGCTC,Myeloid,Monocyte,CID4523
CID4523_ATCATCTGTTAAAGTG,Myeloid,Monocyte,CID4523
CID4523_CAACCAATCGCTTGTC,Myeloid,Monocyte,CID4523
CID4523_CAGAGAGCAAACCTAC,Myeloid,Monocyte,CID4523
CID4523_CATGACACACTCTGTC,Myeloid,Monocyte,CID4523
CID4523_GAACCTATCATCGCTC,Myeloid,Monocyte,CID4523
CID4523_GCAAACTTCATGTCCC,Myeloid,Monocyte,CID4523
CID4523_GGCTGGTCAGCAGTTT,Myeloid,Monocyte,CID4523
CID4523_GGTGAAGTCAGAGCTT,Myeloid,Monocyte,CID4523
CID4523_TAAACCGGTCGTCTTC,Myeloid,Monocyte,CID4523
CID4523_TACCTATGTTCCAACA,Myeloid,Monocyte,CID4523
CID4523_TAGACCAGTTCCGGCA,Myeloid,Monocyte,CID4523
CID4523_AAAGCAACACGGTGTC,Myeloid,Monocyte,CID4523
CID4523_ACGATGTTCGTCGTTC,Myeloid,Monocyte,CID4523
CID4523_CGCTATCTCTAACGGT,Myeloid,Monocyte,CID4523
CID4523_CTAATGGTCGGCTACG,Myeloid,Monocyte,CID4523
CID4523_CTCTAATGTTTACTCT,Myeloid,Monocyte,CID4523
CID4523_ACCCACTGTAATTGGA,Myeloid,Macrophage,CID4523
CID4523_ACGCAGCCAATCCGAT,Myeloid,Macrophage,CID4523
CID4523_AGGGAGTAGGGTCGAT,Myeloid,Macrophage,CID4523
CID4523_AGGGAGTTCATGTAGC,Myeloid,Macrophage,CID4523
CID4523_ATGAGGGCAGGCAGTA,Myeloid,Macrophage,CID4523
CID4523_CATGGCGAGATGCCTT,Myeloid,Macrophage,CID4523
CID4523_CATGGCGTCAGTTGAC,Myeloid,Macrophage,CID4523
CID4523_CATTATCAGTCGAGTG,Myeloid,Macrophage,CID4523
CID4523_CCACCTATCTGGGCCA,Myeloid,Macrophage,CID4523
CID4523_CCAGCGAGTGGTTTCA,Myeloid,Macrophage,CID4523
CID4523_CTCAGAAGTCATTAGC,Myeloid,Macrophage,CID4523
CID4523_CTCAGAAGTTCCCTTG,Myeloid,Macrophage,CID4523
CID4523_CTCGAAAGTCCGTGAC,Myeloid,Macrophage,CID4523
CID4523_GAAATGACAGGAACGT,Myeloid,Macrophage,CID4523
CID4523_GCTTCCAGTCTCCACT,Myeloid,Macrophage,CID4523
CID4523_GGCGACTCACCAACCG,Myeloid,Macrophage,CID4523
CID4523_GTAGTCATCACAGGCC,Myeloid,Macrophage,CID4523
CID4523_GTCTCGTAGTTGAGAT,Myeloid,Macrophage,CID4523
CID4523_TCAATCTTCCGCATAA,Myeloid,Macrophage,CID4523
CID4523_TCTCTAAGTATGAAAC,Myeloid,Macrophage,CID4523
CID4523_TGAGAGGTCAGGTTCA,Myeloid,Macrophage,CID4523
CID4523_CACACCTAGTCAAGGC,Myeloid,Macrophage,CID4523
CID4523_AGCGGTCGTTGGTTTG,Myeloid,Macrophage,CID4523
CID4523_CATATTCGTTTGACAC,Myeloid,Macrophage,CID4523
CID4523_GGAAAGCTCGCATGAT,Myeloid,Macrophage,CID4523
CID4523_GTAACGTCATTCCTGC,Myeloid,Macrophage,CID4523
CID4523_CTACACCGTGACGGTA,Myeloid,Macrophage,CID4523
CID4523_ATCCGAAGTTCCGGCA,Myeloid,Macrophage,CID4523
CID4523_CGCGTTTTCTCTGAGA,Myeloid,Monocyte,CID4523
CID4523_CTGAAACTCAACGCTA,Myeloid,Monocyte,CID4523
CID4523_GGAAAGCGTAATAGCA,Myeloid,Monocyte,CID4523
CID4523_TACCTATAGGGAAACA,Myeloid,Monocyte,CID4523
CID4523_TATGCCCTCCATGAAC,Myeloid,Monocyte,CID4523
CID4523_TGTTCCGCAAAGCAAT,Myeloid,Monocyte,CID4523
CID4523_AAAGATGCACATCCAA,Myeloid,Monocyte,CID4523
CID4523_CAGAGAGTCCGAAGAG,Myeloid,Monocyte,CID4523
CID4523_CAGCATAGTAGGACAC,Myeloid,Monocyte,CID4523
CID4523_GGCGACTTCGCCAGCA,Myeloid,Monocyte,CID4523
CID4523_TGAGCCGGTTCCATGA,Myeloid,Monocyte,CID4523
CID4523_TTTGGTTTCTGTTTGT,Myeloid,Macrophage,CID4523
CID4523_CTCGAAAAGCGTCTAT,Myeloid,Macrophage,CID4523
CID4523_GCAAACTTCTGGAGCC,Myeloid,DCs,CID4523
CID4523_CAACCAACACAGAGGT,Cancer Epithelial,Cancer LumB SC,CID4523
CID4523_CAGAGAGCACTGAAGG,Cancer Epithelial,Cancer LumB SC,CID4523
CID4523_ACGGAGACAGTCGTGC,Cancer Epithelial,Cancer Cycling,CID4523
CID4523_GCTGCTTAGGCATTGG,Cancer Epithelial,Cancer Cycling,CID4523
CID4523_AAATGCCCAATCGGTT,Cancer Epithelial,Cancer Cycling,CID4523
CID4523_AACGTTGAGGCCCGTT,Cancer Epithelial,Cancer Cycling,CID4523
CID4523_AATCGGTGTAAACGCG,Cancer Epithelial,Cancer Cycling,CID4523
CID4523_ACACCGGCAGTCGATT,Cancer Epithelial,Cancer Cycling,CID4523
CID4523_AGACGTTCAATCCGAT,Cancer Epithelial,Cancer Cycling,CID4523
CID4523_AGGTCATTCGGACAAG,Cancer Epithelial,Cancer Cycling,CID4523
CID4523_CAGCGACAGTTGTCGT,Cancer Epithelial,Cancer Cycling,CID4523
CID4523_CGCTATCGTTACGTCA,Cancer Epithelial,Cancer Cycling,CID4523
CID4523_CTCGAAAGTTGATTGC,Cancer Epithelial,Cancer Cycling,CID4523
CID4523_CTTAGGAAGCGCTCCA,Cancer Epithelial,Cancer Cycling,CID4523
CID4523_CTTAGGAAGCTAAACA,Cancer Epithelial,Cancer Cycling,CID4523
CID4523_GAGGTGAGTGCGAAAC,Cancer Epithelial,Cancer Cycling,CID4523
CID4523_GATTCAGCACTTAAGC,Cancer Epithelial,Cancer Cycling,CID4523
CID4523_GCTCTGTCAGCCTTTC,Cancer Epithelial,Cancer Cycling,CID4523
CID4523_GGGAGATAGAAGAAGC,Cancer Epithelial,Cancer Cycling,CID4523
CID4523_GGTGTTAAGACTTTCG,Cancer Epithelial,Cancer Cycling,CID4523
CID4523_GTGGGTCCACCACCAG,Cancer Epithelial,Cancer Cycling,CID4523
CID4523_GTTCGGGAGGGTGTGT,Cancer Epithelial,Cancer Cycling,CID4523
CID4523_TCAGATGTCCTAAGTG,Cancer Epithelial,Cancer Cycling,CID4523
CID4523_TCTGAGAAGCGATCCC,Cancer Epithelial,Cancer Cycling,CID4523
CID4523_TGTGGTACAGGAACGT,Cancer Epithelial,Cancer Cycling,CID4523
CID4523_TTCTCCTAGGAGCGTT,Cancer Epithelial,Cancer Cycling,CID4523
CID4523_TTCTTAGCATCACGTA,Cancer Epithelial,Cancer Cycling,CID4523
CID4523_TTGCCGTCATGGTCTA,Cancer Epithelial,Cancer Cycling,CID4523
CID4523_TTTGTCACACACATGT,Cancer Epithelial,Cancer Cycling,CID4523
CID4523_AAGACCTAGATCGATA,Cancer Epithelial,Cancer Cycling,CID4523
CID4523_CCGTGGAGTGAGCGAT,Cancer Epithelial,Cancer Cycling,CID4523
CID4523_CCGTTCAGTCGCCATG,Cancer Epithelial,Cancer Cycling,CID4523
CID4523_CGGAGTCAGATGTGGC,Cancer Epithelial,Cancer Cycling,CID4523
CID4523_CTCAGAATCCTTTCTC,Cancer Epithelial,Cancer Cycling,CID4523
CID4523_GGGAGATAGAGTCTGG,Cancer Epithelial,Cancer Cycling,CID4523
CID4523_TAAGCGTGTATTACCG,Cancer Epithelial,Cancer Cycling,CID4523
CID4523_AAACCTGGTCTGGTCG,Cancer Epithelial,Cancer Basal SC,CID4523
CID4523_AACTCAGAGACCGGAT,Cancer Epithelial,Cancer Basal SC,CID4523
CID4523_ACCAGTAGTAAGGGAA,Cancer Epithelial,Cancer Basal SC,CID4523
CID4523_ACGATGTGTGTTAAGA,Cancer Epithelial,Cancer Basal SC,CID4523
CID4523_AGAGTGGCAGGAATCG,Cancer Epithelial,Cancer Basal SC,CID4523
CID4523_AGTAGTCTCGCGCCAA,Cancer Epithelial,Cancer Basal SC,CID4523
CID4523_ATTGGTGTCGTTTAGG,Cancer Epithelial,Cancer Basal SC,CID4523
CID4523_CACACTCCAGCTCCGA,Cancer Epithelial,Cancer Basal SC,CID4523
CID4523_CATCAGAAGGCTCTTA,Cancer Epithelial,Cancer Basal SC,CID4523
CID4523_CATCGGGGTCTCTCTG,Cancer Epithelial,Cancer Basal SC,CID4523
CID4523_CATGCCTGTTAGGGTG,Cancer Epithelial,Cancer Basal SC,CID4523
CID4523_CCTTACGGTTCATGGT,Cancer Epithelial,Cancer Basal SC,CID4523
CID4523_CCTTTCTTCAACGCTA,Cancer Epithelial,Cancer Basal SC,CID4523
CID4523_CGAATGTAGATATACG,Cancer Epithelial,Cancer Basal SC,CID4523
CID4523_CGTGTAAAGTTCGCAT,Cancer Epithelial,Cancer Basal SC,CID4523
CID4523_CTACATTAGGGTTCCC,Cancer Epithelial,Cancer Basal SC,CID4523
CID4523_CTCCTAGGTCTGCGGT,Cancer Epithelial,Cancer Basal SC,CID4523
CID4523_CTCTAATGTGACCAAG,Cancer Epithelial,Cancer Basal SC,CID4523
CID4523_CTTAACTGTAAGTGGC,Cancer Epithelial,Cancer Basal SC,CID4523
CID4523_GACACGCAGCTGCGAA,Cancer Epithelial,Cancer Basal SC,CID4523
CID4523_GCTGGGTTCAGTTTGG,Cancer Epithelial,Cancer Basal SC,CID4523
CID4523_GGGAATGGTCTCAACA,Cancer Epithelial,Cancer Basal SC,CID4523
CID4523_GTACGTAGTCTCATCC,Cancer Epithelial,Cancer Basal SC,CID4523
CID4523_GTCAAGTCAGACGCCT,Cancer Epithelial,Cancer Basal SC,CID4523
CID4523_GTCACGGCACATGTGT,Cancer Epithelial,Cancer Basal SC,CID4523
CID4523_GTTTCTAAGAGCTGGT,Cancer Epithelial,Cancer Basal SC,CID4523
CID4523_TAAGCGTCACAAGACG,Cancer Epithelial,Cancer Basal SC,CID4523
CID4523_TAAGCGTGTTGGTGGA,Cancer Epithelial,Cancer Basal SC,CID4523
CID4523_TACACGAGTGATGATA,Cancer Epithelial,Cancer Basal SC,CID4523
CID4523_TCACGAAAGTGACATA,Cancer Epithelial,Cancer Basal SC,CID4523
CID4523_TGAGGGACAGGAACGT,Cancer Epithelial,Cancer Basal SC,CID4523
CID4523_TGCGGGTGTACTTAGC,Cancer Epithelial,Cancer Basal SC,CID4523
CID4523_TGTCCCATCACAATGC,Cancer Epithelial,Cancer Basal SC,CID4523
CID4523_TTCTACAAGACTTGAA,Cancer Epithelial,Cancer Basal SC,CID4523
CID4523_TTGAACGTCAACCATG,Cancer Epithelial,Cancer Basal SC,CID4523
CID4523_TTTCCTCTCAGCTCTC,Cancer Epithelial,Cancer Basal SC,CID4523
CID4523_ATCGAGTCAGCTGTTA,Cancer Epithelial,Cancer Her2 SC,CID4523
CID4523_CAAGAAAGTACCTACA,Cancer Epithelial,Cancer Her2 SC,CID4523
CID4523_GTGCATAGTGACTACT,Cancer Epithelial,Cancer Her2 SC,CID4523
CID4523_TGATTTCTCATCTGCC,Cancer Epithelial,Cancer Her2 SC,CID4523
CID4461_ATCCACCTCGTCGTTC,Endothelial,Endothelial ACKR1,CID4461
CID4461_GCTTGAATCCTCATTA,Endothelial,Endothelial ACKR1,CID4461
CID4461_TAAACCGTCCTATGTT,Endothelial,Endothelial ACKR1,CID4461
CID4461_TCGTACCAGGCAGGTT,Endothelial,Endothelial ACKR1,CID4461
CID4461_AGTGAGGTCCAACCAA,Endothelial,Endothelial ACKR1,CID4461
CID4461_TTTACTGTCAGAGACG,Endothelial,Endothelial ACKR1,CID4461
CID4461_CCGTACTCATACTACG,Endothelial,Endothelial CXCL12,CID4461
CID4461_GATCGCGAGCGCCTCA,CAFs,CAFs MSC iCAF-like,CID4461
CID4461_GTACTTTAGCCGGTAA,CAFs,CAFs MSC iCAF-like,CID4461
CID4461_AGGCCGTCAGGAATCG,CAFs,CAFs myCAF-like,CID4461
CID4461_GACTACAAGATAGTCA,CAFs,CAFs myCAF-like,CID4461
CID4461_TACCTATGTTCGGGCT,CAFs,CAFs myCAF-like,CID4461
CID4461_ACTTGTTCATCTATGG,PVL,PVL Differentiated,CID4461
CID4461_ATCATGGCACTTAAGC,PVL,PVL Differentiated,CID4461
CID4461_CGTCAGGGTGCGCTTG,PVL,PVL Differentiated,CID4461
CID4461_CTGCGGAAGCTACCGC,PVL,PVL Differentiated,CID4461
CID4461_GCTTCCAAGCGATTCT,PVL,PVL Differentiated,CID4461
CID4461_GTAGTCACAGGTGGAT,PVL,PVL Differentiated,CID4461
CID4461_TGAAAGACATGGTCTA,PVL,PVL Differentiated,CID4461
CID4461_TGGTTAGCAGACAAGC,PVL,PVL Differentiated,CID4461
CID4461_TGGTTAGCATACTACG,PVL,PVL Differentiated,CID4461
CID4461_GCGCAGTCAATCGAAA,PVL,PVL Immature,CID4461
CID4461_CGCCAAGTCCACGTTC,PVL,PVL Immature,CID4461
CID4461_CTCAGAAAGTGCCATT,PVL,PVL Immature,CID4461
CID4461_ACGCCGAGTCTGGTCG,Plasmablasts,Plasmablasts,CID4461
CID4461_AGCATACAGTGTCCAT,Plasmablasts,Plasmablasts,CID4461
CID4461_CACCTTGGTCGTGGCT,Plasmablasts,Plasmablasts,CID4461
CID4461_CAGAGAGCACGACTCG,Plasmablasts,Plasmablasts,CID4461
CID4461_CTCGAAATCTTGTCAT,Plasmablasts,Plasmablasts,CID4461
CID4461_GCGCAGTCACGTTGGC,Plasmablasts,Plasmablasts,CID4461
CID4461_GTCCTCAGTCGGATCC,Plasmablasts,Plasmablasts,CID4461
CID4461_AAATGCCTCTGTTGAG,Plasmablasts,Plasmablasts,CID4461
CID4461_AAGGCAGTCAGCTCTC,Plasmablasts,Plasmablasts,CID4461
CID4461_AGGGAGTGTAGGAGTC,Plasmablasts,Plasmablasts,CID4461
CID4461_CCCAGTTAGGATATAC,Plasmablasts,Plasmablasts,CID4461
CID4461_CCGTGGAAGACACTAA,Plasmablasts,Plasmablasts,CID4461
CID4461_CGTCAGGGTACTTGAC,Plasmablasts,Plasmablasts,CID4461
CID4461_CTACGTCCACATGTGT,Plasmablasts,Plasmablasts,CID4461
CID4461_CTCGGGACACAGGCCT,Plasmablasts,Plasmablasts,CID4461
CID4461_GAAACTCAGTGAATTG,Plasmablasts,Plasmablasts,CID4461
CID4461_GCTGGGTAGGCTAGCA,Plasmablasts,Plasmablasts,CID4461
CID4461_GGTGTTAGTTTAGCTG,Plasmablasts,Plasmablasts,CID4461
CID4461_GTCGTAAGTCTAGAGG,Plasmablasts,Plasmablasts,CID4461
CID4461_TCACAAGCAGCCAATT,Plasmablasts,Plasmablasts,CID4461
CID4461_TCCACACGTCGTTGTA,Plasmablasts,Plasmablasts,CID4461
CID4461_TCTCTAAGTATGCTTG,Plasmablasts,Plasmablasts,CID4461
CID4461_TGACGGCCATGTCCTC,Plasmablasts,Plasmablasts,CID4461
CID4461_TGGTTAGCAATCGAAA,Plasmablasts,Plasmablasts,CID4461
CID4461_GGGCATCGTTACCGAT,T-cells,T cells CD4+,CID4461
CID4461_CAGGTGCAGCAACGGT,T-cells,T cells CD4+,CID4461
CID4461_GGGAATGGTCAGAGGT,Myeloid,Macrophage,CID4461
CID4461_CTGCCTATCTCGGACG,Myeloid,Macrophage,CID4461
CID4461_CTGCTGTCAGGGATTG,Myeloid,Macrophage,CID4461
CID4461_TACAGTGGTCATGCCG,Myeloid,Macrophage,CID4461
CID4461_ACCGTAATCTCGCTTG,Myeloid,Macrophage,CID4461
CID4461_GATGCTATCGCGGATC,Myeloid,Macrophage,CID4461
CID4461_TCAACGATCTGAGGGA,Myeloid,Macrophage,CID4461
CID4461_CTAACTTGTGCAACGA,Myeloid,Monocyte,CID4461
CID4461_CTCACACTCTGCGGCA,Myeloid,DCs,CID4461
CID4461_TCTGAGATCAACACTG,Myeloid,DCs,CID4461
CID4461_AAAGTAGTCTGATTCT,Cancer Epithelial,Cancer LumB SC,CID4461
CID4461_ACGGGCTAGCAGACTG,Cancer Epithelial,Cancer LumB SC,CID4461
CID4461_AGAATAGTCTACCAGA,Cancer Epithelial,Cancer LumB SC,CID4461
CID4461_CAACTAGAGTCTCAAC,Cancer Epithelial,Cancer LumB SC,CID4461
CID4461_CCACCTAAGAGAACAG,Cancer Epithelial,Cancer LumB SC,CID4461
CID4461_CCGGTAGGTCCGTCAG,Cancer Epithelial,Cancer LumB SC,CID4461
CID4461_CGAGCCACATCAGTAC,Cancer Epithelial,Cancer LumB SC,CID4461
CID4461_CTCGTACTCTTCAACT,Cancer Epithelial,Cancer LumB SC,CID4461
CID4461_CTGTGCTTCTTACCGC,Cancer Epithelial,Cancer LumB SC,CID4461
CID4461_GATCGATTCCAAACAC,Cancer Epithelial,Cancer LumB SC,CID4461
CID4461_GCGCAGTCAATGTTGC,Cancer Epithelial,Cancer LumB SC,CID4461
CID4461_GTGAAGGGTAAGGGAA,Cancer Epithelial,Cancer LumB SC,CID4461
CID4461_GTGGGTCTCCTGCCAT,Cancer Epithelial,Cancer LumB SC,CID4461
CID4461_TAGAGCTCATTAGCCA,Cancer Epithelial,Cancer LumB SC,CID4461
CID4461_TCAGATGGTAAATGTG,Cancer Epithelial,Cancer LumB SC,CID4461
CID4461_TGTGTTTAGCCACTAT,Cancer Epithelial,Cancer LumB SC,CID4461
CID4461_GTGCGGTTCGAATGCT,Cancer Epithelial,Cancer Cycling,CID4461
CID4471_AAACGGGAGACAATAC,Endothelial,Endothelial ACKR1,CID4471
CID4471_AAACGGGAGCCAGAAC,Endothelial,Endothelial ACKR1,CID4471
CID4471_AAAGTAGAGTACCGGA,Endothelial,Endothelial ACKR1,CID4471
CID4471_AAGGTTCGTAGAGCTG,Endothelial,Endothelial ACKR1,CID4471
CID4471_ACAGCCGCAGCTGCAC,Endothelial,Endothelial ACKR1,CID4471
CID4471_ACATCAGTCTGCGGCA,Endothelial,Endothelial ACKR1,CID4471
CID4471_ACATGGTGTTTAGGAA,Endothelial,Endothelial ACKR1,CID4471
CID4471_ACGAGGAAGAGAGCTC,Endothelial,Endothelial ACKR1,CID4471
CID4471_ACGAGGAGTATCGCAT,Endothelial,Endothelial ACKR1,CID4471
CID4471_ACGATACTCACATAGC,Endothelial,Endothelial ACKR1,CID4471
CID4471_ACGATGTTCAACACGT,Endothelial,Endothelial ACKR1,CID4471
CID4471_ACGGGTCCATCCCATC,Endothelial,Endothelial ACKR1,CID4471
CID4471_ACTGAGTGTTTGCATG,Endothelial,Endothelial ACKR1,CID4471
CID4471_AGAGCTTTCTCCGGTT,Endothelial,Endothelial ACKR1,CID4471
CID4471_AGAGTGGGTTCTGTTT,Endothelial,Endothelial ACKR1,CID4471
CID4471_AGCGTATAGCCGTCGT,Endothelial,Endothelial ACKR1,CID4471
CID4471_AGCTCTCAGTACGATA,Endothelial,Endothelial ACKR1,CID4471
CID4471_AGCTTGATCCACGACG,Endothelial,Endothelial ACKR1,CID4471
CID4471_AGGCCGTCAAGAAAGG,Endothelial,Endothelial ACKR1,CID4471
CID4471_AGGGTGAGTGCCTTGG,Endothelial,Endothelial ACKR1,CID4471
CID4471_AGGTCATAGTGTACCT,Endothelial,Endothelial ACKR1,CID4471
CID4471_ATCCACCTCTACCTGC,Endothelial,Endothelial ACKR1,CID4471
CID4471_ATCTACTCAGACTCGC,Endothelial,Endothelial ACKR1,CID4471
CID4471_ATGGGAGTCAACCAAC,Endothelial,Endothelial ACKR1,CID4471
CID4471_ATGTGTGAGAGAACAG,Endothelial,Endothelial ACKR1,CID4471
CID4471_ATTACTCCAATAGCGG,Endothelial,Endothelial ACKR1,CID4471
CID4471_ATTTCTGCAGCGTAAG,Endothelial,Endothelial ACKR1,CID4471
CID4471_CACAAACAGATGCCAG,Endothelial,Endothelial ACKR1,CID4471
CID4471_CACACAACAAGTCTAC,Endothelial,Endothelial ACKR1,CID4471
CID4471_CACATTTGTATCGCAT,Endothelial,Endothelial ACKR1,CID4471
CID4471_CACCTTGAGCACCGCT,Endothelial,Endothelial ACKR1,CID4471
CID4471_CAGAGAGTCCCTCAGT,Endothelial,Endothelial ACKR1,CID4471
CID4471_CAGCTAACAGGGATTG,Endothelial,Endothelial ACKR1,CID4471
CID4471_CATCAGAAGTGGGTTG,Endothelial,Endothelial ACKR1,CID4471
CID4471_CCGGTAGAGGCCCGTT,Endothelial,Endothelial ACKR1,CID4471
CID4471_CCTACACCACCCTATC,Endothelial,Endothelial ACKR1,CID4471
CID4471_CGAATGTAGAATAGGG,Endothelial,Endothelial ACKR1,CID4471
CID4471_CGAATGTTCTGTCAAG,Endothelial,Endothelial ACKR1,CID4471
CID4471_CGAGAAGCAGCTGTGC,Endothelial,Endothelial ACKR1,CID4471
CID4471_CGAGCCAAGTTAGCGG,Endothelial,Endothelial ACKR1,CID4471
CID4471_CGCGTTTCACAGTCGC,Endothelial,Endothelial ACKR1,CID4471
CID4471_CGCGTTTCACCAGGCT,Endothelial,Endothelial ACKR1,CID4471
CID4471_CGCTATCCAAGTCATC,Endothelial,Endothelial ACKR1,CID4471
CID4471_CGCTTCAGTTAAGGGC,Endothelial,Endothelial ACKR1,CID4471
CID4471_CGGACACGTTGAGTTC,Endothelial,Endothelial ACKR1,CID4471
CID4471_CGTAGGCTCTCGTTTA,Endothelial,Endothelial ACKR1,CID4471
CID4471_CGTGAGCTCCTGTACC,Endothelial,Endothelial ACKR1,CID4471
CID4471_CGTTAGATCCATTCTA,Endothelial,Endothelial ACKR1,CID4471
CID4471_CTCTACGTCCACTCCA,Endothelial,Endothelial ACKR1,CID4471
CID4471_CTCTGGTGTTATTCTC,Endothelial,Endothelial ACKR1,CID4471
CID4471_CTGCCTATCGAATGGG,Endothelial,Endothelial ACKR1,CID4471
CID4471_CTTAGGAGTACGAAAT,Endothelial,Endothelial ACKR1,CID4471
CID4471_GACAGAGCACATCCAA,Endothelial,Endothelial ACKR1,CID4471
CID4471_GACGCGTTCTGTCAAG,Endothelial,Endothelial ACKR1,CID4471
CID4471_GACTAACAGGTGATAT,Endothelial,Endothelial ACKR1,CID4471
CID4471_GACTACAGTTGGACCC,Endothelial,Endothelial ACKR1,CID4471
CID4471_GAGTCCGCATTGGTAC,Endothelial,Endothelial ACKR1,CID4471
CID4471_GATCGTATCAAGGTAA,Endothelial,Endothelial ACKR1,CID4471
CID4471_GATCGTATCGGGAGTA,Endothelial,Endothelial ACKR1,CID4471
CID4471_GCAATCATCGCGTAGC,Endothelial,Endothelial ACKR1,CID4471
CID4471_GCAGCCAGTTAAGGGC,Endothelial,Endothelial ACKR1,CID4471
CID4471_GCGCAACAGTTAACGA,Endothelial,Endothelial ACKR1,CID4471
CID4471_GCTCCTAAGGTGTGGT,Endothelial,Endothelial ACKR1,CID4471
CID4471_GGAAAGCGTCACAAGG,Endothelial,Endothelial ACKR1,CID4471
CID4471_GGACAGAGTGTGAATA,Endothelial,Endothelial ACKR1,CID4471
CID4471_GGGAGATGTGGTGTAG,Endothelial,Endothelial ACKR1,CID4471
CID4471_GGGCACTGTGTCAATC,Endothelial,Endothelial ACKR1,CID4471
CID4471_GGGTCTGCAGTGGAGT,Endothelial,Endothelial ACKR1,CID4471
CID4471_GTACGTAGTGGTACAG,Endothelial,Endothelial ACKR1,CID4471
CID4471_GTATTCTTCTGCCAGG,Endothelial,Endothelial ACKR1,CID4471
CID4471_GTCACAAGTACGCTGC,Endothelial,Endothelial ACKR1,CID4471
CID4471_GTCCTCAAGCCTATGT,Endothelial,Endothelial ACKR1,CID4471
CID4471_GTCTCGTCACGGCCAT,Endothelial,Endothelial ACKR1,CID4471
CID4471_GTCTCGTTCAGGTTCA,Endothelial,Endothelial ACKR1,CID4471
CID4471_TAAGCGTTCGATAGAA,Endothelial,Endothelial ACKR1,CID4471
CID4471_TAAGTGCAGTGGAGAA,Endothelial,Endothelial ACKR1,CID4471
CID4471_TACTCATAGTGGGATC,Endothelial,Endothelial ACKR1,CID4471
CID4471_TAGCCGGCATGTAGTC,Endothelial,Endothelial ACKR1,CID4471
CID4471_TAGTTGGGTTGGTAAA,Endothelial,Endothelial ACKR1,CID4471
CID4471_TATCTCAGTTGTTTGG,Endothelial,Endothelial ACKR1,CID4471
CID4471_TCAATCTAGTACGCCC,Endothelial,Endothelial ACKR1,CID4471
CID4471_TCAGCAATCTCGTTTA,Endothelial,Endothelial ACKR1,CID4471
CID4471_TCATTTGAGTGTTAGA,Endothelial,Endothelial ACKR1,CID4471
CID4471_TCTATTGTCTAACGGT,Endothelial,Endothelial ACKR1,CID4471
CID4471_TGAGAGGGTAGTACCT,Endothelial,Endothelial ACKR1,CID4471
CID4471_TGAGGGAGTTGGTGGA,Endothelial,Endothelial ACKR1,CID4471
CID4471_TGCACCTAGGACGAAA,Endothelial,Endothelial ACKR1,CID4471
CID4471_TGCCCATGTTGGTTTG,Endothelial,Endothelial ACKR1,CID4471
CID4471_TGCCCTAGTCAGCTAT,Endothelial,Endothelial ACKR1,CID4471
CID4471_TGGCCAGCACAAGACG,Endothelial,Endothelial ACKR1,CID4471
CID4471_TGTATTCAGATGCGAC,Endothelial,Endothelial ACKR1,CID4471
CID4471_TTCGAAGGTGTGGCTC,Endothelial,Endothelial ACKR1,CID4471
CID4471_TTGCCGTGTGTGGTTT,Endothelial,Endothelial ACKR1,CID4471
CID4471_TTGCGTCCAGTATGCT,Endothelial,Endothelial ACKR1,CID4471
CID4471_TTGGAACCAGACAAGC,Endothelial,Endothelial ACKR1,CID4471
CID4471_TTGTAGGCAGCGATCC,Endothelial,Endothelial ACKR1,CID4471
CID4471_TTTCCTCAGGCTCAGA,Endothelial,Endothelial ACKR1,CID4471
CID4471_TTTGGTTTCACCCTCA,Endothelial,Endothelial ACKR1,CID4471
CID4471_ATTCTACAGGACAGAA,Endothelial,Endothelial ACKR1,CID4471
CID4471_CGCCAAGTCACCGGGT,Endothelial,Endothelial ACKR1,CID4471
CID4471_GCGCAACAGTAGCCGA,Endothelial,Endothelial ACKR1,CID4471
CID4471_AAGTCTGCATGTCCTC,Endothelial,Endothelial ACKR1,CID4471
CID4471_ACGGCCAGTCGCGTGT,Endothelial,Endothelial ACKR1,CID4471
CID4471_ACGTCAACACTACAGT,Endothelial,Endothelial ACKR1,CID4471
CID4471_ACTGAGTCAATGAAAC,Endothelial,Endothelial ACKR1,CID4471
CID4471_AGAATAGCATACGCCG,Endothelial,Endothelial ACKR1,CID4471
CID4471_ATGGGAGTCAGGTAAA,Endothelial,Endothelial ACKR1,CID4471
CID4471_CACACTCGTTCCAACA,Endothelial,Endothelial ACKR1,CID4471
CID4471_CCGTGGAAGGTACTCT,Endothelial,Endothelial ACKR1,CID4471
CID4471_CCGTTCATCACCACCT,Endothelial,Endothelial ACKR1,CID4471
CID4471_CCTATTAGTATATGAG,Endothelial,Endothelial ACKR1,CID4471
CID4471_CGTCACTCATGCCACG,Endothelial,Endothelial ACKR1,CID4471
CID4471_CTGTGCTCATCACAAC,Endothelial,Endothelial ACKR1,CID4471
CID4471_CTTTGCGTCGCCTGAG,Endothelial,Endothelial ACKR1,CID4471
CID4471_GCATACATCTCCAGGG,Endothelial,Endothelial ACKR1,CID4471
CID4471_GCTGCGACATGACATC,Endothelial,Endothelial ACKR1,CID4471
CID4471_TAAGAGAGTCCCTTGT,Endothelial,Endothelial ACKR1,CID4471
CID4471_TACGGTAGTAAGGGAA,Endothelial,Endothelial ACKR1,CID4471
CID4471_TGCCCATAGACACTAA,Endothelial,Endothelial ACKR1,CID4471
CID4471_TGTATTCAGCCGGTAA,Endothelial,Endothelial ACKR1,CID4471
CID4471_GACGGCTTCGGCTACG,Endothelial,Endothelial ACKR1,CID4471
CID4471_TCTTCGGAGCTGTTCA,Endothelial,Endothelial ACKR1,CID4471
CID4471_CGCTTCAAGAAACCTA,Endothelial,Endothelial ACKR1,CID4471
CID4471_GCTGCGACACAGACAG,Endothelial,Endothelial ACKR1,CID4471
CID4471_GGCTGGTAGTTCGCAT,Endothelial,Endothelial ACKR1,CID4471
CID4471_CGCTATCGTGATAAAC,Endothelial,Endothelial ACKR1,CID4471
CID4471_ACGGGCTAGGTGTTAA,Endothelial,Endothelial ACKR1,CID4471
CID4471_AGAGCGATCACTTCAT,Endothelial,Endothelial ACKR1,CID4471
CID4471_AGATCTGTCCACGTGG,Endothelial,Endothelial ACKR1,CID4471
CID4471_AGTAGTCCACGTAAGG,Endothelial,Endothelial ACKR1,CID4471
CID4471_CAGCCGAAGTTAAGTG,Endothelial,Endothelial ACKR1,CID4471
CID4471_CCATTCGAGAGTCTGG,Endothelial,Endothelial ACKR1,CID4471
CID4471_CGAACATCATGCCTTC,Endothelial,Endothelial ACKR1,CID4471
CID4471_CGCGGTAAGCAACGGT,Endothelial,Endothelial ACKR1,CID4471
CID4471_CGTGAGCGTAAATGAC,Endothelial,Endothelial ACKR1,CID4471
CID4471_GGGTTGCTCTTACCGC,Endothelial,Endothelial ACKR1,CID4471
CID4471_TTTATGCGTAGGCATG,Endothelial,Endothelial ACKR1,CID4471
CID4471_ACGAGCCTCGCTTGTC,Endothelial,Endothelial ACKR1,CID4471
CID4471_ACGCCGAAGAATCTCC,Endothelial,Endothelial ACKR1,CID4471
CID4471_ACTATCTAGCTAACTC,Endothelial,Endothelial ACKR1,CID4471
CID4471_ACTTACTGTGAGTATA,Endothelial,Endothelial ACKR1,CID4471
CID4471_AGAATAGAGTTCGATC,Endothelial,Endothelial ACKR1,CID4471
CID4471_AGTGTCAAGAGGTTAT,Endothelial,Endothelial ACKR1,CID4471
CID4471_ATGAGGGAGTTCGCAT,Endothelial,Endothelial ACKR1,CID4471
CID4471_CATCGAAAGCCACGTC,Endothelial,Endothelial ACKR1,CID4471
CID4471_CATGACAGTTCCGGCA,Endothelial,Endothelial ACKR1,CID4471
CID4471_CCACGGATCTCTTATG,Endothelial,Endothelial ACKR1,CID4471
CID4471_CGATGTAGTCCATCCT,Endothelial,Endothelial ACKR1,CID4471
CID4471_GCAATCATCCAGGGCT,Endothelial,Endothelial ACKR1,CID4471
CID4471_GCATGTATCTGTGCAA,Endothelial,Endothelial ACKR1,CID4471
CID4471_TACTCGCAGTATCGAA,Endothelial,Endothelial ACKR1,CID4471
CID4471_TGAAAGAGTACCAGTT,Endothelial,Endothelial ACKR1,CID4471
CID4471_GGCGACTGTTCCGGCA,Endothelial,Endothelial ACKR1,CID4471
CID4471_AAGGCAGGTCTTTCAT,Endothelial,Endothelial ACKR1,CID4471
CID4471_CTTACCGCATCCTAGA,Endothelial,Endothelial ACKR1,CID4471
CID4471_CGATGGCTCATAGCAC,Endothelial,Endothelial ACKR1,CID4471
CID4471_ATCATGGGTTTAGGAA,Endothelial,Endothelial ACKR1,CID4471
CID4471_GCTTGAAGTACCTACA,Endothelial,Endothelial ACKR1,CID4471
CID4471_CCACTACCATAGTAAG,Endothelial,Endothelial ACKR1,CID4471
CID4471_ACGAGCCGTGTGTGCC,Endothelial,Endothelial ACKR1,CID4471
CID4471_TGCGCAGCAAATACAG,Endothelial,Endothelial ACKR1,CID4471
CID4471_CACACCTAGACAGAGA,Endothelial,Endothelial ACKR1,CID4471
CID4471_CCACGGAGTGTGCGTC,Endothelial,Endothelial ACKR1,CID4471
CID4471_CTAAGACAGAGCTGCA,Endothelial,Endothelial ACKR1,CID4471
CID4471_GCATACAGTCTGGTCG,Endothelial,Endothelial ACKR1,CID4471
CID4471_GTCAAGTAGGAATCGC,Endothelial,Endothelial ACKR1,CID4471
CID4471_TACGGATCAACTGCTA,Endothelial,Endothelial ACKR1,CID4471
CID4471_TCACGAATCAACGCTA,Endothelial,Endothelial ACKR1,CID4471
CID4471_CAGCGACCACGTCAGC,Endothelial,Endothelial ACKR1,CID4471
CID4471_CATCAAGTCTGTGCAA,Endothelial,Endothelial ACKR1,CID4471
CID4471_GAAACTCTCACTCCTG,Endothelial,Endothelial ACKR1,CID4471
CID4471_CAGCAGCAGGCCCGTT,Endothelial,Endothelial ACKR1,CID4471
CID4471_CCACGGAAGTGAATTG,Endothelial,Endothelial RGS5,CID4471
CID4471_CTAGAGTTCCTATGTT,Endothelial,Endothelial RGS5,CID4471
CID4471_ACATGGTGTCAAGCGA,Endothelial,Endothelial RGS5,CID4471
CID4471_CCTTACGAGATAGGAG,Endothelial,Endothelial RGS5,CID4471
CID4471_ACTTGTTAGAGGTTGC,Endothelial,Endothelial RGS5,CID4471
CID4471_CTCGAAACATACCATG,Endothelial,Endothelial RGS5,CID4471
CID4471_TAGAGCTTCACCACCT,Endothelial,Endothelial RGS5,CID4471
CID4471_TAGAGCTCATAAAGGT,Endothelial,Endothelial RGS5,CID4471
CID4471_CAGTCCTTCGATAGAA,Endothelial,Endothelial RGS5,CID4471
CID4471_CCCAGTTGTCTCAACA,Endothelial,Endothelial RGS5,CID4471
CID4471_CCTTCGAGTGAGTGAC,Endothelial,Endothelial RGS5,CID4471
CID4471_CGGCTAGGTACAGACG,Endothelial,Endothelial RGS5,CID4471
CID4471_CTCTAATTCTGTCTAT,Endothelial,Endothelial RGS5,CID4471
CID4471_CTTACCGAGAATGTGT,Endothelial,Endothelial RGS5,CID4471
CID4471_GTGCTTCAGGAGCGAG,Endothelial,Endothelial RGS5,CID4471
CID4471_TGGACGCGTCCTAGCG,Endothelial,Endothelial RGS5,CID4471
CID4471_GGACAGATCTCGATGA,Endothelial,Endothelial RGS5,CID4471
CID4471_AACTCAGTCTCGCATC,Endothelial,Endothelial RGS5,CID4471
CID4471_ATTCTACTCTATCCCG,Endothelial,Endothelial RGS5,CID4471
CID4471_ATTGGACGTCACCCAG,Endothelial,Endothelial RGS5,CID4471
CID4471_CAACCAATCCTATTCA,Endothelial,Endothelial RGS5,CID4471
CID4471_CATCAAGAGTGATCGG,Endothelial,Endothelial RGS5,CID4471
CID4471_CCGTGGAGTGACGCCT,Endothelial,Endothelial RGS5,CID4471
CID4471_CGCGGTAGTATTCTCT,Endothelial,Endothelial RGS5,CID4471
CID4471_CGGACACCAAGAGTCG,Endothelial,Endothelial RGS5,CID4471
CID4471_CGTCCATTCCCTTGCA,Endothelial,Endothelial RGS5,CID4471
CID4471_CTACATTGTCAGAGGT,Endothelial,Endothelial RGS5,CID4471
CID4471_CTCGAGGAGGACAGAA,Endothelial,Endothelial RGS5,CID4471
CID4471_CTTACCGGTCGGGTCT,Endothelial,Endothelial RGS5,CID4471
CID4471_GCTCCTAAGCCACCTG,Endothelial,Endothelial RGS5,CID4471
CID4471_GGCCGATTCGGTGTTA,Endothelial,Endothelial RGS5,CID4471
CID4471_GTGTGCGTCTGATTCT,Endothelial,Endothelial RGS5,CID4471
CID4471_CAGCTGGCATTTGCCC,Endothelial,Endothelial RGS5,CID4471
CID4471_ACGCCAGTCTAAGCCA,Endothelial,Endothelial RGS5,CID4471
CID4471_TTAACTCTCTACGAGT,Endothelial,Endothelial RGS5,CID4471
CID4471_ACACCCTAGAGCAATT,Endothelial,Endothelial CXCL12,CID4471
CID4471_ACCAGTATCACCAGGC,Endothelial,Endothelial CXCL12,CID4471
CID4471_CATGCCTGTACGCACC,Endothelial,Endothelial CXCL12,CID4471
CID4471_TTCGGTCAGCTGCGAA,Endothelial,Endothelial CXCL12,CID4471
CID4471_TCTCATATCCTAGGGC,Endothelial,Endothelial CXCL12,CID4471
CID4471_AACTCTTAGGCCCGTT,Endothelial,Endothelial CXCL12,CID4471
CID4471_ACATGGTGTACTCAAC,Endothelial,Endothelial CXCL12,CID4471
CID4471_ACGAGGAGTGCAACGA,Endothelial,Endothelial CXCL12,CID4471
CID4471_AGTAGTCGTGCGATAG,Endothelial,Endothelial CXCL12,CID4471
CID4471_ATGCGATTCTGCCAGG,Endothelial,Endothelial CXCL12,CID4471
CID4471_ATTGGACAGTCATCCA,Endothelial,Endothelial CXCL12,CID4471
CID4471_CAACCTCGTTTACTCT,Endothelial,Endothelial CXCL12,CID4471
CID4471_CACACAATCGCAAACT,Endothelial,Endothelial CXCL12,CID4471
CID4471_CGTGTCTTCTTCATGT,Endothelial,Endothelial CXCL12,CID4471
CID4471_CTAAGACTCCCACTTG,Endothelial,Endothelial CXCL12,CID4471
CID4471_CTCCTAGCAGGGTTAG,Endothelial,Endothelial CXCL12,CID4471
CID4471_CTCTACGCAAGGACAC,Endothelial,Endothelial CXCL12,CID4471
CID4471_CTGCCTAGTAGAAGGA,Endothelial,Endothelial CXCL12,CID4471
CID4471_GAGCAGAAGGGAGTAA,Endothelial,Endothelial CXCL12,CID4471
CID4471_GCAGTTATCTTAGAGC,Endothelial,Endothelial CXCL12,CID4471
CID4471_GGACAAGGTGTGCCTG,Endothelial,Endothelial CXCL12,CID4471
CID4471_GGGTTGCCATTTCACT,Endothelial,Endothelial CXCL12,CID4471
CID4471_GTCGGGTCAAGAAAGG,Endothelial,Endothelial CXCL12,CID4471
CID4471_GTCGTAACAAGCCTAT,Endothelial,Endothelial CXCL12,CID4471
CID4471_TACCTTAGTACCATCA,Endothelial,Endothelial CXCL12,CID4471
CID4471_TATCTCATCTGTGCAA,Endothelial,Endothelial CXCL12,CID4471
CID4471_TCATTTGGTCATACTG,Endothelial,Endothelial CXCL12,CID4471
CID4471_TGAGCATAGTGGTAAT,Endothelial,Endothelial CXCL12,CID4471
CID4471_TGCGGGTCAGTAAGCG,Endothelial,Endothelial CXCL12,CID4471
CID4471_TTCGGTCGTTCGTGAT,Endothelial,Endothelial CXCL12,CID4471
CID4471_TTCTCAACATGTCCTC,Endothelial,Endothelial CXCL12,CID4471
CID4471_GCACTCTAGGTGTTAA,CAFs,CAFs MSC iCAF-like,CID4471
CID4471_CTACGTCCAGACGCAA,CAFs,CAFs MSC iCAF-like,CID4471
CID4471_TTCGGTCTCTGGAGCC,CAFs,CAFs MSC iCAF-like,CID4471
CID4471_AAGGAGCCAGACAGGT,CAFs,CAFs MSC iCAF-like,CID4471
CID4471_ACTGCTCGTTAAGTAG,CAFs,CAFs MSC iCAF-like,CID4471
CID4471_ACTTTCAGTCGAGATG,CAFs,CAFs MSC iCAF-like,CID4471
CID4471_AGGGATGAGTAATCCC,CAFs,CAFs MSC iCAF-like,CID4471
CID4471_AGTTGGTCAAATCCGT,CAFs,CAFs MSC iCAF-like,CID4471
CID4471_ATGTGTGAGCGATCCC,CAFs,CAFs MSC iCAF-like,CID4471
CID4471_ATTGGTGTCATCGATG,CAFs,CAFs MSC iCAF-like,CID4471
CID4471_CACCACTGTGCGATAG,CAFs,CAFs MSC iCAF-like,CID4471
CID4471_CATCCACAGACTGTAA,CAFs,CAFs MSC iCAF-like,CID4471
CID4471_CATGACAAGGACAGCT,CAFs,CAFs MSC iCAF-like,CID4471
CID4471_CATGGCGCACATAACC,CAFs,CAFs MSC iCAF-like,CID4471
CID4471_CCATGTCCATCGGAAG,CAFs,CAFs MSC iCAF-like,CID4471
CID4471_CGAGCACTCACAAACC,CAFs,CAFs MSC iCAF-like,CID4471
CID4471_CGATTGATCAGCTCTC,CAFs,CAFs MSC iCAF-like,CID4471
CID4471_CGCTATCGTTTACTCT,CAFs,CAFs MSC iCAF-like,CID4471
CID4471_CGCTTCAGTTCAGCGC,CAFs,CAFs MSC iCAF-like,CID4471
CID4471_CGGAGTCCACAGTCGC,CAFs,CAFs MSC iCAF-like,CID4471
CID4471_CGTAGGCAGTTGAGAT,CAFs,CAFs MSC iCAF-like,CID4471
CID4471_CTCATTATCCGTCATC,CAFs,CAFs MSC iCAF-like,CID4471
CID4471_CTGAAGTAGCCAGTTT,CAFs,CAFs MSC iCAF-like,CID4471
CID4471_GACGTGCCACCAGATT,CAFs,CAFs MSC iCAF-like,CID4471
CID4471_GAGGTGACATCCGCGA,CAFs,CAFs MSC iCAF-like,CID4471
CID4471_GAGTCCGAGGCCCGTT,CAFs,CAFs MSC iCAF-like,CID4471
CID4471_GATCGTAAGTGAACAT,CAFs,CAFs MSC iCAF-like,CID4471
CID4471_GATTCAGCACAAGACG,CAFs,CAFs MSC iCAF-like,CID4471
CID4471_GGAACTTTCTTGACGA,CAFs,CAFs MSC iCAF-like,CID4471
CID4471_GTACTCCGTCTAACGT,CAFs,CAFs MSC iCAF-like,CID4471
CID4471_GTCAAGTGTACCGGCT,CAFs,CAFs MSC iCAF-like,CID4471
CID4471_GTCTCGTTCGTCTGAA,CAFs,CAFs MSC iCAF-like,CID4471
CID4471_GTGCAGCTCAGGTAAA,CAFs,CAFs MSC iCAF-like,CID4471
CID4471_TACCTTATCAGGCGAA,CAFs,CAFs MSC iCAF-like,CID4471
CID4471_TACTTGTGTCACCTAA,CAFs,CAFs MSC iCAF-like,CID4471
CID4471_TAGACCAAGGGTCTCC,CAFs,CAFs MSC iCAF-like,CID4471
CID4471_TCACAAGAGAAGAAGC,CAFs,CAFs MSC iCAF-like,CID4471
CID4471_TCCACACGTTGACGTT,CAFs,CAFs MSC iCAF-like,CID4471
CID4471_TCTCATACACTACAGT,CAFs,CAFs MSC iCAF-like,CID4471
CID4471_TCTCTAAAGGCAAAGA,CAFs,CAFs MSC iCAF-like,CID4471
CID4471_TGCACCTAGCGTTTAC,CAFs,CAFs MSC iCAF-like,CID4471
CID4471_TGTATTCTCCTTAATC,CAFs,CAFs MSC iCAF-like,CID4471
CID4471_TTCTTAGAGCTTATCG,CAFs,CAFs MSC iCAF-like,CID4471
CID4471_TTGAACGCACGAAATA,CAFs,CAFs MSC iCAF-like,CID4471
CID4471_TTGGCAAGTAAAGTCA,CAFs,CAFs MSC iCAF-like,CID4471
CID4471_TTTGGTTAGGCTCAGA,CAFs,CAFs MSC iCAF-like,CID4471
CID4471_TTTGTCAAGAATCTCC,CAFs,CAFs MSC iCAF-like,CID4471
CID4471_TTTGTCATCAAACGGG,CAFs,CAFs MSC iCAF-like,CID4471
CID4471_TCGCGTTTCATAAAGG,CAFs,CAFs MSC iCAF-like,CID4471
CID4471_AAGGTTCCATCTACGA,CAFs,CAFs MSC iCAF-like,CID4471
CID4471_ACAGCCGGTGTTAAGA,CAFs,CAFs MSC iCAF-like,CID4471
CID4471_ACGATACCAATACGCT,CAFs,CAFs MSC iCAF-like,CID4471
CID4471_ACGCAGCGTAAAGGAG,CAFs,CAFs MSC iCAF-like,CID4471
CID4471_ACTTACTGTGAAAGAG,CAFs,CAFs MSC iCAF-like,CID4471
CID4471_AGAGTGGCATGCCCGA,CAFs,CAFs MSC iCAF-like,CID4471
CID4471_ATCTGCCTCTGCTGCT,CAFs,CAFs MSC iCAF-like,CID4471
CID4471_CACAAACAGGGTCGAT,CAFs,CAFs MSC iCAF-like,CID4471
CID4471_CATGACACACAACTGT,CAFs,CAFs MSC iCAF-like,CID4471
CID4471_CCTTCGAAGATCACGG,CAFs,CAFs MSC iCAF-like,CID4471
CID4471_CGAATGTCATCCCATC,CAFs,CAFs MSC iCAF-like,CID4471
CID4471_CGCCAAGAGGACATTA,CAFs,CAFs MSC iCAF-like,CID4471
CID4471_CGTCACTAGGGCTCTC,CAFs,CAFs MSC iCAF-like,CID4471
CID4471_CGTCAGGGTGCAACGA,CAFs,CAFs MSC iCAF-like,CID4471
CID4471_CGTGAGCAGCCTATGT,CAFs,CAFs MSC iCAF-like,CID4471
CID4471_CTAATGGTCTCAAGTG,CAFs,CAFs MSC iCAF-like,CID4471
CID4471_CTTAGGACATCGACGC,CAFs,CAFs MSC iCAF-like,CID4471
CID4471_GAACCTACACCGTTGG,CAFs,CAFs MSC iCAF-like,CID4471
CID4471_GCGCAACCAGACTCGC,CAFs,CAFs MSC iCAF-like,CID4471
CID4471_GCTCTGTGTACCGCTG,CAFs,CAFs MSC iCAF-like,CID4471
CID4471_GGAATAACATATACGC,CAFs,CAFs MSC iCAF-like,CID4471
CID4471_GTAACTGTCGGCATCG,CAFs,CAFs MSC iCAF-like,CID4471
CID4471_TAGACCACAGATAATG,CAFs,CAFs MSC iCAF-like,CID4471
CID4471_TCGCGTTCATCGACGC,CAFs,CAFs MSC iCAF-like,CID4471
CID4471_TCGGGACTCACATGCA,CAFs,CAFs MSC iCAF-like,CID4471
CID4471_TGCCAAAGTGGGTCAA,CAFs,CAFs MSC iCAF-like,CID4471
CID4471_TGCCCTAGTCGACTAT,CAFs,CAFs MSC iCAF-like,CID4471
CID4471_TGCGGGTGTTGATTCG,CAFs,CAFs MSC iCAF-like,CID4471
CID4471_TTGGAACGTAACGACG,CAFs,CAFs MSC iCAF-like,CID4471
CID4471_ACTTGTTCAGATCGGA,CAFs,CAFs MSC iCAF-like,CID4471
CID4471_GGGCATCGTTCAGTAC,CAFs,CAFs MSC iCAF-like,CID4471
CID4471_GGTGAAGTCAGATAAG,CAFs,CAFs MSC iCAF-like,CID4471
CID4471_TGACTTTAGTGTCCCG,CAFs,CAFs MSC iCAF-like,CID4471
CID4471_GCGCAGTCACATTAGC,CAFs,CAFs MSC iCAF-like,CID4471
CID4471_AAGGCAGGTCCTGCTT,CAFs,CAFs myCAF-like,CID4471
CID4471_CATCCACGTTTACTCT,CAFs,CAFs myCAF-like,CID4471
CID4471_CCTTACGAGAAGGACA,CAFs,CAFs myCAF-like,CID4471
CID4471_CGGAGCTTCACTTACT,CAFs,CAFs myCAF-like,CID4471
CID4471_GGAACTTGTAAACGCG,CAFs,CAFs myCAF-like,CID4471
CID4471_TCACAAGGTAAGGGAA,CAFs,CAFs myCAF-like,CID4471
CID4471_TGCACCTCATGGATGG,CAFs,CAFs myCAF-like,CID4471
CID4471_TGCTACCTCGCCAAAT,CAFs,CAFs myCAF-like,CID4471
CID4471_TCTCTAAGTGCGCTTG,CAFs,CAFs myCAF-like,CID4471
CID4471_CTCATTATCGTTGACA,CAFs,CAFs myCAF-like,CID4471
CID4471_CGTGTCTTCGAATCCA,CAFs,CAFs myCAF-like,CID4471
CID4471_AGATTGCAGTCAAGCG,CAFs,CAFs myCAF-like,CID4471
CID4471_CAGTCCTTCGGATGGA,CAFs,CAFs myCAF-like,CID4471
CID4471_GACCAATCACGTCTCT,CAFs,CAFs myCAF-like,CID4471
CID4471_GGGTTGCTCTGTCTAT,CAFs,CAFs myCAF-like,CID4471
CID4471_AACTCTTTCTCTAAGG,CAFs,CAFs myCAF-like,CID4471
CID4471_AACCATGCAGTGAGTG,CAFs,CAFs myCAF-like,CID4471
CID4471_AACTTTCTCGTCACGG,CAFs,CAFs myCAF-like,CID4471
CID4471_ACACTGAGTCTCTCGT,CAFs,CAFs myCAF-like,CID4471
CID4471_GGCTGGTCACCTCGGA,CAFs,CAFs myCAF-like,CID4471
CID4471_TTAACTCGTTTGTGTG,CAFs,CAFs myCAF-like,CID4471
CID4471_AAAGATGCACACCGAC,CAFs,CAFs myCAF-like,CID4471
CID4471_AACTTTCCACATTCGA,CAFs,CAFs myCAF-like,CID4471
CID4471_ACATCAGAGGGCTTGA,CAFs,CAFs myCAF-like,CID4471
CID4471_ACATGGTTCTTGAGAC,CAFs,CAFs myCAF-like,CID4471
CID4471_ACGAGCCAGGTCATCT,CAFs,CAFs myCAF-like,CID4471
CID4471_ACTGAGTAGGCCCTCA,CAFs,CAFs myCAF-like,CID4471
CID4471_ACTTACTGTGCTGTAT,CAFs,CAFs myCAF-like,CID4471
CID4471_AGAGCGATCTTGAGGT,CAFs,CAFs myCAF-like,CID4471
CID4471_AGCAGCCGTCCTAGCG,CAFs,CAFs myCAF-like,CID4471
CID4471_AGCTTGACACGTCAGC,CAFs,CAFs myCAF-like,CID4471
CID4471_AGGCCACAGCTAAACA,CAFs,CAFs myCAF-like,CID4471
CID4471_AGTTGGTCACGGTGTC,CAFs,CAFs myCAF-like,CID4471
CID4471_ATCATCTGTAGAAAGG,CAFs,CAFs myCAF-like,CID4471
CID4471_CAACTAGCAGCGTAAG,CAFs,CAFs myCAF-like,CID4471
CID4471_CACCAGGAGATATGCA,CAFs,CAFs myCAF-like,CID4471
CID4471_CACCTTGAGTGGAGAA,CAFs,CAFs myCAF-like,CID4471
CID4471_CAGCTGGCATGCATGT,CAFs,CAFs myCAF-like,CID4471
CID4471_CATGGCGCACTATCTT,CAFs,CAFs myCAF-like,CID4471
CID4471_CCGTTCATCCTGCTTG,CAFs,CAFs myCAF-like,CID4471
CID4471_CCTACACGTTATCGGT,CAFs,CAFs myCAF-like,CID4471
CID4471_CCTTCCCCACCTCGTT,CAFs,CAFs myCAF-like,CID4471
CID4471_CGGACGTTCGTCACGG,CAFs,CAFs myCAF-like,CID4471
CID4471_CGTTGGGAGTATCGAA,CAFs,CAFs myCAF-like,CID4471
CID4471_CTACATTAGTGCGTGA,CAFs,CAFs myCAF-like,CID4471
CID4471_CTCATTACACGTGAGA,CAFs,CAFs myCAF-like,CID4471
CID4471_CTGCTGTGTGATGATA,CAFs,CAFs myCAF-like,CID4471
CID4471_CTGTTTACATCTATGG,CAFs,CAFs myCAF-like,CID4471
CID4471_CTTAGGAGTGTCGCTG,CAFs,CAFs myCAF-like,CID4471
CID4471_GACGGCTTCGTGGGAA,CAFs,CAFs myCAF-like,CID4471
CID4471_GATCAGTCATCCGCGA,CAFs,CAFs myCAF-like,CID4471
CID4471_GGAAAGCTCGCCTGTT,CAFs,CAFs myCAF-like,CID4471
CID4471_GGATGTTTCCCGACTT,CAFs,CAFs myCAF-like,CID4471
CID4471_GGTGAAGTCGGTGTTA,CAFs,CAFs myCAF-like,CID4471
CID4471_GTGGGTCAGATATGCA,CAFs,CAFs myCAF-like,CID4471
CID4471_TAAGTGCAGGGTTTCT,CAFs,CAFs myCAF-like,CID4471
CID4471_TACCTATTCGTGGGAA,CAFs,CAFs myCAF-like,CID4471
CID4471_TATCAGGAGCCTCGTG,CAFs,CAFs myCAF-like,CID4471
CID4471_TCAGATGGTAGGAGTC,CAFs,CAFs myCAF-like,CID4471
CID4471_TCGAGGCTCATCTGTT,CAFs,CAFs myCAF-like,CID4471
CID4471_TCGTACCAGGATCGCA,CAFs,CAFs myCAF-like,CID4471
CID4471_TGAGCATAGGCTACGA,CAFs,CAFs myCAF-like,CID4471
CID4471_TGTGTTTTCTGCCAGG,CAFs,CAFs myCAF-like,CID4471
CID4471_TTAGGACAGGCCCGTT,CAFs,CAFs myCAF-like,CID4471
CID4471_TTCCCAGTCTAAGCCA,CAFs,CAFs myCAF-like,CID4471
CID4471_TTCTACAGTCCAGTGC,CAFs,CAFs myCAF-like,CID4471
CID4471_AAACGGGAGAGTAAGG,PVL,PVL Differentiated,CID4471
CID4471_AAAGTAGCAGGTCGTC,PVL,PVL Differentiated,CID4471
CID4471_AAATGCCTCGGAGGTA,PVL,PVL Differentiated,CID4471
CID4471_AACTCCCCAGTCGATT,PVL,PVL Differentiated,CID4471
CID4471_AACTGGTCAAGCCTAT,PVL,PVL Differentiated,CID4471
CID4471_AAGACCTTCGGCTACG,PVL,PVL Differentiated,CID4471
CID4471_AAGGTTCGTTAAGTAG,PVL,PVL Differentiated,CID4471
CID4471_AAGTCTGAGCTGAAAT,PVL,PVL Differentiated,CID4471
CID4471_AAGTCTGGTACAAGTA,PVL,PVL Differentiated,CID4471
CID4471_ACCAGTAGTCGATTGT,PVL,PVL Differentiated,CID4471
CID4471_ACTGAGTGTACTCGCG,PVL,PVL Differentiated,CID4471
CID4471_ACTTACTTCAACGAAA,PVL,PVL Differentiated,CID4471
CID4471_ACTTTCAAGGAATGGA,PVL,PVL Differentiated,CID4471
CID4471_AGCGTCGGTTTAGGAA,PVL,PVL Differentiated,CID4471
CID4471_AGCTCCTCATCGGTTA,PVL,PVL Differentiated,CID4471
CID4471_AGGCCACCAACACCCG,PVL,PVL Differentiated,CID4471
CID4471_AGGCCACGTATATCCG,PVL,PVL Differentiated,CID4471
CID4471_ATAACGCGTCAACATC,PVL,PVL Differentiated,CID4471
CID4471_ATCCGAACATACCATG,PVL,PVL Differentiated,CID4471
CID4471_ATCGAGTTCCGTCAAA,PVL,PVL Differentiated,CID4471
CID4471_ATGGGAGTCCTCGCAT,PVL,PVL Differentiated,CID4471
CID4471_ATGTGTGTCGACCAGC,PVL,PVL Differentiated,CID4471
CID4471_ATTTCTGAGGACAGCT,PVL,PVL Differentiated,CID4471
CID4471_ATTTCTGTCTCAACTT,PVL,PVL Differentiated,CID4471
CID4471_ATTTCTGTCTCGTATT,PVL,PVL Differentiated,CID4471
CID4471_CAAGAAAAGCACGCCT,PVL,PVL Differentiated,CID4471
CID4471_CACAGTAAGATGGGTC,PVL,PVL Differentiated,CID4471
CID4471_CAGAATCTCACCACCT,PVL,PVL Differentiated,CID4471
CID4471_CAGCAGCGTACAGTTC,PVL,PVL Differentiated,CID4471
CID4471_CAGCAGCTCGACCAGC,PVL,PVL Differentiated,CID4471
CID4471_CAGCATATCAACGGGA,PVL,PVL Differentiated,CID4471
CID4471_CAGCCGAGTTGATTGC,PVL,PVL Differentiated,CID4471
CID4471_CAGTCCTAGAGGTTGC,PVL,PVL Differentiated,CID4471
CID4471_CATCCACTCGGTTCGG,PVL,PVL Differentiated,CID4471
CID4471_CATTATCCAAGCGAGT,PVL,PVL Differentiated,CID4471
CID4471_CATTATCGTGTTGGGA,PVL,PVL Differentiated,CID4471
CID4471_CATTCGCAGTCCATAC,PVL,PVL Differentiated,CID4471
CID4471_CCACTACTCTGCCCTA,PVL,PVL Differentiated,CID4471
CID4471_CCATGTCGTCCAGTGC,PVL,PVL Differentiated,CID4471
CID4471_CCCAATCGTTTCCACC,PVL,PVL Differentiated,CID4471
CID4471_CCCAATCTCTTGTCAT,PVL,PVL Differentiated,CID4471
CID4471_CCGTACTAGCGTGAGT,PVL,PVL Differentiated,CID4471
CID4471_CCGTTCAAGATCTGCT,PVL,PVL Differentiated,CID4471
CID4471_CCTAGCTGTAGCTAAA,PVL,PVL Differentiated,CID4471
CID4471_CCTCAGTGTGTCGCTG,PVL,PVL Differentiated,CID4471
CID4471_CCTTCGAGTCGCATCG,PVL,PVL Differentiated,CID4471
CID4471_CGAATGTCACTTACGA,PVL,PVL Differentiated,CID4471
CID4471_CGACTTCCATCGATGT,PVL,PVL Differentiated,CID4471
CID4471_CGAGCACGTCATCCCT,PVL,PVL Differentiated,CID4471
CID4471_CGCGTTTGTAAGGGAA,PVL,PVL Differentiated,CID4471
CID4471_CGGACACTCATCTGTT,PVL,PVL Differentiated,CID4471
CID4471_CGGACGTCAATGGACG,PVL,PVL Differentiated,CID4471
CID4471_CTAATGGCAAATTGCC,PVL,PVL Differentiated,CID4471
CID4471_CTAATGGGTATGCTTG,PVL,PVL Differentiated,CID4471
CID4471_CTAGAGTTCTGTGCAA,PVL,PVL Differentiated,CID4471
CID4471_CTAGTGAGTCGGCACT,PVL,PVL Differentiated,CID4471
CID4471_CTCATTACACATCTTT,PVL,PVL Differentiated,CID4471
CID4471_CTCGAGGGTCTTGCGG,PVL,PVL Differentiated,CID4471
CID4471_CTGAAGTTCACGGTTA,PVL,PVL Differentiated,CID4471
CID4471_CTGATCCGTGCTAGCC,PVL,PVL Differentiated,CID4471
CID4471_CTGCGGATCTTACCGC,PVL,PVL Differentiated,CID4471
CID4471_CTGTTTAAGACTGGGT,PVL,PVL Differentiated,CID4471
CID4471_CTTAACTAGCGTGAGT,PVL,PVL Differentiated,CID4471
CID4471_CTTACCGAGAGTAAGG,PVL,PVL Differentiated,CID4471
CID4471_GAACATCTCTGGTTCC,PVL,PVL Differentiated,CID4471
CID4471_GACAGAGTCTGACCTC,PVL,PVL Differentiated,CID4471
CID4471_GACCAATGTCTCAACA,PVL,PVL Differentiated,CID4471
CID4471_GACTGCGAGCCCAATT,PVL,PVL Differentiated,CID4471
CID4471_GAGTCCGAGATCGATA,PVL,PVL Differentiated,CID4471
CID4471_GATCTAGGTACCGTTA,PVL,PVL Differentiated,CID4471
CID4471_GATGAAACAATGTAAG,PVL,PVL Differentiated,CID4471
CID4471_GCATGTATCCATGCTC,PVL,PVL Differentiated,CID4471
CID4471_GCGCAACCACGCGAAA,PVL,PVL Differentiated,CID4471
CID4471_GCGCAACCAGCTGTGC,PVL,PVL Differentiated,CID4471
CID4471_GCTTCCAGTCAGGACA,PVL,PVL Differentiated,CID4471
CID4471_GGAACTTCAAGCCGCT,PVL,PVL Differentiated,CID4471
CID4471_GGAATAATCGGAAATA,PVL,PVL Differentiated,CID4471
CID4471_GGACAAGAGATGCCAG,PVL,PVL Differentiated,CID4471
CID4471_GGACAAGTCCACGAAT,PVL,PVL Differentiated,CID4471
CID4471_GGACGTCCAATAACGA,PVL,PVL Differentiated,CID4471
CID4471_GGCTCGACATACGCCG,PVL,PVL Differentiated,CID4471
CID4471_GGGATGACATCACCCT,PVL,PVL Differentiated,CID4471
CID4471_GGGATGAGTGTAATGA,PVL,PVL Differentiated,CID4471
CID4471_GGGCACTAGTCGATAA,PVL,PVL Differentiated,CID4471
CID4471_GGGCACTGTATCTGCA,PVL,PVL Differentiated,CID4471
CID4471_GGTGCGTTCGGAAATA,PVL,PVL Differentiated,CID4471
CID4471_GTCAAGTCAAGTTAAG,PVL,PVL Differentiated,CID4471
CID4471_GTCAAGTCATGAAGTA,PVL,PVL Differentiated,CID4471
CID4471_GTCGTAAGTCATTAGC,PVL,PVL Differentiated,CID4471
CID4471_GTCTTCGCAGGGTTAG,PVL,PVL Differentiated,CID4471
CID4471_GTGCAGCAGTTCCACA,PVL,PVL Differentiated,CID4471
CID4471_GTGCATAAGCGATGAC,PVL,PVL Differentiated,CID4471
CID4471_GTGCGGTTCCAAACTG,PVL,PVL Differentiated,CID4471
CID4471_GTGCTTCAGAAACGCC,PVL,PVL Differentiated,CID4471
CID4471_GTGCTTCAGGACAGCT,PVL,PVL Differentiated,CID4471
CID4471_GTGCTTCGTTCTGGTA,PVL,PVL Differentiated,CID4471
CID4471_GTGTGCGCAAGAGGCT,PVL,PVL Differentiated,CID4471
CID4471_GTTAAGCAGGCCATAG,PVL,PVL Differentiated,CID4471
CID4471_GTTCATTCATACCATG,PVL,PVL Differentiated,CID4471
CID4471_GTTCATTGTAGGACAC,PVL,PVL Differentiated,CID4471
CID4471_GTTCTCGAGGGATGGG,PVL,PVL Differentiated,CID4471
CID4471_GTTTCTAAGTGTCTCA,PVL,PVL Differentiated,CID4471
CID4471_TAAACCGTCGGCGCAT,PVL,PVL Differentiated,CID4471
CID4471_TAAGCGTAGTGTCTCA,PVL,PVL Differentiated,CID4471
CID4471_TACACGAGTCCCGACA,PVL,PVL Differentiated,CID4471
CID4471_TACAGTGAGGATTCGG,PVL,PVL Differentiated,CID4471
CID4471_TACCTTAAGTTGAGAT,PVL,PVL Differentiated,CID4471
CID4471_TACTCGCGTATCGCAT,PVL,PVL Differentiated,CID4471
CID4471_TATTACCCACAAGACG,PVL,PVL Differentiated,CID4471
CID4471_TATTACCTCTTGCCGT,PVL,PVL Differentiated,CID4471
CID4471_TCAGGATGTCGAACAG,PVL,PVL Differentiated,CID4471
CID4471_TCAGGATTCCTCTAGC,PVL,PVL Differentiated,CID4471
CID4471_TCAGGTACACCACGTG,PVL,PVL Differentiated,CID4471
CID4471_TCCACACCAAAGCGGT,PVL,PVL Differentiated,CID4471
CID4471_TCTATTGGTAATCACC,PVL,PVL Differentiated,CID4471
CID4471_TCTCTAATCATAGCAC,PVL,PVL Differentiated,CID4471
CID4471_TCTTTCCAGCCAGAAC,PVL,PVL Differentiated,CID4471
CID4471_TGACTAGTCCTGCCAT,PVL,PVL Differentiated,CID4471
CID4471_TGACTTTTCCGAAGAG,PVL,PVL Differentiated,CID4471
CID4471_TGCGTGGCAGCTATTG,PVL,PVL Differentiated,CID4471
CID4471_TGCGTGGGTCTGCAAT,PVL,PVL Differentiated,CID4471
CID4471_TGGCCAGAGAAGGTGA,PVL,PVL Differentiated,CID4471
CID4471_TGGGAAGTCATATCGG,PVL,PVL Differentiated,CID4471
CID4471_TGTGTTTAGGTTCCTA,PVL,PVL Differentiated,CID4471
CID4471_TTATGCTGTGTAAGTA,PVL,PVL Differentiated,CID4471
CID4471_TTCTCAACACACCGCA,PVL,PVL Differentiated,CID4471
CID4471_TTCTCCTAGCTAGGCA,PVL,PVL Differentiated,CID4471
CID4471_TTGACTTTCTCGGACG,PVL,PVL Differentiated,CID4471
CID4471_TTGTAGGGTCAAACTC,PVL,PVL Differentiated,CID4471
CID4471_TTTACTGGTCGAATCT,PVL,PVL Differentiated,CID4471
CID4471_TTTGCGCTCATCACCC,PVL,PVL Differentiated,CID4471
CID4471_ACACTGAGTAAGAGAG,PVL,PVL Differentiated,CID4471
CID4471_CAGAGAGCACACTGCG,PVL,PVL Differentiated,CID4471
CID4471_CCACCTAGTGAGGCTA,PVL,PVL Differentiated,CID4471
CID4471_TAGAGCTTCTCCCTGA,PVL,PVL Differentiated,CID4471
CID4471_CTGCTGTCATCCTAGA,PVL,PVL Differentiated,CID4471
CID4471_GGGACCTTCTGAAAGA,PVL,PVL Differentiated,CID4471
CID4471_TACTTACGTCAGAATA,PVL,PVL Differentiated,CID4471
CID4471_TCGTAGACAGGGTTAG,PVL,PVL Differentiated,CID4471
CID4471_TGAGCCGTCCGTCAAA,PVL,PVL Differentiated,CID4471
CID4471_CCGTACTGTGACAAAT,PVL,PVL Immature,CID4471
CID4471_ATCGAGTAGATGTAAC,PVL,PVL Immature,CID4471
CID4471_TGGTTAGCACATCTTT,PVL,PVL Immature,CID4471
CID4471_AAATGCCGTCAGAGGT,PVL,PVL Immature,CID4471
CID4471_AGCAGCCGTGACGGTA,PVL,PVL Immature,CID4471
CID4471_CGGTTAATCAGATAAG,PVL,PVL Immature,CID4471
CID4471_CTAGAGTGTTCCACTC,PVL,PVL Immature,CID4471
CID4471_CTGATAGAGTAGGCCA,PVL,PVL Immature,CID4471
CID4471_CTTAGGATCTATCGCC,PVL,PVL Immature,CID4471
CID4471_GACAGAGTCCCAACGG,PVL,PVL Immature,CID4471
CID4471_GACCTGGCAATAACGA,PVL,PVL Immature,CID4471
CID4471_GAGTCCGAGCGTAATA,PVL,PVL Immature,CID4471
CID4471_GATCTAGCAAGGGTCA,PVL,PVL Immature,CID4471
CID4471_TGAGCATAGCCCAATT,PVL,PVL Immature,CID4471
CID4471_TGCCCATCAATTGCTG,PVL,PVL Immature,CID4471
CID4471_TTAGGCAAGTCATGCT,PVL,PVL Immature,CID4471
CID4471_TTGCCGTGTCCCGACA,PVL,PVL Immature,CID4471
CID4471_TTTGTCAAGTGTGAAT,PVL,PVL Immature,CID4471
CID4471_CTACATTCATCGATGT,PVL,PVL Immature,CID4471
CID4471_ACGGAGAAGAGCAATT,PVL,PVL Immature,CID4471
CID4471_ATGGGAGTCTGTCTAT,PVL,PVL Immature,CID4471
CID4471_CTCGGGATCTTTAGTC,PVL,PVL Immature,CID4471
CID4471_GGGCATCGTGCACCAC,PVL,PVL Immature,CID4471
CID4471_GTGAAGGCAATGGATA,PVL,PVL Immature,CID4471
CID4471_GTGAAGGTCCTATTCA,PVL,PVL Immature,CID4471
CID4471_GTGCATAAGTGCCAGA,PVL,PVL Immature,CID4471
CID4471_TCGGTAATCGGCGCAT,PVL,PVL Immature,CID4471
CID4471_TCTCATAGTTCGTGAT,PVL,PVL Immature,CID4471
CID4471_TGCACCTAGCGATGAC,PVL,PVL Immature,CID4471
CID4471_CAACCAAAGCCGTCGT,PVL,PVL Immature,CID4471
CID4471_GCTTGAACAATGGATA,PVL,PVL Immature,CID4471
CID4471_GTTTCTAAGAGTCGGT,PVL,PVL Immature,CID4471
CID4471_TAGCCGGAGTCCGGTC,PVL,PVL Immature,CID4471
CID4471_TAGTTGGCAGCGTTCG,PVL,PVL Immature,CID4471
CID4471_AACTCCCGTTGATTCG,PVL,PVL Immature,CID4471
CID4471_AAGGAGCTCGTCTGAA,PVL,PVL Immature,CID4471
CID4471_ACATGGTCACAGCGTC,PVL,PVL Immature,CID4471
CID4471_ACGAGCCCAGTCAGCC,PVL,PVL Immature,CID4471
CID4471_ACTATCTGTCGCATAT,PVL,PVL Immature,CID4471
CID4471_ACTGATGAGACTAGAT,PVL,PVL Immature,CID4471
CID4471_AGCATACAGACATAAC,PVL,PVL Immature,CID4471
CID4471_AGTCTTTCAAGCTGGA,PVL,PVL Immature,CID4471
CID4471_AGTGGGAGTGCCTGTG,PVL,PVL Immature,CID4471
CID4471_ATCCACCAGTTGAGTA,PVL,PVL Immature,CID4471
CID4471_ATGGGAGAGAAGATTC,PVL,PVL Immature,CID4471
CID4471_CACACAATCGTGGGAA,PVL,PVL Immature,CID4471
CID4471_CACATTTGTTGTGGAG,PVL,PVL Immature,CID4471
CID4471_CACTCCATCAGGCGAA,PVL,PVL Immature,CID4471
CID4471_CGACCTTGTCTAGAGG,PVL,PVL Immature,CID4471
CID4471_CGTCCATGTCCTGCTT,PVL,PVL Immature,CID4471
CID4471_CTAACTTTCCTACAGA,PVL,PVL Immature,CID4471
CID4471_CTCAGAAAGGCTCATT,PVL,PVL Immature,CID4471
CID4471_CTGCTGTGTCAATGTC,PVL,PVL Immature,CID4471
CID4471_GACGCGTAGGCCATAG,PVL,PVL Immature,CID4471
CID4471_GCATGATGTGATGTCT,PVL,PVL Immature,CID4471
CID4471_GCTGCGATCACCTCGT,PVL,PVL Immature,CID4471
CID4471_GGCGACTAGACTAGAT,PVL,PVL Immature,CID4471
CID4471_GGGAATGGTGGTCTCG,PVL,PVL Immature,CID4471
CID4471_GGGTCTGAGTTTGCGT,PVL,PVL Immature,CID4471
CID4471_GTGCTTCGTGATAAGT,PVL,PVL Immature,CID4471
CID4471_GTGTGCGCACGAGAGT,PVL,PVL Immature,CID4471
CID4471_TAAGAGATCTCCGGTT,PVL,PVL Immature,CID4471
CID4471_TAAGTGCGTAGCTTGT,PVL,PVL Immature,CID4471
CID4471_TACACGAGTAGCAAAT,PVL,PVL Immature,CID4471
CID4471_TACGGATCAAACGTGG,PVL,PVL Immature,CID4471
CID4471_TACTCGCCAAGGTGTG,PVL,PVL Immature,CID4471
CID4471_TCAACGATCTGAGTGT,PVL,PVL Immature,CID4471
CID4471_TCAGCAATCCAAACTG,PVL,PVL Immature,CID4471
CID4471_TCCACACGTCATGCCG,PVL,PVL Immature,CID4471
CID4471_TCCCGATGTCGCGAAA,PVL,PVL Immature,CID4471
CID4471_TCGGGACAGAGGTTAT,PVL,PVL Immature,CID4471
CID4471_TGGACGCGTCAACTGT,PVL,PVL Immature,CID4471
CID4471_CCTCAGTAGGTCGGAT,B-cells,B cells Memory,CID4471
CID4471_GCAGTTAGTCCCTTGT,B-cells,B cells Memory,CID4471
CID4471_GGAGCAAGTAGCGCTC,B-cells,B cells Memory,CID4471
CID4471_GGGACCTTCGATGAGG,B-cells,B cells Memory,CID4471
CID4471_TAGAGCTAGTACGCCC,B-cells,B cells Memory,CID4471
CID4471_TCTGGAACAAAGGTGC,B-cells,B cells Memory,CID4471
CID4471_TGAGAGGGTCCATCCT,B-cells,B cells Memory,CID4471
CID4471_CACCTTGAGAAACGCC,B-cells,B cells Memory,CID4471
CID4471_TATTACCGTCTGCAAT,B-cells,B cells Memory,CID4471
CID4471_ACAGCTATCACCGTAA,B-cells,B cells Memory,CID4471
CID4471_ACGCCAGTCCACGAAT,B-cells,B cells Memory,CID4471
CID4471_CACACAAAGGCCCGTT,B-cells,B cells Memory,CID4471
CID4471_CAGCGACTCCAAACAC,B-cells,B cells Memory,CID4471
CID4471_CCGGGATTCTTTACAC,B-cells,B cells Memory,CID4471
CID4471_CGACCTTAGATGTTAG,B-cells,B cells Memory,CID4471
CID4471_CTTAACTAGAACTGTA,B-cells,B cells Memory,CID4471
CID4471_GGCCGATGTCAATACC,B-cells,B cells Memory,CID4471
CID4471_GGGTCTGTCCTTTCGG,B-cells,B cells Memory,CID4471
CID4471_TACCTATCAACTGCTA,B-cells,B cells Memory,CID4471
CID4471_TACGGATGTCACTGGC,B-cells,B cells Memory,CID4471
CID4471_TAGTTGGAGCCACTAT,B-cells,B cells Memory,CID4471
CID4471_TCAGATGCATAGAAAC,B-cells,B cells Memory,CID4471
CID4471_TGAGAGGAGTCGCCGT,B-cells,B cells Memory,CID4471
CID4471_TGAGCATTCCGAACGC,B-cells,B cells Memory,CID4471
CID4471_TTCGGTCAGGAGTTTA,B-cells,B cells Memory,CID4471
CID4471_TTGCCGTGTGCGCTTG,B-cells,B cells Memory,CID4471
CID4471_CAGCAGCAGAACAATC,B-cells,B cells Memory,CID4471
CID4471_GGAATAACATTGTGCA,B-cells,B cells Memory,CID4471
CID4471_TACAGTGAGGATGGTC,B-cells,B cells Memory,CID4471
CID4471_TTTATGCAGCTCCTTC,B-cells,B cells Memory,CID4471
CID4471_AAGCCGCTCGTACCGG,B-cells,B cells Memory,CID4471
CID4471_AGCTCTCAGTGAATTG,B-cells,B cells Memory,CID4471
CID4471_CCTACCACACTGAAGG,B-cells,B cells Memory,CID4471
CID4471_CGTCCATCATACCATG,B-cells,B cells Memory,CID4471
CID4471_CGTGTCTGTAGGAGTC,B-cells,B cells Memory,CID4471
CID4471_CTCACACGTCAGCTAT,B-cells,B cells Memory,CID4471
CID4471_GCGCAGTGTCAAAGCG,B-cells,B cells Memory,CID4471
CID4471_GGAAAGCTCCCTCTTT,B-cells,B cells Memory,CID4471
CID4471_GTGAAGGGTAGCGTCC,B-cells,B cells Memory,CID4471
CID4471_TATTACCAGTCAAGCG,B-cells,B cells Memory,CID4471
CID4471_TATTACCGTTTGTGTG,B-cells,B cells Memory,CID4471
CID4471_TCAGATGGTCGCGGTT,B-cells,B cells Memory,CID4471
CID4471_TGACGGCAGGGTTTCT,B-cells,B cells Memory,CID4471
CID4471_TGCTACCTCACAAACC,B-cells,B cells Memory,CID4471
CID4471_TTCTCCTCACCAGTTA,B-cells,B cells Memory,CID4471
CID4471_ATTTCTGGTGTGAAAT,Plasmablasts,Plasmablasts,CID4471
CID4471_GTCGGGTTCCTCGCAT,Plasmablasts,Plasmablasts,CID4471
CID4471_GTCTTCGCAACACGCC,Plasmablasts,Plasmablasts,CID4471
CID4471_TGAGCATGTGATGCCC,Plasmablasts,Plasmablasts,CID4471
CID4471_GTACTCCAGCGAGAAA,Plasmablasts,Plasmablasts,CID4471
CID4471_TCTCTAAGTCGACTGC,Plasmablasts,Plasmablasts,CID4471
CID4471_ATGTGTGCAGGTCGTC,Plasmablasts,Plasmablasts,CID4471
CID4471_CGAGCCAGTTCAGACT,Plasmablasts,Plasmablasts,CID4471
CID4471_ACGGCCACATGCCACG,Plasmablasts,Plasmablasts,CID4471
CID4471_CCAATCCAGCTAAACA,Plasmablasts,Plasmablasts,CID4471
CID4471_CGATGTAAGCAACGGT,Plasmablasts,Plasmablasts,CID4471
CID4471_CTCGAAAAGCCGATTT,Plasmablasts,Plasmablasts,CID4471
CID4471_GGGCATCGTGTTTGGT,Plasmablasts,Plasmablasts,CID4471
CID4471_GTATTCTGTACATCCA,Plasmablasts,Plasmablasts,CID4471
CID4471_AGCTCTCAGGGCTCTC,Plasmablasts,Plasmablasts,CID4471
CID4471_CATTATCCAACTGCGC,Plasmablasts,Plasmablasts,CID4471
CID4471_ACAGCTAAGTCGATAA,Plasmablasts,Plasmablasts,CID4471
CID4471_ACATCAGCAAAGCGGT,Plasmablasts,Plasmablasts,CID4471
CID4471_ACGATACGTAGCTTGT,Plasmablasts,Plasmablasts,CID4471
CID4471_CAGCAGCTCAACCATG,Plasmablasts,Plasmablasts,CID4471
CID4471_CATATGGGTTAAGACA,Plasmablasts,Plasmablasts,CID4471
CID4471_CCTTTCTCATGGGAAC,Plasmablasts,Plasmablasts,CID4471
CID4471_TGGTTAGCACTCTGTC,Plasmablasts,Plasmablasts,CID4471
CID4471_AAGGTTCAGTGGCACA,Plasmablasts,Plasmablasts,CID4471
CID4471_CCTAAAGAGACTAGAT,Plasmablasts,Plasmablasts,CID4471
CID4471_CGTGAGCAGTTGCAGG,Plasmablasts,Plasmablasts,CID4471
CID4471_CTCGAGGTCCTCTAGC,Plasmablasts,Plasmablasts,CID4471
CID4471_GATGAGGGTTCTGGTA,Plasmablasts,Plasmablasts,CID4471
CID4471_GCAGTTATCAACACCA,Plasmablasts,Plasmablasts,CID4471
CID4471_CCGTTCAAGAACTCGG,Plasmablasts,Plasmablasts,CID4471
CID4471_GCGACCAAGGCTCTTA,Plasmablasts,Plasmablasts,CID4471
CID4471_TGAGCCGAGATCCTGT,Plasmablasts,Plasmablasts,CID4471
CID4471_CAGCTAACAGCTGCAC,T-cells,T cells CD8+,CID4471
CID4471_TGACTAGAGACCTAGG,T-cells,T cells CD8+,CID4471
CID4471_TATCAGGTCAAAGTAG,T-cells,T cells CD4+,CID4471
CID4471_TCGGTAAAGTGTGGCA,T-cells,T cells CD4+,CID4471
CID4471_ACATCAGAGGTGCACA,T-cells,T cells CD4+,CID4471
CID4471_CACACTCAGACCGGAT,T-cells,T cells CD4+,CID4471
CID4471_GCGAGAAAGAGCAATT,T-cells,T cells CD4+,CID4471
CID4471_TCCCGATAGGAACTGC,T-cells,T cells CD4+,CID4471
CID4471_TCGTAGAAGAGAACAG,T-cells,T cells CD4+,CID4471
CID4471_GCTGCGAAGTGGGATC,T-cells,T cells CD4+,CID4471
CID4471_AAATGCCGTCCAAGTT,T-cells,T cells CD4+,CID4471
CID4471_TCTTCGGAGCGCCTCA,T-cells,T cells CD4+,CID4471
CID4471_AAAGCAAAGTGAAGAG,Myeloid,Macrophage,CID4471
CID4471_ACACCAAAGGATGGTC,Myeloid,Macrophage,CID4471
CID4471_CTGCCTATCGCAAACT,Myeloid,Macrophage,CID4471
CID4471_GGACAGACAACACCTA,Myeloid,Macrophage,CID4471
CID4471_TGCCCTACAGTAGAGC,Myeloid,Macrophage,CID4471
CID4471_AGGCCGTGTTCCAACA,Myeloid,Macrophage,CID4471
CID4471_CAACCTCTCCTCCTAG,Myeloid,Macrophage,CID4471
CID4471_CAGATCAGTGGTTTCA,Myeloid,Macrophage,CID4471
CID4471_CGTGTAAGTAGGAGTC,Myeloid,Macrophage,CID4471
CID4471_GAATGAACAGCTGTAT,Myeloid,Macrophage,CID4471
CID4471_GCTTGAATCAGAGCTT,Myeloid,Macrophage,CID4471
CID4471_TTTACTGAGCCTCGTG,Myeloid,Macrophage,CID4471
CID4471_ATGAGGGGTCTAGCCG,Myeloid,Monocyte,CID4471
CID4471_CGCTATCTCATGGTCA,Myeloid,Monocyte,CID4471
CID4471_GGGAATGGTGGACGAT,Myeloid,Monocyte,CID4471
CID4471_TATCTCAGTAGAAGGA,Myeloid,Monocyte,CID4471
CID4471_TCTGAGAGTCTCTCGT,Myeloid,Monocyte,CID4471
CID4471_TGACAACCAGGTCGTC,Myeloid,Monocyte,CID4471
CID4471_TTTACTGGTGATGATA,Myeloid,Monocyte,CID4471
CID4471_TCGTAGACACTAAGTC,Myeloid,Monocyte,CID4471
CID4471_GACAGAGCAGCCTTTC,Myeloid,Macrophage,CID4471
CID4471_GTATCTTGTAAATGTG,Myeloid,Macrophage,CID4471
CID4471_TTAGTTCTCGGAGGTA,Myeloid,Macrophage,CID4471
CID4471_AAGCCGCCACCGCTAG,Myeloid,Macrophage,CID4471
CID4471_CAGAATCGTCTACCTC,Myeloid,Macrophage,CID4471
CID4471_TACTCATAGAATTCCC,Myeloid,Macrophage,CID4471
CID4471_ACGGCCAGTAGGGTAC,Myeloid,Macrophage,CID4471
CID4471_AGCGTATAGTGAACAT,Myeloid,Macrophage,CID4471
CID4471_GCTCTGTTCCTTTCTC,Myeloid,Macrophage,CID4471
CID4471_CATCCACAGACTAAGT,Myeloid,Macrophage,CID4471
CID4471_CCTCTGAAGCACAGGT,Myeloid,Macrophage,CID4471
CID4471_CTGCGGATCTTTACGT,Myeloid,Macrophage,CID4471
CID4471_TGACGGCCAAACAACA,Myeloid,Macrophage,CID4471
CID4471_GGCAATTCATGTTGAC,Myeloid,Monocyte,CID4471
CID4471_TTTGGTTTCTTGAGGT,Myeloid,Monocyte,CID4471
CID4471_TACTTACGTCTTCAAG,Myeloid,Monocyte,CID4471
CID4471_TAGTTGGGTCTCAACA,Myeloid,Monocyte,CID4471
CID4471_CAGTAACTCTAACTCT,Myeloid,DCs,CID4471
CID4471_GCTGCTTCACGGTAGA,Myeloid,DCs,CID4471
CID4471_TAGCCGGGTGAGTGAC,Myeloid,DCs,CID4471
CID4471_GGTGCGTGTCCGCTGA,Myeloid,DCs,CID4471
CID4471_AGCGGTCAGGACACCA,Myeloid,DCs,CID4471
CID4471_GTTAAGCGTTCCCGAG,Cancer Epithelial,Cancer Cycling,CID4471
CID4471_TACGGATTCACCGGGT,Cancer Epithelial,Cancer Cycling,CID4471
CID4471_TGACTTTTCTTTACGT,Cancer Epithelial,Cancer Basal SC,CID4471
CID4471_AACCATGTCAAGGTAA,Cancer Epithelial,Cancer LumA SC,CID4471
CID4471_AGGCCGTTCTCTAGGA,Cancer Epithelial,Cancer LumA SC,CID4471
CID4471_AGGGATGGTAAACCTC,Cancer Epithelial,Cancer LumA SC,CID4471
CID4471_CAACCAACAGTTCCCT,Cancer Epithelial,Cancer LumA SC,CID4471
CID4471_CACAGGCTCCGGGTGT,Cancer Epithelial,Cancer LumA SC,CID4471
CID4471_CAGCCGATCGCCAAAT,Cancer Epithelial,Cancer LumA SC,CID4471
CID4471_CTGGTCTCAACACGCC,Cancer Epithelial,Cancer LumA SC,CID4471
CID4471_GACTACAAGTGCGTGA,Cancer Epithelial,Cancer LumA SC,CID4471
CID4471_GCAATCAAGACAGAGA,Cancer Epithelial,Cancer LumA SC,CID4471
CID4471_GCGCAGTGTAAGTGTA,Cancer Epithelial,Cancer LumA SC,CID4471
CID4471_TACAGTGGTCTCGTTC,Cancer Epithelial,Cancer LumA SC,CID4471
CID4471_TACGGGCTCCCGACTT,Cancer Epithelial,Cancer LumA SC,CID4471
CID4471_TCATTACTCTTGGGTA,Cancer Epithelial,Cancer LumA SC,CID4471
CID4471_TGAGCATAGGATCGCA,Cancer Epithelial,Cancer LumA SC,CID4471
CID4471_AACCGCGAGCTGTTCA,Normal Epithelial,Myoepithelial,CID4471
CID4471_AACGTTGAGGTGACCA,Normal Epithelial,Myoepithelial,CID4471
CID4471_AACTCAGAGGCTATCT,Normal Epithelial,Myoepithelial,CID4471
CID4471_AAGGTTCCATGCATGT,Normal Epithelial,Myoepithelial,CID4471
CID4471_ACACCAAAGGTAGCTG,Normal Epithelial,Myoepithelial,CID4471
CID4471_ACCAGTAAGAAAGTGG,Normal Epithelial,Myoepithelial,CID4471
CID4471_ACGATACGTACTCAAC,Normal Epithelial,Myoepithelial,CID4471
CID4471_ACGATGTGTCAACTGT,Normal Epithelial,Myoepithelial,CID4471
CID4471_ACGCAGCGTTAGAACA,Normal Epithelial,Myoepithelial,CID4471
CID4471_ACGCCAGTCATGGTCA,Normal Epithelial,Myoepithelial,CID4471
CID4471_ACGGAGAAGCGTCAAG,Normal Epithelial,Myoepithelial,CID4471
CID4471_ACGGCCATCCGCTGTT,Normal Epithelial,Myoepithelial,CID4471
CID4471_ACTGTCCCAAGAGTCG,Normal Epithelial,Myoepithelial,CID4471
CID4471_AGCTTGAGTGAGGCTA,Normal Epithelial,Myoepithelial,CID4471
CID4471_AGGTCATTCCGTCATC,Normal Epithelial,Myoepithelial,CID4471
CID4471_AGTGGGAAGAGTGAGA,Normal Epithelial,Myoepithelial,CID4471
CID4471_ATCATGGGTTCATGGT,Normal Epithelial,Myoepithelial,CID4471
CID4471_CACATAGGTGATGTCT,Normal Epithelial,Myoepithelial,CID4471
CID4471_CATCCACAGAGACTTA,Normal Epithelial,Myoepithelial,CID4471
CID4471_CATCCACTCGGTGTCG,Normal Epithelial,Myoepithelial,CID4471
CID4471_CCTACACAGTACGATA,Normal Epithelial,Myoepithelial,CID4471
CID4471_CCTCAGTAGCTAACAA,Normal Epithelial,Myoepithelial,CID4471
CID4471_CGAACATCAATGGACG,Normal Epithelial,Myoepithelial,CID4471
CID4471_CGACCTTTCTGCTGCT,Normal Epithelial,Myoepithelial,CID4471
CID4471_CGAGCCAGTTCACCTC,Normal Epithelial,Myoepithelial,CID4471
CID4471_CGATCGGAGTCTCAAC,Normal Epithelial,Myoepithelial,CID4471
CID4471_CGCTTCAAGTGCAAGC,Normal Epithelial,Myoepithelial,CID4471
CID4471_CGGAGCTCAGCCAGAA,Normal Epithelial,Myoepithelial,CID4471
CID4471_CGGCTAGAGATCTGCT,Normal Epithelial,Myoepithelial,CID4471
CID4471_CGGGTCAGTGACTACT,Normal Epithelial,Myoepithelial,CID4471
CID4471_CGTAGCGGTGAGTGAC,Normal Epithelial,Myoepithelial,CID4471
CID4471_CGTCCATAGCAGACTG,Normal Epithelial,Myoepithelial,CID4471
CID4471_CGTTCTGCACCTGGTG,Normal Epithelial,Myoepithelial,CID4471
CID4471_CGTTGGGCAAGTAGTA,Normal Epithelial,Myoepithelial,CID4471
CID4471_CGTTGGGGTGTTGGGA,Normal Epithelial,Myoepithelial,CID4471
CID4471_CTCACACGTTATGTGC,Normal Epithelial,Myoepithelial,CID4471
CID4471_CTCGTCATCTTACCGC,Normal Epithelial,Myoepithelial,CID4471
CID4471_CTCTAATCAAGCTGTT,Normal Epithelial,Myoepithelial,CID4471
CID4471_CTCTGGTTCTGTACGA,Normal Epithelial,Myoepithelial,CID4471
CID4471_CTGTGCTGTAGCGTAG,Normal Epithelial,Myoepithelial,CID4471
CID4471_CTTAACTCATTTCAGG,Normal Epithelial,Myoepithelial,CID4471
CID4471_CTTACCGAGAGGTTAT,Normal Epithelial,Myoepithelial,CID4471
CID4471_GACGCGTCACCTATCC,Normal Epithelial,Myoepithelial,CID4471
CID4471_GACGTGCGTGGTTTCA,Normal Epithelial,Myoepithelial,CID4471
CID4471_GATCGTAGTTTGACAC,Normal Epithelial,Myoepithelial,CID4471
CID4471_GCACTCTGTAGGACAC,Normal Epithelial,Myoepithelial,CID4471
CID4471_GCGACCAGTTTGGCGC,Normal Epithelial,Myoepithelial,CID4471
CID4471_GCGAGAAAGTCCATAC,Normal Epithelial,Myoepithelial,CID4471
CID4471_GCGAGAATCATACGGT,Normal Epithelial,Myoepithelial,CID4471
CID4471_GCTTCCACATGCTAGT,Normal Epithelial,Myoepithelial,CID4471
CID4471_GGCTGGTGTACTCAAC,Normal Epithelial,Myoepithelial,CID4471
CID4471_GGGAATGAGTGTTTGC,Normal Epithelial,Myoepithelial,CID4471
CID4471_GGGAATGGTTCCATGA,Normal Epithelial,Myoepithelial,CID4471
CID4471_GTAACGTTCCTGCTTG,Normal Epithelial,Myoepithelial,CID4471
CID4471_GTACTTTGTTGAACTC,Normal Epithelial,Myoepithelial,CID4471
CID4471_GTAGTCAAGCATCATC,Normal Epithelial,Myoepithelial,CID4471
CID4471_GTAGTCACACGTCTCT,Normal Epithelial,Myoepithelial,CID4471
CID4471_GTAGTCATCTCGCTTG,Normal Epithelial,Myoepithelial,CID4471
CID4471_GTGCAGCTCTTCTGGC,Normal Epithelial,Myoepithelial,CID4471
CID4471_GTGCATATCAACACAC,Normal Epithelial,Myoepithelial,CID4471
CID4471_GTGCTTCTCCTAGTGA,Normal Epithelial,Myoepithelial,CID4471
CID4471_GTTACAGAGATCGATA,Normal Epithelial,Myoepithelial,CID4471
CID4471_GTTCATTGTCCATCCT,Normal Epithelial,Myoepithelial,CID4471
CID4471_GTTTCTATCAGCTCTC,Normal Epithelial,Myoepithelial,CID4471
CID4471_TACCTATGTACCAGTT,Normal Epithelial,Myoepithelial,CID4471
CID4471_TACTTGTCAAGTCATC,Normal Epithelial,Myoepithelial,CID4471
CID4471_TATCTCAGTGCAACGA,Normal Epithelial,Myoepithelial,CID4471
CID4471_TATCTCATCAGAAATG,Normal Epithelial,Myoepithelial,CID4471
CID4471_TATTACCTCCCTCAGT,Normal Epithelial,Myoepithelial,CID4471
CID4471_TCAGCAACATGCAACT,Normal Epithelial,Myoepithelial,CID4471
CID4471_TCTTCGGGTGTAACGG,Normal Epithelial,Myoepithelial,CID4471
CID4471_TCTTTCCAGGTAAACT,Normal Epithelial,Myoepithelial,CID4471
CID4471_TGCCAAAAGTACATGA,Normal Epithelial,Myoepithelial,CID4471
CID4471_TGCCAAAAGTCGAGTG,Normal Epithelial,Myoepithelial,CID4471
CID4471_TGCGCAGAGGAGTTGC,Normal Epithelial,Myoepithelial,CID4471
CID4471_TGCTACCAGTTCGCGC,Normal Epithelial,Myoepithelial,CID4471
CID4471_TGGCCAGGTGGACGAT,Normal Epithelial,Myoepithelial,CID4471
CID4471_TGGCGCAAGAAACCTA,Normal Epithelial,Myoepithelial,CID4471
CID4471_TGTATTCAGACCCACC,Normal Epithelial,Myoepithelial,CID4471
CID4471_TGTATTCTCAGCGATT,Normal Epithelial,Myoepithelial,CID4471
CID4471_TGTGTTTTCTCCAACC,Normal Epithelial,Myoepithelial,CID4471
CID4471_TGTTCCGGTTCGGGCT,Normal Epithelial,Myoepithelial,CID4471
CID4471_TTAACTCGTTCGTGAT,Normal Epithelial,Myoepithelial,CID4471
CID4471_TTATGCTTCCGCTGTT,Normal Epithelial,Myoepithelial,CID4471
CID4471_TTCTACAAGTGTTTGC,Normal Epithelial,Myoepithelial,CID4471
CID4471_TTGTAGGCATCGATGT,Normal Epithelial,Myoepithelial,CID4471
CID4471_TTGTAGGGTCAACATC,Normal Epithelial,Myoepithelial,CID4471
CID4471_TTTGGTTCATATACGC,Normal Epithelial,Myoepithelial,CID4471
CID4471_AAAGATGGTACCATCA,Normal Epithelial,Luminal Progenitors,CID4471
CID4471_AACGTTGGTAGCCTCG,Normal Epithelial,Luminal Progenitors,CID4471
CID4471_AACTCAGGTTCCGTCT,Normal Epithelial,Luminal Progenitors,CID4471
CID4471_AACTTTCCAACTGCTA,Normal Epithelial,Luminal Progenitors,CID4471
CID4471_AATCCAGTCATGCAAC,Normal Epithelial,Luminal Progenitors,CID4471
CID4471_AATCGGTGTTTACTCT,Normal Epithelial,Luminal Progenitors,CID4471
CID4471_ACAGCCGAGTCAAGCG,Normal Epithelial,Luminal Progenitors,CID4471
CID4471_ACAGCCGGTCAATACC,Normal Epithelial,Luminal Progenitors,CID4471
CID4471_ACATCAGTCTGTCCGT,Normal Epithelial,Luminal Progenitors,CID4471
CID4471_ACGATGTTCGGTCCGA,Normal Epithelial,Luminal Progenitors,CID4471
CID4471_ACTGAGTTCTAGCACA,Normal Epithelial,Luminal Progenitors,CID4471
CID4471_ACTGCTCAGACACTAA,Normal Epithelial,Luminal Progenitors,CID4471
CID4471_ACTTTCAAGACAGGCT,Normal Epithelial,Luminal Progenitors,CID4471
CID4471_ACTTTCAGTCAAAGCG,Normal Epithelial,Luminal Progenitors,CID4471
CID4471_AGAATAGTCATCGATG,Normal Epithelial,Luminal Progenitors,CID4471
CID4471_AGAGTGGAGATGTGGC,Normal Epithelial,Luminal Progenitors,CID4471
CID4471_AGCTCCTCACATTTCT,Normal Epithelial,Luminal Progenitors,CID4471
CID4471_AGCTCTCGTGGTAACG,Normal Epithelial,Luminal Progenitors,CID4471
CID4471_AGGTCATCAATGACCT,Normal Epithelial,Luminal Progenitors,CID4471
CID4471_AGTGAGGAGTGGGTTG,Normal Epithelial,Luminal Progenitors,CID4471
CID4471_AGTGTCATCTCGGACG,Normal Epithelial,Luminal Progenitors,CID4471
CID4471_ATAAGAGCATTTCACT,Normal Epithelial,Luminal Progenitors,CID4471
CID4471_ATCCGAATCTCTTGAT,Normal Epithelial,Luminal Progenitors,CID4471
CID4471_ATGAGGGGTTCATGGT,Normal Epithelial,Luminal Progenitors,CID4471
CID4471_ATGCGATAGCTCAACT,Normal Epithelial,Luminal Progenitors,CID4471
CID4471_ATTATCCGTCGCGGTT,Normal Epithelial,Luminal Progenitors,CID4471
CID4471_CACACAACATTAACCG,Normal Epithelial,Luminal Progenitors,CID4471
CID4471_CACACAATCCTCGCAT,Normal Epithelial,Luminal Progenitors,CID4471
CID4471_CAGTCCTCAAAGTCAA,Normal Epithelial,Luminal Progenitors,CID4471
CID4471_CATATGGTCGCCAGCA,Normal Epithelial,Luminal Progenitors,CID4471
CID4471_CATCAGATCTTGAGGT,Normal Epithelial,Luminal Progenitors,CID4471
CID4471_CATCCACAGCGATATA,Normal Epithelial,Luminal Progenitors,CID4471
CID4471_CCGGGATCACATAACC,Normal Epithelial,Luminal Progenitors,CID4471
CID4471_CCTTCCCAGCTGCAAG,Normal Epithelial,Luminal Progenitors,CID4471
CID4471_CCTTCCCCAGCTGCAC,Normal Epithelial,Luminal Progenitors,CID4471
CID4471_CGACCTTTCTCTGAGA,Normal Epithelial,Luminal Progenitors,CID4471
CID4471_CGAGCACGTTCCAACA,Normal Epithelial,Luminal Progenitors,CID4471
CID4471_CGAGCACGTTTACTCT,Normal Epithelial,Luminal Progenitors,CID4471
CID4471_CGCGTTTCAATTCCTT,Normal Epithelial,Luminal Progenitors,CID4471
CID4471_CGCTGGATCCTACAGA,Normal Epithelial,Luminal Progenitors,CID4471
CID4471_CGTGAGCGTAAGGATT,Normal Epithelial,Luminal Progenitors,CID4471
CID4471_CGTGTCTCAGACAAGC,Normal Epithelial,Luminal Progenitors,CID4471
CID4471_CTAGAGTGTAATCGTC,Normal Epithelial,Luminal Progenitors,CID4471
CID4471_CTAGCCTGTCGAGATG,Normal Epithelial,Luminal Progenitors,CID4471
CID4471_CTAGTGAGTGTGACCC,Normal Epithelial,Luminal Progenitors,CID4471
CID4471_CTCAGAAGTTAGATGA,Normal Epithelial,Luminal Progenitors,CID4471
CID4471_CTTAACTGTACTTCTT,Normal Epithelial,Luminal Progenitors,CID4471
CID4471_GACAGAGCACGGATAG,Normal Epithelial,Luminal Progenitors,CID4471
CID4471_GACGTGCAGGTGTTAA,Normal Epithelial,Luminal Progenitors,CID4471
CID4471_GACGTGCCATACCATG,Normal Epithelial,Luminal Progenitors,CID4471
CID4471_GACTAACAGTTACCCA,Normal Epithelial,Luminal Progenitors,CID4471
CID4471_GATGCTATCAGCTCTC,Normal Epithelial,Luminal Progenitors,CID4471
CID4471_GATTCAGGTACCGTAT,Normal Epithelial,Luminal Progenitors,CID4471
CID4471_GATTCAGGTCATGCAT,Normal Epithelial,Luminal Progenitors,CID4471
CID4471_GCAATCATCCAAACTG,Normal Epithelial,Luminal Progenitors,CID4471
CID4471_GCCAAATTCACCGTAA,Normal Epithelial,Luminal Progenitors,CID4471
CID4471_GGAAAGCCACCAACCG,Normal Epithelial,Luminal Progenitors,CID4471
CID4471_GGACAGAAGCGTGAGT,Normal Epithelial,Luminal Progenitors,CID4471
CID4471_GGATGTTAGTTCGCAT,Normal Epithelial,Luminal Progenitors,CID4471
CID4471_GGCTGGTGTGACTCAT,Normal Epithelial,Luminal Progenitors,CID4471
CID4471_GGGACCTCAAGTCTGT,Normal Epithelial,Luminal Progenitors,CID4471
CID4471_GGGACCTTCAGAGCTT,Normal Epithelial,Luminal Progenitors,CID4471
CID4471_GGGAGATCACGGACAA,Normal Epithelial,Luminal Progenitors,CID4471
CID4471_GTACTTTGTGATGATA,Normal Epithelial,Luminal Progenitors,CID4471
CID4471_GTCACAACAGCTGGCT,Normal Epithelial,Luminal Progenitors,CID4471
CID4471_GTCACAATCGGAAACG,Normal Epithelial,Luminal Progenitors,CID4471
CID4471_GTCGGGTGTACCCAAT,Normal Epithelial,Luminal Progenitors,CID4471
CID4471_GTGAAGGCATCGATGT,Normal Epithelial,Luminal Progenitors,CID4471
CID4471_GTGCGGTCAGATCCAT,Normal Epithelial,Luminal Progenitors,CID4471
CID4471_GTGGGTCAGCGACGTA,Normal Epithelial,Luminal Progenitors,CID4471
CID4471_GTGTTAGAGACCACGA,Normal Epithelial,Luminal Progenitors,CID4471
CID4471_GTTACAGGTAAGTTCC,Normal Epithelial,Luminal Progenitors,CID4471
CID4471_GTTTCTATCTTATCTG,Normal Epithelial,Luminal Progenitors,CID4471
CID4471_TAAACCGTCTCCAACC,Normal Epithelial,Luminal Progenitors,CID4471
CID4471_TACTCGCGTTGGTGGA,Normal Epithelial,Luminal Progenitors,CID4471
CID4471_TAGTGGTGTACCGTAT,Normal Epithelial,Luminal Progenitors,CID4471
CID4471_TAGTTGGGTCTACCTC,Normal Epithelial,Luminal Progenitors,CID4471
CID4471_TATGCCCGTCCAAGTT,Normal Epithelial,Luminal Progenitors,CID4471
CID4471_TCATTACAGGATATAC,Normal Epithelial,Luminal Progenitors,CID4471
CID4471_TCATTACTCACTTACT,Normal Epithelial,Luminal Progenitors,CID4471
CID4471_TCGGGACAGAGACTAT,Normal Epithelial,Luminal Progenitors,CID4471
CID4471_TCGGTAACACAACGTT,Normal Epithelial,Luminal Progenitors,CID4471
CID4471_TGACGGCGTAGGCATG,Normal Epithelial,Luminal Progenitors,CID4471
CID4471_TGACTAGAGGCATGGT,Normal Epithelial,Luminal Progenitors,CID4471
CID4471_TGACTAGGTGTTGGGA,Normal Epithelial,Luminal Progenitors,CID4471
CID4471_TGACTAGTCCTTTCGG,Normal Epithelial,Luminal Progenitors,CID4471
CID4471_TGACTTTTCTCGAGTA,Normal Epithelial,Luminal Progenitors,CID4471
CID4471_TGAGAGGAGTGCCAGA,Normal Epithelial,Luminal Progenitors,CID4471
CID4471_TGATTTCGTCCGAACC,Normal Epithelial,Luminal Progenitors,CID4471
CID4471_TGCCCTATCGCACTCT,Normal Epithelial,Luminal Progenitors,CID4471
CID4471_TGCGCAGTCGGTTCGG,Normal Epithelial,Luminal Progenitors,CID4471
CID4471_TGGCCAGTCCCATTTA,Normal Epithelial,Luminal Progenitors,CID4471
CID4471_TGTGTTTGTAATTGGA,Normal Epithelial,Luminal Progenitors,CID4471
CID4471_TTAACTCAGGGTTTCT,Normal Epithelial,Luminal Progenitors,CID4471
CID4471_TTCGGTCAGACAAAGG,Normal Epithelial,Luminal Progenitors,CID4471
CID4471_TTGTAGGGTTTAGGAA,Normal Epithelial,Luminal Progenitors,CID4471
CID4471_TTGTAGGTCGTCCAGG,Normal Epithelial,Luminal Progenitors,CID4471
CID4471_TTTATGCCACACGCTG,Normal Epithelial,Luminal Progenitors,CID4471
CID4471_AACTCAGGTTCGTCTC,Normal Epithelial,Mature Luminal,CID4471
CID4471_AACTGGTCAGAAGCAC,Normal Epithelial,Mature Luminal,CID4471
CID4471_AAGACCTTCACGGTTA,Normal Epithelial,Mature Luminal,CID4471
CID4471_AAGGAGCCACCGAAAG,Normal Epithelial,Mature Luminal,CID4471
CID4471_ACACCGGAGTAGTGCG,Normal Epithelial,Mature Luminal,CID4471
CID4471_ACATGGTAGAAACGAG,Normal Epithelial,Mature Luminal,CID4471
CID4471_ACCAGTATCAACACCA,Normal Epithelial,Mature Luminal,CID4471
CID4471_ACGCCGATCTGCGTAA,Normal Epithelial,Mature Luminal,CID4471
CID4471_ACTGATGTCAGGATCT,Normal Epithelial,Mature Luminal,CID4471
CID4471_ACTTACTTCGGTTAAC,Normal Epithelial,Mature Luminal,CID4471
CID4471_AGAGTGGAGTGAATTG,Normal Epithelial,Mature Luminal,CID4471
CID4471_AGAGTGGGTGGTACAG,Normal Epithelial,Mature Luminal,CID4471
CID4471_AGCATACAGCGATATA,Normal Epithelial,Mature Luminal,CID4471
CID4471_AGCTTGAAGCGATAGC,Normal Epithelial,Mature Luminal,CID4471
CID4471_AGGGAGTGTGGTACAG,Normal Epithelial,Mature Luminal,CID4471
CID4471_AGTGGGAAGGGTGTGT,Normal Epithelial,Mature Luminal,CID4471
CID4471_ATAGACCGTATCGCAT,Normal Epithelial,Mature Luminal,CID4471
CID4471_ATAGACCTCGTCGTTC,Normal Epithelial,Mature Luminal,CID4471
CID4471_ATCACGAGTCCCTACT,Normal Epithelial,Mature Luminal,CID4471
CID4471_ATCTGCCCACCAGGTC,Normal Epithelial,Mature Luminal,CID4471
CID4471_ATTTCTGTCACAGTAC,Normal Epithelial,Mature Luminal,CID4471
CID4471_ATTTCTGTCCCTAACC,Normal Epithelial,Mature Luminal,CID4471
CID4471_CAACCTCCACCAGTTA,Normal Epithelial,Mature Luminal,CID4471
CID4471_CAAGTTGTCATGTGGT,Normal Epithelial,Mature Luminal,CID4471
CID4471_CACAGTATCCGCAGTG,Normal Epithelial,Mature Luminal,CID4471
CID4471_CACATTTTCCTGTAGA,Normal Epithelial,Mature Luminal,CID4471
CID4471_CAGAATCAGGCGCTCT,Normal Epithelial,Mature Luminal,CID4471
CID4471_CAGCTGGTCATTGCGA,Normal Epithelial,Mature Luminal,CID4471
CID4471_CATATGGGTGCTAGCC,Normal Epithelial,Mature Luminal,CID4471
CID4471_CCCAATCGTGGCAAAC,Normal Epithelial,Mature Luminal,CID4471
CID4471_CCCTCCTGTCGTGGCT,Normal Epithelial,Mature Luminal,CID4471
CID4471_CCGTACTTCTAACTTC,Normal Epithelial,Mature Luminal,CID4471
CID4471_CCGTGGAGTTCGTGAT,Normal Epithelial,Mature Luminal,CID4471
CID4471_CGAATGTCAAGTAATG,Normal Epithelial,Mature Luminal,CID4471
CID4471_CGACTTCGTGACCAAG,Normal Epithelial,Mature Luminal,CID4471
CID4471_CGCTTCACACCTTGTC,Normal Epithelial,Mature Luminal,CID4471
CID4471_CGGACACAGTACGATA,Normal Epithelial,Mature Luminal,CID4471
CID4471_CGTTCTGTCCGTAGTA,Normal Epithelial,Mature Luminal,CID4471
CID4471_CGTTGGGAGAAGGACA,Normal Epithelial,Mature Luminal,CID4471
CID4471_CGTTGGGAGGCACATG,Normal Epithelial,Mature Luminal,CID4471
CID4471_CTAATGGCACATTAGC,Normal Epithelial,Mature Luminal,CID4471
CID4471_CTACATTCATTATCTC,Normal Epithelial,Mature Luminal,CID4471
CID4471_CTCAGAACAAGTTGTC,Normal Epithelial,Mature Luminal,CID4471
CID4471_CTCCTAGAGCCCAACC,Normal Epithelial,Mature Luminal,CID4471
CID4471_CTCGGGATCTAACTTC,Normal Epithelial,Mature Luminal,CID4471
CID4471_CTGAAACCATTTGCCC,Normal Epithelial,Mature Luminal,CID4471
CID4471_CTGAAACGTACTCGCG,Normal Epithelial,Mature Luminal,CID4471
CID4471_CTGCGGAAGGCTCAGA,Normal Epithelial,Mature Luminal,CID4471
CID4471_CTTAACTGTTCACGGC,Normal Epithelial,Mature Luminal,CID4471
CID4471_GAAATGATCTTGTTTG,Normal Epithelial,Mature Luminal,CID4471
CID4471_GAAGCAGAGTGGAGTC,Normal Epithelial,Mature Luminal,CID4471
CID4471_GACGTGCGTCTCAACA,Normal Epithelial,Mature Luminal,CID4471
CID4471_GACGTTAAGTGGAGAA,Normal Epithelial,Mature Luminal,CID4471
CID4471_GATCGCGTCGAATCCA,Normal Epithelial,Mature Luminal,CID4471
CID4471_GATCGTACACATTCGA,Normal Epithelial,Mature Luminal,CID4471
CID4471_GATTCAGGTGGTGTAG,Normal Epithelial,Mature Luminal,CID4471
CID4471_GCAAACTCATTGAGCT,Normal Epithelial,Mature Luminal,CID4471
CID4471_GCACATATCCGCAGTG,Normal Epithelial,Mature Luminal,CID4471
CID4471_GCGGGTTCAAGTAGTA,Normal Epithelial,Mature Luminal,CID4471
CID4471_GCTCTGTCATACGCCG,Normal Epithelial,Mature Luminal,CID4471
CID4471_GGAATAACAGGGTTAG,Normal Epithelial,Mature Luminal,CID4471
CID4471_GGAATAACATTGAGCT,Normal Epithelial,Mature Luminal,CID4471
CID4471_GGGCACTTCTCGATGA,Normal Epithelial,Mature Luminal,CID4471
CID4471_GGGCATCCAATGAATG,Normal Epithelial,Mature Luminal,CID4471
CID4471_GGGTTGCTCGTCGTTC,Normal Epithelial,Mature Luminal,CID4471
CID4471_GGTGCGTAGTTCGATC,Normal Epithelial,Mature Luminal,CID4471
CID4471_GTCCTCATCGACCAGC,Normal Epithelial,Mature Luminal,CID4471
CID4471_GTGTGCGGTTCTCATT,Normal Epithelial,Mature Luminal,CID4471
CID4471_GTTTCTATCGGCGCAT,Normal Epithelial,Mature Luminal,CID4471
CID4471_TACGGGCCAATGGACG,Normal Epithelial,Mature Luminal,CID4471
CID4471_TACTTGTAGCCAGTAG,Normal Epithelial,Mature Luminal,CID4471
CID4471_TACTTGTTCGGAAACG,Normal Epithelial,Mature Luminal,CID4471
CID4471_TAGCCGGTCTCAAACG,Normal Epithelial,Mature Luminal,CID4471
CID4471_TCAATCTGTCGCGGTT,Normal Epithelial,Mature Luminal,CID4471
CID4471_TCACAAGTCCTGCCAT,Normal Epithelial,Mature Luminal,CID4471
CID4471_TCGGTAAAGGACATTA,Normal Epithelial,Mature Luminal,CID4471
CID4471_TCGGTAACAATCGAAA,Normal Epithelial,Mature Luminal,CID4471
CID4471_TCGTAGACAGATGGGT,Normal Epithelial,Mature Luminal,CID4471
CID4471_TCTCTAACAAGTAATG,Normal Epithelial,Mature Luminal,CID4471
CID4471_TCTTTCCAGAGTGACC,Normal Epithelial,Mature Luminal,CID4471
CID4471_TCTTTCCTCGCCAGCA,Normal Epithelial,Mature Luminal,CID4471
CID4471_TGCGGGTAGTGCGTGA,Normal Epithelial,Mature Luminal,CID4471
CID4471_TGGTTCCGTGCTCTTC,Normal Epithelial,Mature Luminal,CID4471
CID4471_TGTGGTAAGCTAGTTC,Normal Epithelial,Mature Luminal,CID4471
CID4471_TGTGGTACATCGGGTC,Normal Epithelial,Mature Luminal,CID4471
CID4471_TTAACTCAGTGGGTTG,Normal Epithelial,Mature Luminal,CID4471
CID4471_TTAGGCATCGTTACAG,Normal Epithelial,Mature Luminal,CID4471
CID4471_TTCTTAGCAAACTGTC,Normal Epithelial,Mature Luminal,CID4471
CID4471_TTTGGTTCACGTCAGC,Normal Epithelial,Mature Luminal,CID4471
CID4471_TTTGTCATCTTCGAGA,Normal Epithelial,Mature Luminal,CID4471
CID4530N_AACGTTGAGCCCTAAT,Endothelial,Endothelial ACKR1,CID4530N
CID4530N_AATCGGTAGTCGCCGT,Endothelial,Endothelial ACKR1,CID4530N
CID4530N_ACACCAAGTGTATGGG,Endothelial,Endothelial ACKR1,CID4530N
CID4530N_ACCAGTAAGAAGGTGA,Endothelial,Endothelial ACKR1,CID4530N
CID4530N_ACCGTAATCCTTGCCA,Endothelial,Endothelial ACKR1,CID4530N
CID4530N_AGAGTGGAGAGTGAGA,Endothelial,Endothelial ACKR1,CID4530N
CID4530N_AGCAGCCGTCAACTGT,Endothelial,Endothelial ACKR1,CID4530N
CID4530N_AGGCCACAGTGCCAGA,Endothelial,Endothelial ACKR1,CID4530N
CID4530N_CAAGAAAAGATCGATA,Endothelial,Endothelial ACKR1,CID4530N
CID4530N_CACACCTGTATAGGGC,Endothelial,Endothelial ACKR1,CID4530N
CID4530N_CACCACTCACCAACCG,Endothelial,Endothelial ACKR1,CID4530N
CID4530N_CAGAATCTCGTCACGG,Endothelial,Endothelial ACKR1,CID4530N
CID4530N_CAGCGACTCACCTCGT,Endothelial,Endothelial ACKR1,CID4530N
CID4530N_CATATGGCACGTTGGC,Endothelial,Endothelial ACKR1,CID4530N
CID4530N_CATGCCTCACCCATGG,Endothelial,Endothelial ACKR1,CID4530N
CID4530N_CCAGCGACACTTAAGC,Endothelial,Endothelial ACKR1,CID4530N
CID4530N_CCATGTCCACACATGT,Endothelial,Endothelial ACKR1,CID4530N
CID4530N_CCTATTAGTACAGTTC,Endothelial,Endothelial ACKR1,CID4530N
CID4530N_CGGCTAGTCTAAGCCA,Endothelial,Endothelial ACKR1,CID4530N
CID4530N_CGTAGCGCAGAGTGTG,Endothelial,Endothelial ACKR1,CID4530N
CID4530N_CTACGTCAGAAACGAG,Endothelial,Endothelial ACKR1,CID4530N
CID4530N_CTGCCTATCTTCATGT,Endothelial,Endothelial ACKR1,CID4530N
CID4530N_CTGCTGTGTTATCACG,Endothelial,Endothelial ACKR1,CID4530N
CID4530N_GAAATGAAGTTAAGTG,Endothelial,Endothelial ACKR1,CID4530N
CID4530N_GAACCTACAAGAAAGG,Endothelial,Endothelial ACKR1,CID4530N
CID4530N_GAACGGATCAGTCCCT,Endothelial,Endothelial ACKR1,CID4530N
CID4530N_GACAGAGAGAATCTCC,Endothelial,Endothelial ACKR1,CID4530N
CID4530N_GAGGTGATCTTTACAC,Endothelial,Endothelial ACKR1,CID4530N
CID4530N_GATGAGGCAGTCGATT,Endothelial,Endothelial ACKR1,CID4530N
CID4530N_GTAGGCCCAGACAGGT,Endothelial,Endothelial ACKR1,CID4530N
CID4530N_GTCAAGTAGGACAGCT,Endothelial,Endothelial ACKR1,CID4530N
CID4530N_GTTCATTCATCAGTAC,Endothelial,Endothelial ACKR1,CID4530N
CID4530N_TACGGTACAGCCTATA,Endothelial,Endothelial ACKR1,CID4530N
CID4530N_TATCTCAAGCACCGCT,Endothelial,Endothelial ACKR1,CID4530N
CID4530N_TCACAAGGTAAAGTCA,Endothelial,Endothelial ACKR1,CID4530N
CID4530N_TCATTACGTTCGTGAT,Endothelial,Endothelial ACKR1,CID4530N
CID4530N_TCGGTAAAGCTGTTCA,Endothelial,Endothelial ACKR1,CID4530N
CID4530N_TGCCAAACAAAGTCAA,Endothelial,Endothelial ACKR1,CID4530N
CID4530N_TTAGGACCACAGATTC,Endothelial,Endothelial ACKR1,CID4530N
CID4530N_TTGACTTGTGGGTATG,Endothelial,Endothelial ACKR1,CID4530N
CID4530N_TTGCGTCGTAATAGCA,Endothelial,Endothelial ACKR1,CID4530N
CID4530N_GGAAAGCTCGGTCTAA,Endothelial,Endothelial ACKR1,CID4530N
CID4530N_CGAACATTCTGTACGA,Endothelial,Endothelial ACKR1,CID4530N
CID4530N_CGAGCACTCTGTTTGT,Endothelial,Endothelial ACKR1,CID4530N
CID4530N_CACCTTGCAATGAAAC,Endothelial,Endothelial ACKR1,CID4530N
CID4530N_CCTATTATCAATACCG,Endothelial,Endothelial ACKR1,CID4530N
CID4530N_AGCCTAAGTAGCTTGT,Endothelial,Endothelial ACKR1,CID4530N
CID4530N_CGAGCCAAGTGACTCT,Endothelial,Endothelial ACKR1,CID4530N
CID4530N_GACCTGGGTCGCGGTT,Endothelial,Endothelial ACKR1,CID4530N
CID4530N_GCGCGATAGACACTAA,Endothelial,Endothelial ACKR1,CID4530N
CID4530N_TGGGAAGGTGATGTGG,Endothelial,Endothelial ACKR1,CID4530N
CID4530N_TTGCCGTTCGGCGCTA,Endothelial,Endothelial RGS5,CID4530N
CID4530N_ACGCCGAGTGTAACGG,Endothelial,Endothelial RGS5,CID4530N
CID4530N_ACGGCCACAGCTTAAC,Endothelial,Endothelial RGS5,CID4530N
CID4530N_CACAGGCAGGTACTCT,Endothelial,Endothelial RGS5,CID4530N
CID4530N_TGCTACCCAGGAATGC,Endothelial,Endothelial RGS5,CID4530N
CID4530N_AGCTTGAAGAGACGAA,Endothelial,Endothelial RGS5,CID4530N
CID4530N_CACTCCAAGGAGTTTA,Endothelial,Endothelial RGS5,CID4530N
CID4530N_CATCCACAGGGTGTTG,Endothelial,Endothelial RGS5,CID4530N
CID4530N_CGTAGCGGTGAACCTT,Endothelial,Endothelial RGS5,CID4530N
CID4530N_CGTTAGAAGTAGCGGT,Endothelial,Endothelial RGS5,CID4530N
CID4530N_CTAAGACAGATATACG,Endothelial,Endothelial RGS5,CID4530N
CID4530N_CTGCGGACAGCGTAAG,Endothelial,Endothelial RGS5,CID4530N
CID4530N_TACACGATCGCCCTTA,Endothelial,Endothelial RGS5,CID4530N
CID4530N_TAGGCATTCTGCCAGG,Endothelial,Endothelial RGS5,CID4530N
CID4530N_TCAACGAAGTAAGTAC,Endothelial,Endothelial RGS5,CID4530N
CID4530N_GAAACTCTCCTGTACC,Endothelial,Endothelial RGS5,CID4530N
CID4530N_TTGACTTTCGAATGCT,Endothelial,Endothelial CXCL12,CID4530N
CID4530N_AACCGCGGTGTGTGCC,Endothelial,Endothelial CXCL12,CID4530N
CID4530N_GTGGGTCAGCACACAG,Endothelial,Endothelial CXCL12,CID4530N
CID4530N_AAACCTGAGACGCACA,Endothelial,Endothelial CXCL12,CID4530N
CID4530N_AATCGGTAGAAGGCCT,Endothelial,Endothelial CXCL12,CID4530N
CID4530N_ACATCAGGTGTGTGCC,Endothelial,Endothelial CXCL12,CID4530N
CID4530N_ACCAGTATCAAGATCC,Endothelial,Endothelial CXCL12,CID4530N
CID4530N_ACTATCTGTTCCAACA,Endothelial,Endothelial CXCL12,CID4530N
CID4530N_CACAAACAGCCACGTC,Endothelial,Endothelial CXCL12,CID4530N
CID4530N_CAGCCGAAGTTCCACA,Endothelial,Endothelial CXCL12,CID4530N
CID4530N_CTCGTACAGACGACGT,Endothelial,Endothelial CXCL12,CID4530N
CID4530N_CTTCTCTAGACTCGGA,Endothelial,Endothelial CXCL12,CID4530N
CID4530N_GACAGAGCACGACTCG,Endothelial,Endothelial CXCL12,CID4530N
CID4530N_GCTCTGTAGCCCAACC,Endothelial,Endothelial CXCL12,CID4530N
CID4530N_GTACGTAAGAGAGCTC,Endothelial,Endothelial CXCL12,CID4530N
CID4530N_TGCTACCCAGGTCCAC,Endothelial,Endothelial CXCL12,CID4530N
CID4530N_TTTGTCACAACGATCT,Endothelial,Endothelial CXCL12,CID4530N
CID4530N_ACTGAGTGTCCGAAGA,Endothelial,Endothelial CXCL12,CID4530N
CID4530N_ACGATACGTCATGCCG,CAFs,CAFs MSC iCAF-like,CID4530N
CID4530N_ACTATCTGTTTGGGCC,CAFs,CAFs MSC iCAF-like,CID4530N
CID4530N_AGAGCTTTCAGGCAAG,CAFs,CAFs MSC iCAF-like,CID4530N
CID4530N_ATGAGGGTCAGCCTAA,CAFs,CAFs MSC iCAF-like,CID4530N
CID4530N_CACCTTGTCGGAGGTA,CAFs,CAFs MSC iCAF-like,CID4530N
CID4530N_CATGGCGCAATACGCT,CAFs,CAFs MSC iCAF-like,CID4530N
CID4530N_GTGTGCGCAAAGCGGT,CAFs,CAFs MSC iCAF-like,CID4530N
CID4530N_TAAGAGAAGGTTCCTA,CAFs,CAFs MSC iCAF-like,CID4530N
CID4530N_TACTTACCAGTAAGCG,CAFs,CAFs MSC iCAF-like,CID4530N
CID4530N_AACCGCGGTGTAACGG,CAFs,CAFs MSC iCAF-like,CID4530N
CID4530N_ATCACGATCTCGTTTA,CAFs,CAFs MSC iCAF-like,CID4530N
CID4530N_CCTCAGTTCAACACCA,CAFs,CAFs MSC iCAF-like,CID4530N
CID4530N_CTCTAATCATCATCCC,CAFs,CAFs MSC iCAF-like,CID4530N
CID4530N_CTGAAGTTCGGCTTGG,CAFs,CAFs MSC iCAF-like,CID4530N
CID4530N_GACGTGCTCGCACTCT,CAFs,CAFs MSC iCAF-like,CID4530N
CID4530N_GACTGCGCAAGGTTTC,CAFs,CAFs MSC iCAF-like,CID4530N
CID4530N_GCTGGGTCAACGATGG,CAFs,CAFs MSC iCAF-like,CID4530N
CID4530N_TGTATTCTCGCCAGCA,CAFs,CAFs MSC iCAF-like,CID4530N
CID4530N_CCCAATCTCTGCAAGT,CAFs,CAFs MSC iCAF-like,CID4530N
CID4530N_CTACATTAGGCTAGGT,CAFs,CAFs MSC iCAF-like,CID4530N
CID4530N_CTCTACGTCTTGAGAC,CAFs,CAFs MSC iCAF-like,CID4530N
CID4530N_AGATTGCCAGGCGATA,CAFs,CAFs MSC iCAF-like,CID4530N
CID4530N_ACGGGCTCATACAGCT,CAFs,CAFs myCAF-like,CID4530N
CID4530N_GACGGCTAGGCATTGG,CAFs,CAFs myCAF-like,CID4530N
CID4530N_ATAGACCCAAGTAATG,CAFs,CAFs myCAF-like,CID4530N
CID4530N_GACCAATGTATATGGA,CAFs,CAFs myCAF-like,CID4530N
CID4530N_GACGGCTCACCAGTTA,CAFs,CAFs myCAF-like,CID4530N
CID4530N_CTCCTAGGTACGCACC,CAFs,CAFs myCAF-like,CID4530N
CID4530N_AAAGTAGGTGCACCAC,CAFs,CAFs myCAF-like,CID4530N
CID4530N_AACCATGGTGTGCGTC,CAFs,CAFs myCAF-like,CID4530N
CID4530N_AACTTTCGTATTCTCT,CAFs,CAFs myCAF-like,CID4530N
CID4530N_ACGAGGATCCGAGCCA,CAFs,CAFs myCAF-like,CID4530N
CID4530N_ACTGAGTTCTGATTCT,CAFs,CAFs myCAF-like,CID4530N
CID4530N_CATCAGAGTACTCAAC,CAFs,CAFs myCAF-like,CID4530N
CID4530N_CGACCTTCAGCTGCAC,CAFs,CAFs myCAF-like,CID4530N
CID4530N_CGAGCACTCGCAAACT,CAFs,CAFs myCAF-like,CID4530N
CID4530N_CTCGGAGCATCCGCGA,CAFs,CAFs myCAF-like,CID4530N
CID4530N_GATCAGTAGGTGTTAA,CAFs,CAFs myCAF-like,CID4530N
CID4530N_GGCCGATAGTTACCCA,CAFs,CAFs myCAF-like,CID4530N
CID4530N_GGTGTTAAGAGTACAT,CAFs,CAFs myCAF-like,CID4530N
CID4530N_GTCTTCGCATCAGTAC,CAFs,CAFs myCAF-like,CID4530N
CID4530N_GTTCTCGGTCGCATCG,CAFs,CAFs myCAF-like,CID4530N
CID4530N_TCTGGAATCAACGAAA,CAFs,CAFs myCAF-like,CID4530N
CID4530N_TGCGTGGTCGTGGACC,CAFs,CAFs myCAF-like,CID4530N
CID4530N_TGGCTGGTCGGTTCGG,CAFs,CAFs myCAF-like,CID4530N
CID4530N_TTAGTTCAGATCACGG,CAFs,CAFs myCAF-like,CID4530N
CID4530N_AGGCCACCATCACCCT,CAFs,CAFs myCAF-like,CID4530N
CID4530N_AAAGATGCAGGTGCCT,PVL,PVL Differentiated,CID4530N
CID4530N_AACCGCGCAAGTACCT,PVL,PVL Differentiated,CID4530N
CID4530N_ACGTCAACAAGAGTCG,PVL,PVL Differentiated,CID4530N
CID4530N_AGGTCCGTCATCTGTT,PVL,PVL Differentiated,CID4530N
CID4530N_AGTGGGATCGTCTGCT,PVL,PVL Differentiated,CID4530N
CID4530N_CACTCCACACCCATTC,PVL,PVL Differentiated,CID4530N
CID4530N_CAGTAACAGCTTCGCG,PVL,PVL Differentiated,CID4530N
CID4530N_CATTCGCTCACGCGGT,PVL,PVL Differentiated,CID4530N
CID4530N_CCAGCGAGTCTAGGTT,PVL,PVL Differentiated,CID4530N
CID4530N_CCGGTAGGTTCACGGC,PVL,PVL Differentiated,CID4530N
CID4530N_CGCGGTACATCAGTAC,PVL,PVL Differentiated,CID4530N
CID4530N_CGCTGGATCATATCGG,PVL,PVL Differentiated,CID4530N
CID4530N_CGTGTAACACTGTGTA,PVL,PVL Differentiated,CID4530N
CID4530N_CTCGAGGCAGTCACTA,PVL,PVL Differentiated,CID4530N
CID4530N_CTCGTACCAGGACCCT,PVL,PVL Differentiated,CID4530N
CID4530N_CTGCTGTCAGCCTGTG,PVL,PVL Differentiated,CID4530N
CID4530N_CTTTGCGTCTCCCTGA,PVL,PVL Differentiated,CID4530N
CID4530N_GAATAAGTCTGGGCCA,PVL,PVL Differentiated,CID4530N
CID4530N_GATCGCGGTGTGACGA,PVL,PVL Differentiated,CID4530N
CID4530N_GCGCCAATCACTATTC,PVL,PVL Differentiated,CID4530N
CID4530N_GGGCACTTCTCTTATG,PVL,PVL Differentiated,CID4530N
CID4530N_GTGTTAGTCTCTGCTG,PVL,PVL Differentiated,CID4530N
CID4530N_GTTACAGTCGCTGATA,PVL,PVL Differentiated,CID4530N
CID4530N_GTTTCTAGTTTGCATG,PVL,PVL Differentiated,CID4530N
CID4530N_TACCTATTCTCGTATT,PVL,PVL Differentiated,CID4530N
CID4530N_TACGGATGTCGGGTCT,PVL,PVL Differentiated,CID4530N
CID4530N_TAGAGCTTCTGGCGTG,PVL,PVL Differentiated,CID4530N
CID4530N_TCAACGAAGCGCTCCA,PVL,PVL Differentiated,CID4530N
CID4530N_TCAATCTGTAGCGCTC,PVL,PVL Differentiated,CID4530N
CID4530N_TCGGTAAGTCAATGTC,PVL,PVL Differentiated,CID4530N
CID4530N_TCGTAGACACGTGAGA,PVL,PVL Differentiated,CID4530N
CID4530N_TCGTAGAGTCGTCTTC,PVL,PVL Differentiated,CID4530N
CID4530N_TGATTTCAGTCCATAC,PVL,PVL Differentiated,CID4530N
CID4530N_TGCTACCGTTGCTCCT,PVL,PVL Differentiated,CID4530N
CID4530N_TGCTACCTCTCTTATG,PVL,PVL Differentiated,CID4530N
CID4530N_TGGACGCGTCTCATCC,PVL,PVL Differentiated,CID4530N
CID4530N_TTATGCTTCAGCACAT,PVL,PVL Differentiated,CID4530N
CID4530N_TTGAACGTCATTCACT,PVL,PVL Differentiated,CID4530N
CID4530N_TTTCCTCAGATCGATA,PVL,PVL Differentiated,CID4530N
CID4530N_GTCACAACACGGCTAC,PVL,PVL Differentiated,CID4530N
CID4530N_ATGGGAGGTCAATACC,PVL,PVL Immature,CID4530N
CID4530N_CAAGAAAAGACTAGAT,PVL,PVL Immature,CID4530N
CID4530N_CCACGGACATTAACCG,PVL,PVL Immature,CID4530N
CID4530N_GCAGTTAGTCGAACAG,PVL,PVL Immature,CID4530N
CID4530N_CTACGTCCAGATAATG,PVL,PVL Immature,CID4530N
CID4530N_TAGGCATCACCGATAT,PVL,PVL Immature,CID4530N
CID4530N_ACAGCTATCATCGATG,PVL,PVL Immature,CID4530N
CID4530N_ATCCGAACAGTACACT,PVL,PVL Immature,CID4530N
CID4530N_CTAGTGAAGGCATGTG,PVL,PVL Immature,CID4530N
CID4530N_GCTTCCACAGTTCCCT,PVL,PVL Immature,CID4530N
CID4530N_TGGTTCCGTCTAGTCA,PVL,PVL Immature,CID4530N
CID4530N_TTCGAAGCAGACAAAT,PVL,PVL Immature,CID4530N
CID4530N_TAGACCAGTGTTGGGA,PVL,PVL Immature,CID4530N
CID4530N_AAGGCAGAGACTGGGT,Plasmablasts,Plasmablasts,CID4530N
CID4530N_GGCTCGAGTGTCAATC,Plasmablasts,Plasmablasts,CID4530N
CID4530N_GTTCGGGTCGCCATAA,Plasmablasts,Plasmablasts,CID4530N
CID4530N_CGATGTACATTCACTT,Plasmablasts,Plasmablasts,CID4530N
CID4530N_TTGGAACTCGTCCAGG,Plasmablasts,Plasmablasts,CID4530N
CID4530N_CTTAACTTCTGCGGCA,Plasmablasts,Plasmablasts,CID4530N
CID4530N_ACCCACTCATGTCGAT,Plasmablasts,Plasmablasts,CID4530N
CID4530N_TTCCCAGCACATGGGA,Plasmablasts,Plasmablasts,CID4530N
CID4530N_AAGGCAGAGCTCAACT,Plasmablasts,Plasmablasts,CID4530N
CID4530N_ACGCCAGCATGGTAGG,Plasmablasts,Plasmablasts,CID4530N
CID4530N_AGTCTTTTCAGATAAG,Plasmablasts,Plasmablasts,CID4530N
CID4530N_TCATTACCACCAGGTC,Plasmablasts,Plasmablasts,CID4530N
CID4530N_AAACGGGGTCCTAGCG,Plasmablasts,Plasmablasts,CID4530N
CID4530N_CATGCCTTCGGCGGTT,Plasmablasts,Plasmablasts,CID4530N
CID4530N_TGACTTTGTCTCCACT,Plasmablasts,Plasmablasts,CID4530N
CID4530N_AGGTCCGTCAACTCTT,Plasmablasts,Plasmablasts,CID4530N
CID4530N_CGATTGACAACAACCT,Plasmablasts,Plasmablasts,CID4530N
CID4530N_GATGAGGGTGGTTTCA,Plasmablasts,Plasmablasts,CID4530N
CID4530N_TCTATTGAGGACAGCT,Plasmablasts,Plasmablasts,CID4530N
CID4530N_TGATTTCGTACTCGCG,Plasmablasts,Plasmablasts,CID4530N
CID4530N_TGCGTGGCATTAGGCT,Plasmablasts,Plasmablasts,CID4530N
CID4530N_TGGGAAGGTACCGTAT,Plasmablasts,Plasmablasts,CID4530N
CID4530N_AGCATACGTTGACGTT,Plasmablasts,Plasmablasts,CID4530N
CID4530N_ATGGGAGCAAAGAATC,Plasmablasts,Plasmablasts,CID4530N
CID4530N_TGTGTTTAGGCACATG,Plasmablasts,Plasmablasts,CID4530N
CID4530N_CGCCAAGAGCCTTGAT,Plasmablasts,Plasmablasts,CID4530N
CID4530N_AGATCTGAGACAAAGG,Plasmablasts,Plasmablasts,CID4530N
CID4530N_GCGCAGTGTGCACCAC,Plasmablasts,Plasmablasts,CID4530N
CID4530N_AACTCTTCAGCCTTTC,Plasmablasts,Plasmablasts,CID4530N
CID4530N_ACATACGGTGGTCTCG,Plasmablasts,Plasmablasts,CID4530N
CID4530N_CTAGTGAAGGTGTTAA,Plasmablasts,Plasmablasts,CID4530N
CID4530N_AGGGATGCAATAACGA,Plasmablasts,Plasmablasts,CID4530N
CID4530N_GCATACATCTGTGCAA,Plasmablasts,Plasmablasts,CID4530N
CID4530N_GAAACTCTCCTGTAGA,Plasmablasts,Plasmablasts,CID4530N
CID4530N_GTTCTCGCAGATAATG,Plasmablasts,Plasmablasts,CID4530N
CID4530N_GTGGGTCGTGCACCAC,Plasmablasts,Plasmablasts,CID4530N
CID4530N_CGCCAAGGTACTCGCG,Plasmablasts,Plasmablasts,CID4530N
CID4530N_TGGTTAGGTACGCACC,Plasmablasts,Plasmablasts,CID4530N
CID4530N_GGACGTCTCCGCATCT,T-cells,T cells CD8+,CID4530N
CID4530N_CTACACCGTTCCGTCT,T-cells,T cells CD8+,CID4530N
CID4530N_TTGTAGGGTGCCTGGT,T-cells,T cells CD8+,CID4530N
CID4530N_AACCGCGGTGGTAACG,T-cells,T cells CD4+,CID4530N
CID4530N_CTTAGGATCCCACTTG,T-cells,T cells CD4+,CID4530N
CID4530N_AAGGAGCGTCTACCTC,Myeloid,Macrophage,CID4530N
CID4530N_ATGTGTGAGGACAGCT,Myeloid,Macrophage,CID4530N
CID4530N_AGCTCTCTCAGCAACT,Myeloid,Macrophage,CID4530N
CID4530N_CAGCGACCAGACGCTC,Myeloid,Macrophage,CID4530N
CID4530N_TCTATTGGTGGAAAGA,Myeloid,Macrophage,CID4530N
CID4530N_CCATGTCTCAGTTGAC,Myeloid,Macrophage,CID4530N
CID4530N_AATCCAGAGGGATCTG,Myeloid,Macrophage,CID4530N
CID4530N_AGATCTGGTAACGCGA,Myeloid,Monocyte,CID4530N
CID4530N_GACCTGGCAAGAAGAG,Myeloid,Monocyte,CID4530N
CID4530N_TAGCCGGCATCCGGGT,Myeloid,Monocyte,CID4530N
CID4530N_GATCAGTCAAGCTGAG,Myeloid,Monocyte,CID4530N
CID4530N_AACTCAGAGCAACGGT,Myeloid,DCs,CID4530N
CID4530N_AAAGCAAAGTGGTCCC,Cancer Epithelial,Cancer LumB SC,CID4530N
CID4530N_AAGGCAGGTTCGGGCT,Cancer Epithelial,Cancer LumB SC,CID4530N
CID4530N_ACCTTTAAGCCACGCT,Cancer Epithelial,Cancer LumB SC,CID4530N
CID4530N_ACCTTTAGTATTCGTG,Cancer Epithelial,Cancer LumB SC,CID4530N
CID4530N_ACGATGTCATAGGATA,Cancer Epithelial,Cancer LumB SC,CID4530N
CID4530N_ACTTGTTCATGCCTTC,Cancer Epithelial,Cancer LumB SC,CID4530N
CID4530N_AGACGTTAGTCAAGCG,Cancer Epithelial,Cancer LumB SC,CID4530N
CID4530N_AGGGATGTCAGTGCAT,Cancer Epithelial,Cancer LumB SC,CID4530N
CID4530N_ATTATCCAGGAGTTTA,Cancer Epithelial,Cancer LumB SC,CID4530N
CID4530N_CACACTCGTTCCAACA,Cancer Epithelial,Cancer LumB SC,CID4530N
CID4530N_CAGCTGGGTAAGAGAG,Cancer Epithelial,Cancer LumB SC,CID4530N
CID4530N_CATATTCGTCTAGTCA,Cancer Epithelial,Cancer LumB SC,CID4530N
CID4530N_CCTTACGCAGTCCTTC,Cancer Epithelial,Cancer LumB SC,CID4530N
CID4530N_CTAGAGTCATTCCTCG,Cancer Epithelial,Cancer LumB SC,CID4530N
CID4530N_CTAGAGTTCTTGCAAG,Cancer Epithelial,Cancer LumB SC,CID4530N
CID4530N_CTGCTGTCATCACCCT,Cancer Epithelial,Cancer LumB SC,CID4530N
CID4530N_CTGCTGTCATTTCAGG,Cancer Epithelial,Cancer LumB SC,CID4530N
CID4530N_GACACGCGTTGCTCCT,Cancer Epithelial,Cancer LumB SC,CID4530N
CID4530N_GACGCGTGTAAAGGAG,Cancer Epithelial,Cancer LumB SC,CID4530N
CID4530N_GCAATCAAGACTTTCG,Cancer Epithelial,Cancer LumB SC,CID4530N
CID4530N_GCACTCTAGTGAATTG,Cancer Epithelial,Cancer LumB SC,CID4530N
CID4530N_GCCTCTAAGCTGCCCA,Cancer Epithelial,Cancer LumB SC,CID4530N
CID4530N_GCTCCTAAGCTAGTCT,Cancer Epithelial,Cancer LumB SC,CID4530N
CID4530N_GGCTCGAAGTTGTAGA,Cancer Epithelial,Cancer LumB SC,CID4530N
CID4530N_GGTATTGCATCGATGT,Cancer Epithelial,Cancer LumB SC,CID4530N
CID4530N_GTGGGTCAGGAGTTGC,Cancer Epithelial,Cancer LumB SC,CID4530N
CID4530N_TAAGTGCCAGCAGTTT,Cancer Epithelial,Cancer LumB SC,CID4530N
CID4530N_TGAGCCGTCCACTCCA,Cancer Epithelial,Cancer LumB SC,CID4530N
CID4530N_TTAGGACGTTGATTGC,Cancer Epithelial,Cancer LumB SC,CID4530N
CID4530N_TTTGTCAGTCGCCATG,Cancer Epithelial,Cancer LumB SC,CID4530N
CID4530N_GCGCAGTGTGTTGAGG,Cancer Epithelial,Cancer Cycling,CID4530N
CID4530N_CGATTGACAGTTCCCT,Cancer Epithelial,Cancer Cycling,CID4530N
CID4530N_AAAGCAAAGGCGTACA,Cancer Epithelial,Cancer Basal SC,CID4530N
CID4530N_CAACTAGCATGTCTCC,Cancer Epithelial,Cancer Basal SC,CID4530N
CID4530N_CCACGGATCATTTGGG,Cancer Epithelial,Cancer Basal SC,CID4530N
CID4530N_CGAATGTTCTGTACGA,Cancer Epithelial,Cancer Basal SC,CID4530N
CID4530N_CGCGGTAGTCGAATCT,Cancer Epithelial,Cancer Basal SC,CID4530N
CID4530N_GTCGTAACACGTCAGC,Cancer Epithelial,Cancer Basal SC,CID4530N
CID4530N_TACAGTGCACGGATAG,Cancer Epithelial,Cancer Basal SC,CID4530N
CID4530N_AAACCTGGTGGCGAAT,Cancer Epithelial,Cancer LumA SC,CID4530N
CID4530N_AAAGTAGTCTTAGAGC,Cancer Epithelial,Cancer LumA SC,CID4530N
CID4530N_AAGGTTCAGGCTCTTA,Cancer Epithelial,Cancer LumA SC,CID4530N
CID4530N_ACACCGGAGAACAATC,Cancer Epithelial,Cancer LumA SC,CID4530N
CID4530N_ACAGCTATCGCGGATC,Cancer Epithelial,Cancer LumA SC,CID4530N
CID4530N_ACCAGTAGTGTTGGGA,Cancer Epithelial,Cancer LumA SC,CID4530N
CID4530N_ACGATACGTATTCTCT,Cancer Epithelial,Cancer LumA SC,CID4530N
CID4530N_ACGATGTAGTGTACGG,Cancer Epithelial,Cancer LumA SC,CID4530N
CID4530N_AGACGTTGTGAGGCTA,Cancer Epithelial,Cancer LumA SC,CID4530N
CID4530N_AGCGTCGCAGATGGGT,Cancer Epithelial,Cancer LumA SC,CID4530N
CID4530N_AGTCTTTGTTCAGTAC,Cancer Epithelial,Cancer LumA SC,CID4530N
CID4530N_ATCATCTGTTCCGTCT,Cancer Epithelial,Cancer LumA SC,CID4530N
CID4530N_ATCGAGTGTAGCTAAA,Cancer Epithelial,Cancer LumA SC,CID4530N
CID4530N_CAAGTTGAGCGAAGGG,Cancer Epithelial,Cancer LumA SC,CID4530N
CID4530N_CACCTTGTCTGGAGCC,Cancer Epithelial,Cancer LumA SC,CID4530N
CID4530N_CAGAATCCATCTATGG,Cancer Epithelial,Cancer LumA SC,CID4530N
CID4530N_CAGATCAAGACATAAC,Cancer Epithelial,Cancer LumA SC,CID4530N
CID4530N_CAGTAACCACCTTGTC,Cancer Epithelial,Cancer LumA SC,CID4530N
CID4530N_CCATTCGGTCTTGCGG,Cancer Epithelial,Cancer LumA SC,CID4530N
CID4530N_CCCAATCAGAGCCCAA,Cancer Epithelial,Cancer LumA SC,CID4530N
CID4530N_CCCTCCTAGTTGTAGA,Cancer Epithelial,Cancer LumA SC,CID4530N
CID4530N_CCGTACTCATATGGTC,Cancer Epithelial,Cancer LumA SC,CID4530N
CID4530N_CCGTGGAGTCTCATCC,Cancer Epithelial,Cancer LumA SC,CID4530N
CID4530N_CCGTGGATCGAATGGG,Cancer Epithelial,Cancer LumA SC,CID4530N
CID4530N_CGATCGGGTGAGTGAC,Cancer Epithelial,Cancer LumA SC,CID4530N
CID4530N_CGATGGCTCAAAGACA,Cancer Epithelial,Cancer LumA SC,CID4530N
CID4530N_CTAACTTTCCCTGACT,Cancer Epithelial,Cancer LumA SC,CID4530N
CID4530N_CTGAAACAGTTGAGTA,Cancer Epithelial,Cancer LumA SC,CID4530N
CID4530N_CTGAAACGTAAAGGAG,Cancer Epithelial,Cancer LumA SC,CID4530N
CID4530N_GAACGGAGTTCGGGCT,Cancer Epithelial,Cancer LumA SC,CID4530N
CID4530N_GACAGAGGTAGGGACT,Cancer Epithelial,Cancer LumA SC,CID4530N
CID4530N_GACTAACCATGCCCGA,Cancer Epithelial,Cancer LumA SC,CID4530N
CID4530N_GAGTCCGAGTGGAGTC,Cancer Epithelial,Cancer LumA SC,CID4530N
CID4530N_GATCAGTAGGTCATCT,Cancer Epithelial,Cancer LumA SC,CID4530N
CID4530N_GATTCAGCATAACCTG,Cancer Epithelial,Cancer LumA SC,CID4530N
CID4530N_GCACATAAGTACGTTC,Cancer Epithelial,Cancer LumA SC,CID4530N
CID4530N_GCACATACACGGTAAG,Cancer Epithelial,Cancer LumA SC,CID4530N
CID4530N_GCAGTTATCAAGCCTA,Cancer Epithelial,Cancer LumA SC,CID4530N
CID4530N_GCCAAATAGACGCACA,Cancer Epithelial,Cancer LumA SC,CID4530N
CID4530N_GCCAAATTCCCTGACT,Cancer Epithelial,Cancer LumA SC,CID4530N
CID4530N_GCGAGAACACGAAATA,Cancer Epithelial,Cancer LumA SC,CID4530N
CID4530N_GCGGGTTGTTTAAGCC,Cancer Epithelial,Cancer LumA SC,CID4530N
CID4530N_GCTGCGAAGAGTCTGG,Cancer Epithelial,Cancer LumA SC,CID4530N
CID4530N_GCTTCCATCCGTTGTC,Cancer Epithelial,Cancer LumA SC,CID4530N
CID4530N_GGATGTTCAAAGGTGC,Cancer Epithelial,Cancer LumA SC,CID4530N
CID4530N_GGCGTGTCAAATCCGT,Cancer Epithelial,Cancer LumA SC,CID4530N
CID4530N_GGCTGGTTCATCGATG,Cancer Epithelial,Cancer LumA SC,CID4530N
CID4530N_GGGAATGCATGTAAGA,Cancer Epithelial,Cancer LumA SC,CID4530N
CID4530N_GGGCATCAGGTGCTTT,Cancer Epithelial,Cancer LumA SC,CID4530N
CID4530N_GGGCATCTCTTATCTG,Cancer Epithelial,Cancer LumA SC,CID4530N
CID4530N_GGTATTGCAAAGTGCG,Cancer Epithelial,Cancer LumA SC,CID4530N
CID4530N_GTACTCCTCGCCAAAT,Cancer Epithelial,Cancer LumA SC,CID4530N
CID4530N_GTAGGCCGTCCATCCT,Cancer Epithelial,Cancer LumA SC,CID4530N
CID4530N_GTGCAGCCACCAGGCT,Cancer Epithelial,Cancer LumA SC,CID4530N
CID4530N_GTGCTTCAGTGAACAT,Cancer Epithelial,Cancer LumA SC,CID4530N
CID4530N_TACAGTGTCTGTCCGT,Cancer Epithelial,Cancer LumA SC,CID4530N
CID4530N_TCGGGACGTGTTGAGG,Cancer Epithelial,Cancer LumA SC,CID4530N
CID4530N_TGCCCATGTACCATCA,Cancer Epithelial,Cancer LumA SC,CID4530N
CID4530N_TGCGTGGCAATCCAAC,Cancer Epithelial,Cancer LumA SC,CID4530N
CID4530N_TGGCTGGGTAAGGGAA,Cancer Epithelial,Cancer LumA SC,CID4530N
CID4530N_TGGGCGTTCTTGCATT,Cancer Epithelial,Cancer LumA SC,CID4530N
CID4530N_TGTCCCATCAGATAAG,Cancer Epithelial,Cancer LumA SC,CID4530N
CID4530N_TTAGTTCAGGATGGAA,Cancer Epithelial,Cancer LumA SC,CID4530N
CID4530N_TTCGGTCAGCCTATGT,Cancer Epithelial,Cancer LumA SC,CID4530N
CID4530N_TTCTACAAGGTCGGAT,Cancer Epithelial,Cancer LumA SC,CID4530N
CID4530N_TTTACTGAGATCCCAT,Cancer Epithelial,Cancer LumA SC,CID4530N
CID4530N_GACGCGTAGAACTGTA,Cancer Epithelial,Cancer Her2 SC,CID4530N
CID4530N_CATCCACAGAACTGTA,Normal Epithelial,Myoepithelial,CID4530N
CID4530N_CCAGCGATCCGAACGC,Normal Epithelial,Myoepithelial,CID4530N
CID4530N_CGTGAGCAGCTAGGCA,Normal Epithelial,Myoepithelial,CID4530N
CID4530N_GTAGGCCTCCGTACAA,Normal Epithelial,Myoepithelial,CID4530N
CID4530N_GTTAAGCAGTTGAGTA,Normal Epithelial,Myoepithelial,CID4530N
CID4530N_GTTAAGCGTCGAGTTT,Normal Epithelial,Myoepithelial,CID4530N
CID4530N_AATCCAGAGCCTCGTG,Normal Epithelial,Luminal Progenitors,CID4530N
CID4530N_ACACCCTAGCATCATC,Normal Epithelial,Luminal Progenitors,CID4530N
CID4530N_ACACCCTCAGTGAGTG,Normal Epithelial,Luminal Progenitors,CID4530N
CID4530N_ACTGCTCAGCGACGTA,Normal Epithelial,Luminal Progenitors,CID4530N
CID4530N_AGAGCTTGTCAAAGAT,Normal Epithelial,Luminal Progenitors,CID4530N
CID4530N_AGCGTATAGGTGCAAC,Normal Epithelial,Luminal Progenitors,CID4530N
CID4530N_ATCTACTCATTACCTT,Normal Epithelial,Luminal Progenitors,CID4530N
CID4530N_ATTATCCCACCAGCAC,Normal Epithelial,Luminal Progenitors,CID4530N
CID4530N_ATTGGTGTCAACTCTT,Normal Epithelial,Luminal Progenitors,CID4530N
CID4530N_CACTCCAGTGAGCGAT,Normal Epithelial,Luminal Progenitors,CID4530N
CID4530N_CCTTTCTAGTCCATAC,Normal Epithelial,Luminal Progenitors,CID4530N
CID4530N_CGCGTTTGTGTGCGTC,Normal Epithelial,Luminal Progenitors,CID4530N
CID4530N_CGGACTGGTGTTTGGT,Normal Epithelial,Luminal Progenitors,CID4530N
CID4530N_CGTAGCGTCGTACGGC,Normal Epithelial,Luminal Progenitors,CID4530N
CID4530N_CTAGTGACAACACCTA,Normal Epithelial,Luminal Progenitors,CID4530N
CID4530N_CTCTGGTTCTATCCCG,Normal Epithelial,Luminal Progenitors,CID4530N
CID4530N_GACGTGCAGTATTGGA,Normal Epithelial,Luminal Progenitors,CID4530N
CID4530N_GCACTCTTCGATAGAA,Normal Epithelial,Luminal Progenitors,CID4530N
CID4530N_GCATGCGCAATCCAAC,Normal Epithelial,Luminal Progenitors,CID4530N
CID4530N_GCGCGATCAAGTTGTC,Normal Epithelial,Luminal Progenitors,CID4530N
CID4530N_GCTCTGTCAGCATGAG,Normal Epithelial,Luminal Progenitors,CID4530N
CID4530N_GGAACTTGTGAAATCA,Normal Epithelial,Luminal Progenitors,CID4530N
CID4530N_GTACGTATCAGTGCAT,Normal Epithelial,Luminal Progenitors,CID4530N
CID4530N_GTAGTCACAAGTACCT,Normal Epithelial,Luminal Progenitors,CID4530N
CID4530N_GTGAAGGGTAACGCGA,Normal Epithelial,Luminal Progenitors,CID4530N
CID4530N_TGGTTAGGTTCGAATC,Normal Epithelial,Luminal Progenitors,CID4530N
CID4530N_TTAGGACTCGCATGAT,Normal Epithelial,Luminal Progenitors,CID4530N
CID4530N_ACCGTAAGTCGACTAT,Normal Epithelial,Mature Luminal,CID4530N
CID4530N_AGATTGCCACAGACAG,Normal Epithelial,Mature Luminal,CID4530N
CID4530N_AGTCTTTCATCGACGC,Normal Epithelial,Mature Luminal,CID4530N
CID4530N_ATCACGAGTTGGTAAA,Normal Epithelial,Mature Luminal,CID4530N
CID4530N_ATCACGATCACTCCTG,Normal Epithelial,Mature Luminal,CID4530N
CID4530N_CAGATCAGTTAAGATG,Normal Epithelial,Mature Luminal,CID4530N
CID4530N_CAGCTAAAGACACGAC,Normal Epithelial,Mature Luminal,CID4530N
CID4530N_CAGTCCTCATCCCACT,Normal Epithelial,Mature Luminal,CID4530N
CID4530N_CATATTCGTCTGCAAT,Normal Epithelial,Mature Luminal,CID4530N
CID4530N_CGACTTCTCAGGTAAA,Normal Epithelial,Mature Luminal,CID4530N
CID4530N_CGGCTAGGTGATAAGT,Normal Epithelial,Mature Luminal,CID4530N
CID4530N_CGTAGCGCAAAGGCGT,Normal Epithelial,Mature Luminal,CID4530N
CID4530N_CTGGTCTAGATGCCTT,Normal Epithelial,Mature Luminal,CID4530N
CID4530N_GACTACATCGTCCAGG,Normal Epithelial,Mature Luminal,CID4530N
CID4530N_GCATACATCATCGGAT,Normal Epithelial,Mature Luminal,CID4530N
CID4530N_GGACGTCTCTTCATGT,Normal Epithelial,Mature Luminal,CID4530N
CID4530N_GGCAATTGTCGGATCC,Normal Epithelial,Mature Luminal,CID4530N
CID4530N_GGGTTGCGTTGTACAC,Normal Epithelial,Mature Luminal,CID4530N
CID4530N_TAAGTGCGTTCTGAAC,Normal Epithelial,Mature Luminal,CID4530N
CID4530N_TCAGGTAGTGAGCGAT,Normal Epithelial,Mature Luminal,CID4530N
CID4530N_TCGGGACCATCACGTA,Normal Epithelial,Mature Luminal,CID4530N
CID4530N_TGAGCCGTCAGTTGAC,Normal Epithelial,Mature Luminal,CID4530N
CID4530N_TGCACCTAGTACCGGA,Normal Epithelial,Mature Luminal,CID4530N
CID4530N_TGCGGGTCATGTCGAT,Normal Epithelial,Mature Luminal,CID4530N
CID4530N_TGCGTGGGTAAGGGAA,Normal Epithelial,Mature Luminal,CID4530N
CID4530N_TTAGTTCAGCTGCCCA,Normal Epithelial,Mature Luminal,CID4530N
CID4530N_TTGCCGTCAGCTTCGG,Normal Epithelial,Mature Luminal,CID4530N
CID4530N_TTTCCTCGTCGGATCC,Normal Epithelial,Mature Luminal,CID4530N
CID3948_CAGCTAAAGAGTTGGC,Endothelial,Endothelial ACKR1,CID3948
CID3948_CGACCTTTCCTCAACC,Endothelial,Endothelial ACKR1,CID3948
CID3948_GCAAACTAGCGAAGGG,Endothelial,Endothelial ACKR1,CID3948
CID3948_CGTGAGCGTATATGAG,Endothelial,Endothelial RGS5,CID3948
CID3948_TATGCCCCAGGATCGA,CAFs,CAFs MSC iCAF-like,CID3948
CID3948_AACGTTGAGCGACGTA,CAFs,CAFs myCAF-like,CID3948
CID3948_GCTGCTTAGAGCCCAA,CAFs,CAFs myCAF-like,CID3948
CID3948_AAGCCGCCATTCGACA,PVL,PVL Differentiated,CID3948
CID3948_AGCTCTCTCTATCCCG,PVL,PVL Differentiated,CID3948
CID3948_AGCTTGATCGTTGACA,PVL,PVL Differentiated,CID3948
CID3948_CAAGTTGCATCTGGTA,PVL,PVL Differentiated,CID3948
CID3948_CTACGTCTCTCTGAGA,PVL,PVL Differentiated,CID3948
CID3948_TTCTTAGGTGATGTCT,PVL,PVL Differentiated,CID3948
CID3948_ACTGAACAGTGTACGG,PVL,PVL Immature,CID3948
CID3948_TGCCCTATCGCGCCAA,PVL,PVL Immature,CID3948
CID3948_AAGGAGCTCACTCCTG,PVL,PVL Immature,CID3948
CID3948_CAGTCCTGTAGGGTAC,B-cells,B cells Memory,CID3948
CID3948_CGACCTTCAGTATCTG,B-cells,B cells Memory,CID3948
CID3948_GCGCGATAGACAAAGG,B-cells,B cells Memory,CID3948
CID3948_GGACAAGCAATCTGCA,B-cells,B cells Memory,CID3948
CID3948_GTCACAACAGGACCCT,B-cells,B cells Memory,CID3948
CID3948_TAAGAGAAGAAACGCC,B-cells,B cells Memory,CID3948
CID3948_TGGTTAGTCGTACCGG,B-cells,B cells Memory,CID3948
CID3948_AACGTTGAGCTGCAAG,B-cells,B cells Memory,CID3948
CID3948_AGCTTGAAGTGATCGG,B-cells,B cells Memory,CID3948
CID3948_CAGCTAAGTCCAGTAT,B-cells,B cells Memory,CID3948
CID3948_CCTTACGCAGTAAGCG,B-cells,B cells Memory,CID3948
CID3948_GGGAGATCACTTAAGC,B-cells,B cells Memory,CID3948
CID3948_GTGCATAAGACTAGAT,B-cells,B cells Memory,CID3948
CID3948_TGACGGCTCAACACGT,B-cells,B cells Memory,CID3948
CID3948_AGAATAGTCGGATGGA,B-cells,B cells Memory,CID3948
CID3948_AGTGAGGAGCGCCTCA,B-cells,B cells Memory,CID3948
CID3948_CAGAATCCAAGGACAC,B-cells,B cells Memory,CID3948
CID3948_CATGGCGCAGAGTGTG,B-cells,B cells Memory,CID3948
CID3948_CGATCGGTCTCCAGGG,B-cells,B cells Memory,CID3948
CID3948_CGATGGCCACGCGAAA,B-cells,B cells Memory,CID3948
CID3948_CGTCAGGGTGCACTTA,B-cells,B cells Memory,CID3948
CID3948_CTAGTGAGTGATGTGG,B-cells,B cells Memory,CID3948
CID3948_GCTTGAAAGCCGATTT,B-cells,B cells Memory,CID3948
CID3948_GGCTCGAAGGAGTTTA,B-cells,B cells Memory,CID3948
CID3948_GTAACGTAGAATAGGG,B-cells,B cells Memory,CID3948
CID3948_GTGCGGTTCGCGATCG,B-cells,B cells Memory,CID3948
CID3948_GTGCTTCCAAGACGTG,B-cells,B cells Memory,CID3948
CID3948_TAGGCATCACGTCAGC,B-cells,B cells Memory,CID3948
CID3948_TCAGGTATCCCAAGAT,B-cells,B cells Memory,CID3948
CID3948_TTCTTAGGTGCTCTTC,B-cells,B cells Memory,CID3948
CID3948_CTTAGGAAGCTAACAA,B-cells,B cells Memory,CID3948
CID3948_GCAAACTGTCTAAACC,B-cells,B cells Memory,CID3948
CID3948_GCATGCGTCTGCTTGC,B-cells,B cells Memory,CID3948
CID3948_ACGATACAGGTGCACA,B-cells,B cells Memory,CID3948
CID3948_CACACAATCCACGCAG,B-cells,B cells Memory,CID3948
CID3948_TAGTTGGGTTCTCATT,B-cells,B cells Memory,CID3948
CID3948_AACTCTTTCTGCGGCA,Plasmablasts,Plasmablasts,CID3948
CID3948_GAACGGATCTGGCGAC,Plasmablasts,Plasmablasts,CID3948
CID3948_GACTGCGGTCTCATCC,Plasmablasts,Plasmablasts,CID3948
CID3948_GCGGGTTTCTCAACTT,Plasmablasts,Plasmablasts,CID3948
CID3948_GGGAGATAGCTAGGCA,Plasmablasts,Plasmablasts,CID3948
CID3948_GTATCTTGTAATTGGA,Plasmablasts,Plasmablasts,CID3948
CID3948_TTCTCAAAGGAGCGAG,Plasmablasts,Plasmablasts,CID3948
CID3948_AAATGCCGTCCTCTTG,Plasmablasts,Plasmablasts,CID3948
CID3948_AAGGCAGGTAAAGTCA,Plasmablasts,Plasmablasts,CID3948
CID3948_CTACGTCCACTAAGTC,Plasmablasts,Plasmablasts,CID3948
CID3948_CTCTGGTAGGTCATCT,Plasmablasts,Plasmablasts,CID3948
CID3948_GCACTCTGTCTTCTCG,Plasmablasts,Plasmablasts,CID3948
CID3948_GCATGATTCTTCGAGA,Plasmablasts,Plasmablasts,CID3948
CID3948_GTACTTTAGTTAGCGG,Plasmablasts,Plasmablasts,CID3948
CID3948_ACCCACTAGATTACCC,Plasmablasts,Plasmablasts,CID3948
CID3948_CATCAAGAGTGTGAAT,Plasmablasts,Plasmablasts,CID3948
CID3948_CGAGCACAGTCGAGTG,Plasmablasts,Plasmablasts,CID3948
CID3948_CGCGTTTCACATGTGT,Plasmablasts,Plasmablasts,CID3948
CID3948_CGCTGGATCAGTCCCT,Plasmablasts,Plasmablasts,CID3948
CID3948_CTAACTTCATCGACGC,Plasmablasts,Plasmablasts,CID3948
CID3948_CTAGTGAGTTGACGTT,Plasmablasts,Plasmablasts,CID3948
CID3948_CTAGTGATCAGTTAGC,Plasmablasts,Plasmablasts,CID3948
CID3948_TATGCCCGTCGACTAT,Plasmablasts,Plasmablasts,CID3948
CID3948_TGCTGCTAGGCCCTCA,Plasmablasts,Plasmablasts,CID3948
CID3948_TGTGGTACAAAGCGGT,Plasmablasts,Plasmablasts,CID3948
CID3948_AAACGGGTCTGCAAGT,Plasmablasts,Plasmablasts,CID3948
CID3948_AGTAGTCTCATAAAGG,Plasmablasts,Plasmablasts,CID3948
CID3948_CAGCTAATCAAGGCTT,Plasmablasts,Plasmablasts,CID3948
CID3948_ATCCGAAAGGTGACCA,Plasmablasts,Plasmablasts,CID3948
CID3948_CATATTCTCAACACCA,Plasmablasts,Plasmablasts,CID3948
CID3948_CCTACACTCCAGGGCT,Plasmablasts,Plasmablasts,CID3948
CID3948_CCTTCGAGTGGTAACG,Plasmablasts,Plasmablasts,CID3948
CID3948_CGTGTAAAGTGAAGTT,Plasmablasts,Plasmablasts,CID3948
CID3948_GCGAGAACACTACAGT,Plasmablasts,Plasmablasts,CID3948
CID3948_GCTGCAGCATAGGATA,Plasmablasts,Plasmablasts,CID3948
CID3948_GTGGGTCTCCGCAAGC,Plasmablasts,Plasmablasts,CID3948
CID3948_TAGTTGGAGGGCATGT,Plasmablasts,Plasmablasts,CID3948
CID3948_TCTTTCCGTCTCCATC,Plasmablasts,Plasmablasts,CID3948
CID3948_TTAACTCGTCAGAGGT,Plasmablasts,Plasmablasts,CID3948
CID3948_TTAGGACTCAGAGGTG,Plasmablasts,Plasmablasts,CID3948
CID3948_TTAGGCATCTTCATGT,Plasmablasts,Plasmablasts,CID3948
CID3948_CAGATCACAAGAAAGG,Plasmablasts,Plasmablasts,CID3948
CID3948_ATCATCTGTTAAGACA,Plasmablasts,Plasmablasts,CID3948
CID3948_CCTTCGATCTCGCATC,Plasmablasts,Plasmablasts,CID3948
CID3948_CCTTTCTGTATAGGTA,Plasmablasts,Plasmablasts,CID3948
CID3948_GCAATCAAGTGGGCTA,Plasmablasts,Plasmablasts,CID3948
CID3948_TATGCCCAGGATGGTC,Plasmablasts,Plasmablasts,CID3948
CID3948_TCGTACCGTATCGCAT,Plasmablasts,Plasmablasts,CID3948
CID3948_TTGCCGTTCACCGTAA,Plasmablasts,Plasmablasts,CID3948
CID3948_TTTATGCTCACCCTCA,Plasmablasts,Plasmablasts,CID3948
CID3948_AATCGGTAGAGTTGGC,Plasmablasts,Plasmablasts,CID3948
CID3948_ACGCCAGGTAAATGAC,Plasmablasts,Plasmablasts,CID3948
CID3948_CTGCGGATCACTTATC,Plasmablasts,Plasmablasts,CID3948
CID3948_CTGCTGTAGGTGACCA,Plasmablasts,Plasmablasts,CID3948
CID3948_GGAAAGCCAAGGGTCA,Plasmablasts,Plasmablasts,CID3948
CID3948_GGCAATTAGATGGGTC,Plasmablasts,Plasmablasts,CID3948
CID3948_TAAGTGCCAGATGGCA,Plasmablasts,Plasmablasts,CID3948
CID3948_TCACGAAAGGGCTTCC,Plasmablasts,Plasmablasts,CID3948
CID3948_TGCGCAGCAGCTATTG,Plasmablasts,Plasmablasts,CID3948
CID3948_AAACGGGCATGCAACT,Plasmablasts,Plasmablasts,CID3948
CID3948_AAATGCCGTGCAGACA,Plasmablasts,Plasmablasts,CID3948
CID3948_AACACGTTCCTAGAAC,Plasmablasts,Plasmablasts,CID3948
CID3948_ACAGCTATCGTCCGTT,Plasmablasts,Plasmablasts,CID3948
CID3948_ACTTACTAGTAGCGGT,Plasmablasts,Plasmablasts,CID3948
CID3948_ATCATGGTCCACGCAG,Plasmablasts,Plasmablasts,CID3948
CID3948_CGAGCACCAAGAGGCT,Plasmablasts,Plasmablasts,CID3948
CID3948_CTAGAGTCAATCCAAC,Plasmablasts,Plasmablasts,CID3948
CID3948_CTCTGGTCAAAGTCAA,Plasmablasts,Plasmablasts,CID3948
CID3948_GATGAAAAGCTGGAAC,Plasmablasts,Plasmablasts,CID3948
CID3948_GTACGTACACTTGGAT,Plasmablasts,Plasmablasts,CID3948
CID3948_TAAACCGAGCCTCGTG,Plasmablasts,Plasmablasts,CID3948
CID3948_TCTGAGAGTGTGCGTC,Plasmablasts,Plasmablasts,CID3948
CID3948_TGAGGGATCTCAACTT,Plasmablasts,Plasmablasts,CID3948
CID3948_TGTCCCATCCGAACGC,Plasmablasts,Plasmablasts,CID3948
CID3948_TTTCCTCTCTAACTGG,Plasmablasts,Plasmablasts,CID3948
CID3948_ACACTGAGTCACTGGC,Plasmablasts,Plasmablasts,CID3948
CID3948_ACGGGCTTCTCTAAGG,Plasmablasts,Plasmablasts,CID3948
CID3948_AGAATAGTCACTGGGC,Plasmablasts,Plasmablasts,CID3948
CID3948_AGCATACGTCCTCTTG,Plasmablasts,Plasmablasts,CID3948
CID3948_AGCTTGACAGTAAGAT,Plasmablasts,Plasmablasts,CID3948
CID3948_AGGTCATTCTACTTAC,Plasmablasts,Plasmablasts,CID3948
CID3948_AGTGTCAAGCGCCTTG,Plasmablasts,Plasmablasts,CID3948
CID3948_AGTGTCACATCTCCCA,Plasmablasts,Plasmablasts,CID3948
CID3948_ATCTGCCAGATCCGAG,Plasmablasts,Plasmablasts,CID3948
CID3948_CAACTAGCAACTGCGC,Plasmablasts,Plasmablasts,CID3948
CID3948_CACCAGGAGTAGGCCA,Plasmablasts,Plasmablasts,CID3948
CID3948_CATCGGGGTACTCGCG,Plasmablasts,Plasmablasts,CID3948
CID3948_CATGGCGTCCGAACGC,Plasmablasts,Plasmablasts,CID3948
CID3948_CCACGGAGTATAGGTA,Plasmablasts,Plasmablasts,CID3948
CID3948_CCAGCGATCCCTTGTG,Plasmablasts,Plasmablasts,CID3948
CID3948_CGCGTTTTCCCTAATT,Plasmablasts,Plasmablasts,CID3948
CID3948_CTAAGACCACCACCAG,Plasmablasts,Plasmablasts,CID3948
CID3948_CTCACACCAAACTGTC,Plasmablasts,Plasmablasts,CID3948
CID3948_CTCTACGAGCCTCGTG,Plasmablasts,Plasmablasts,CID3948
CID3948_GAAGCAGTCAAGGTAA,Plasmablasts,Plasmablasts,CID3948
CID3948_GACCAATAGGACACCA,Plasmablasts,Plasmablasts,CID3948
CID3948_GATGAAAAGAAACCAT,Plasmablasts,Plasmablasts,CID3948
CID3948_GCGCGATTCCGCGCAA,Plasmablasts,Plasmablasts,CID3948
CID3948_TACGGATAGATGGGTC,Plasmablasts,Plasmablasts,CID3948
CID3948_TACTCATTCCTTTCGG,Plasmablasts,Plasmablasts,CID3948
CID3948_TACTCGCAGATGCCTT,Plasmablasts,Plasmablasts,CID3948
CID3948_TAGAGCTAGACGCTTT,Plasmablasts,Plasmablasts,CID3948
CID3948_TAGGCATAGACATAAC,Plasmablasts,Plasmablasts,CID3948
CID3948_TCAGCAAGTATTCTCT,Plasmablasts,Plasmablasts,CID3948
CID3948_TCAGGATTCATGCAAC,Plasmablasts,Plasmablasts,CID3948
CID3948_TCTTTCCCATTCCTGC,Plasmablasts,Plasmablasts,CID3948
CID3948_TGCCCATCATGGTCTA,Plasmablasts,Plasmablasts,CID3948
CID3948_TGCGCAGAGCCCAACC,Plasmablasts,Plasmablasts,CID3948
CID3948_TGCGCAGCATGGAATA,Plasmablasts,Plasmablasts,CID3948
CID3948_TGGCGCACACAACTGT,Plasmablasts,Plasmablasts,CID3948
CID3948_TGTGTTTGTCCCTTGT,Plasmablasts,Plasmablasts,CID3948
CID3948_TTGGCAAAGCTGCAAG,Plasmablasts,Plasmablasts,CID3948
CID3948_TTTATGCTCACTCTTA,Plasmablasts,Plasmablasts,CID3948
CID3948_GTGCTTCCACGCCAGT,Plasmablasts,Plasmablasts,CID3948
CID3948_AACTGGTCATCCCATC,Plasmablasts,Plasmablasts,CID3948
CID3948_TCGGTAATCAACGCTA,Plasmablasts,Plasmablasts,CID3948
CID3948_AAGACCTAGATCCCAT,Plasmablasts,Plasmablasts,CID3948
CID3948_ACTTTCATCCCAGGTG,Plasmablasts,Plasmablasts,CID3948
CID3948_CGGCTAGCACGGTAAG,Plasmablasts,Plasmablasts,CID3948
CID3948_CGTGTCTAGCCGCCTA,Plasmablasts,Plasmablasts,CID3948
CID3948_TCGGTAAGTACCGTTA,Plasmablasts,Plasmablasts,CID3948
CID3948_TTCTCAATCTCGTATT,Plasmablasts,Plasmablasts,CID3948
CID3948_CGTCAGGTCCAAGCCG,Plasmablasts,Plasmablasts,CID3948
CID3948_ATCTGCCCACTGTCGG,Plasmablasts,Plasmablasts,CID3948
CID3948_CATCAAGAGGAGCGAG,Plasmablasts,Plasmablasts,CID3948
CID3948_TCTCATACAGGGTTAG,Plasmablasts,Plasmablasts,CID3948
CID3948_CAGATCATCCACGACG,Plasmablasts,Plasmablasts,CID3948
CID3948_TACTTGTTCAAACGGG,Plasmablasts,Plasmablasts,CID3948
CID3948_AGGGAGTAGGAATCGC,Plasmablasts,Plasmablasts,CID3948
CID3948_CTACCCAAGTTGTCGT,Plasmablasts,Plasmablasts,CID3948
CID3948_CTCGTCAAGAGACTAT,Plasmablasts,Plasmablasts,CID3948
CID3948_GAGGTGAAGTCACGCC,Plasmablasts,Plasmablasts,CID3948
CID3948_GATTCAGGTGTTTGTG,Plasmablasts,Plasmablasts,CID3948
CID3948_GCATACAGTAGCAAAT,Plasmablasts,Plasmablasts,CID3948
CID3948_GTCACAAAGGATGTAT,Plasmablasts,Plasmablasts,CID3948
CID3948_TGGTTAGGTTACGGAG,Plasmablasts,Plasmablasts,CID3948
CID3948_TACTCATCATCAGTCA,Plasmablasts,Plasmablasts,CID3948
CID3948_CAACCAACAGTGGGAT,Plasmablasts,Plasmablasts,CID3948
CID3948_AGCTTGAGTAGCTTGT,Plasmablasts,Plasmablasts,CID3948
CID3948_GTGTGCGTCATTGCGA,Plasmablasts,Plasmablasts,CID3948
CID3948_AGTAGTCGTCTAACGT,T-cells,T cells CD8+,CID3948
CID3948_TACTCATTCCTGCTTG,T-cells,T cells CD8+,CID3948
CID3948_CGTTGGGTCTTTAGGG,T-cells,T cells CD8+,CID3948
CID3948_CTCGAGGCATAAGACA,T-cells,T cells CD8+,CID3948
CID3948_TACGGATAGCTAGGCA,T-cells,T cells CD8+,CID3948
CID3948_AACTCAGCATCCTTGC,T-cells,T cells CD8+,CID3948
CID3948_ATCGAGTTCCACGTTC,T-cells,T cells CD8+,CID3948
CID3948_CATTATCTCAGTACGT,T-cells,T cells CD8+,CID3948
CID3948_CGTTGGGCAGGTGCCT,T-cells,T cells CD8+,CID3948
CID3948_GATCGATTCCGCATCT,T-cells,T cells CD8+,CID3948
CID3948_GTCTCGTAGGGCTTCC,T-cells,T cells CD8+,CID3948
CID3948_GTGTGCGAGTGCCAGA,T-cells,T cells CD8+,CID3948
CID3948_TCACAAGCATCACGAT,T-cells,T cells CD8+,CID3948
CID3948_TCAGGTAAGGCGATAC,T-cells,T cells CD8+,CID3948
CID3948_CTCGTCAGTGTGGCTC,T-cells,T cells CD8+,CID3948
CID3948_ACGGGCTCACATCCAA,T-cells,T cells CD4+,CID3948
CID3948_AGGTCCGCACTAAGTC,T-cells,T cells CD4+,CID3948
CID3948_GGGATGATCTTGCATT,T-cells,T cells CD4+,CID3948
CID3948_CATGCCTTCTACCAGA,T-cells,T cells CD4+,CID3948
CID3948_TCTCTAAGTTCAGCGC,T-cells,T cells CD4+,CID3948
CID3948_GGAATAAAGATAGCAT,T-cells,T cells CD4+,CID3948
CID3948_ATCATGGTCATCGCTC,T-cells,T cells CD4+,CID3948
CID3948_GCATACAAGAGTCTGG,T-cells,T cells CD4+,CID3948
CID3948_GCGCCAATCTGCGACG,T-cells,T cells CD4+,CID3948
CID3948_TCAGGATTCTTCATGT,T-cells,T cells CD4+,CID3948
CID3948_AAATGCCAGGTCATCT,T-cells,T cells CD4+,CID3948
CID3948_ACGTCAAGTCTGCAAT,T-cells,T cells CD4+,CID3948
CID3948_AGACGTTAGATAGTCA,T-cells,T cells CD4+,CID3948
CID3948_CCCAGTTTCCTCCTAG,T-cells,T cells CD4+,CID3948
CID3948_CTCTGGTGTTATCGGT,T-cells,T cells CD4+,CID3948
CID3948_GGACAGATCCCAAGTA,T-cells,T cells CD4+,CID3948
CID3948_TGGGCGTTCTTCATGT,T-cells,T cells CD4+,CID3948
CID3948_AGGGTGAGTTATCACG,T-cells,T cells CD4+,CID3948
CID3948_CGTAGCGCATAACCTG,T-cells,T cells CD4+,CID3948
CID3948_TACTCGCGTTGCGTTA,T-cells,T cells CD4+,CID3948
CID3948_AACTCCCGTCCGTGAC,Myeloid,Macrophage,CID3948
CID3948_AGCCTAATCAGTACGT,Myeloid,Macrophage,CID3948
CID3948_CATCAGAGTTAAGTAG,Myeloid,Macrophage,CID3948
CID3948_CTACACCAGAGCAATT,Myeloid,Macrophage,CID3948
CID3948_CACAGGCGTCACTGGC,Myeloid,Monocyte,CID3948
CID3948_CTCATTAAGGAGTTTA,Myeloid,Monocyte,CID3948
CID3948_GCTCCTATCTTGTCAT,Myeloid,Monocyte,CID3948
CID3948_TTCTACACATATGCTG,Myeloid,Monocyte,CID3948
CID3948_TCATTTGTCTCGTTTA,Myeloid,Macrophage,CID3948
CID3948_CACCTTGGTTAGGGTG,Myeloid,Macrophage,CID3948
CID3948_ACTTTCATCTCGGACG,Myeloid,Macrophage,CID3948
CID3948_CATTCGCGTGGGTCAA,Myeloid,Macrophage,CID3948
CID3948_GGACAAGGTTGCTCCT,Myeloid,Macrophage,CID3948
CID3948_AGGGAGTTCAACACCA,Myeloid,Macrophage,CID3948
CID3948_ATCCGAAGTCTAACGT,Myeloid,Macrophage,CID3948
CID3948_CAGTAACCAAGCTGTT,Myeloid,Macrophage,CID3948
CID3948_CGTTCTGAGACAAGCC,Myeloid,Macrophage,CID3948
CID3948_GTAGGCCTCCACGACG,Myeloid,Macrophage,CID3948
CID3948_TCTATTGCAGATGGGT,Myeloid,Macrophage,CID3948
CID3948_TTGCGTCGTACCGAGA,Myeloid,Macrophage,CID3948
CID3948_CTAACTTCACCCATGG,Myeloid,Macrophage,CID3948
CID3948_CACAGTATCCCGACTT,Myeloid,DCs,CID3948
CID3948_TATTACCAGATATGCA,Myeloid,DCs,CID3948
CID3948_GACGCGTTCAGTTCGA,Myeloid,DCs,CID3948
CID3948_TCAATCTTCTGTCAAG,Myeloid,DCs,CID3948
CID3948_CGAATGTCACGCATCG,Myeloid,DCs,CID3948
CID3948_CCGTTCACACCAACCG,Myeloid,DCs,CID3948
CID3948_CTTGGCTTCAGGATCT,Cancer Epithelial,Cancer LumB SC,CID3948
CID3948_TACTCGCTCTTACCTA,Cancer Epithelial,Cancer LumB SC,CID3948
CID3948_TGCACCTCAGAAGCAC,Cancer Epithelial,Cancer LumB SC,CID3948
CID3948_ACGCAGCCAGACACTT,Cancer Epithelial,Cancer Cycling,CID3948
CID3948_GTATTCTTCGTTTGCC,Cancer Epithelial,Cancer Cycling,CID3948
CID3948_GGGAATGTCAGAGACG,Cancer Epithelial,Cancer Cycling,CID3948
CID3948_ACATCAGAGAGCCTAG,Cancer Epithelial,Cancer LumA SC,CID3948
CID3948_ACCAGTAAGTACGTAA,Cancer Epithelial,Cancer LumA SC,CID3948
CID3948_AGCAGCCTCTCGCATC,Cancer Epithelial,Cancer LumA SC,CID3948
CID3948_ATTGGTGCACGCGAAA,Cancer Epithelial,Cancer LumA SC,CID3948
CID3948_CAGCTAAGTGTGACCC,Cancer Epithelial,Cancer LumA SC,CID3948
CID3948_CCTCTGATCTAAGCCA,Cancer Epithelial,Cancer LumA SC,CID3948
CID3948_CGTCCATCACTAGTAC,Cancer Epithelial,Cancer LumA SC,CID3948
CID3948_CTAAGACCAACGCACC,Cancer Epithelial,Cancer LumA SC,CID3948
CID3948_CTACATTAGTCTCAAC,Cancer Epithelial,Cancer LumA SC,CID3948
CID3948_CTAGTGACATTTCAGG,Cancer Epithelial,Cancer LumA SC,CID3948
CID3948_CTCTACGTCTGGAGCC,Cancer Epithelial,Cancer LumA SC,CID3948
CID3948_CTTAGGAGTAGCTCCG,Cancer Epithelial,Cancer LumA SC,CID3948
CID3948_GGAACTTTCTCCAGGG,Cancer Epithelial,Cancer LumA SC,CID3948
CID3948_GTATTCTGTCCAGTTA,Cancer Epithelial,Cancer LumA SC,CID3948
CID3948_TAAGAGAAGACCTTTG,Cancer Epithelial,Cancer LumA SC,CID3948
CID3948_TGCCCATCAGTCGTGC,Cancer Epithelial,Cancer LumA SC,CID3948
CID3948_TTCGGTCTCTTCGAGA,Cancer Epithelial,Cancer LumA SC,CID3948
CID3948_TTTGTCATCACGATGT,Cancer Epithelial,Cancer LumA SC,CID3948
CID4067_ACAGCTAAGGACCACA,Endothelial,Endothelial ACKR1,CID4067
CID4067_CAGCTGGCATCCGTGG,Endothelial,Endothelial ACKR1,CID4067
CID4067_CCAGCGAAGACCTAGG,Endothelial,Endothelial ACKR1,CID4067
CID4067_CTGCTGTCATTCTCAT,Endothelial,Endothelial ACKR1,CID4067
CID4067_CTTAGGAGTCAAACTC,Endothelial,Endothelial ACKR1,CID4067
CID4067_GTAACGTTCGGAGGTA,Endothelial,Endothelial ACKR1,CID4067
CID4067_TGGCTGGCATGCCCGA,Endothelial,Endothelial ACKR1,CID4067
CID4067_CTGATAGTCGCTTAGA,Endothelial,Endothelial ACKR1,CID4067
CID4067_CGTCTACTCTTCTGGC,Endothelial,Endothelial RGS5,CID4067
CID4067_GTGGGTCGTCCTCCAT,Endothelial,Endothelial RGS5,CID4067
CID4067_TGCGTGGGTACCCAAT,Endothelial,Endothelial RGS5,CID4067
CID4067_CTGTGCTCACGAGAGT,Endothelial,Endothelial CXCL12,CID4067
CID4067_TGGCCAGGTCTTCGTC,Endothelial,Endothelial CXCL12,CID4067
CID4067_TTCTACAGTAATAGCA,Endothelial,Endothelial CXCL12,CID4067
CID4067_CGCTGGAGTCCTCTTG,CAFs,CAFs MSC iCAF-like,CID4067
CID4067_GGACAGACACAGACAG,CAFs,CAFs MSC iCAF-like,CID4067
CID4067_GACTGCGCACCGTTGG,CAFs,CAFs MSC iCAF-like,CID4067
CID4067_GTTAAGCCACATCCGG,CAFs,CAFs myCAF-like,CID4067
CID4067_CATCGGGAGATCCCAT,CAFs,CAFs myCAF-like,CID4067
CID4067_GGAAAGCGTTCAGTAC,CAFs,CAFs myCAF-like,CID4067
CID4067_GTTACAGGTGGCCCTA,CAFs,CAFs myCAF-like,CID4067
CID4067_GATGAGGGTGCCTGCA,CAFs,CAFs myCAF-like,CID4067
CID4067_GTTTCTATCACCAGGC,CAFs,CAFs myCAF-like,CID4067
CID4067_ACGCCAGGTCCCGACA,CAFs,CAFs myCAF-like,CID4067
CID4067_ATCGAGTGTGGTACAG,CAFs,CAFs myCAF-like,CID4067
CID4067_CACACTCTCGGCGGTT,CAFs,CAFs myCAF-like,CID4067
CID4067_CCTTCCCAGGCATTGG,CAFs,CAFs myCAF-like,CID4067
CID4067_CGGACTGTCGGCCGAT,CAFs,CAFs myCAF-like,CID4067
CID4067_GATCTAGGTCTAAACC,CAFs,CAFs myCAF-like,CID4067
CID4067_GCACTCTCACCACCAG,CAFs,CAFs myCAF-like,CID4067
CID4067_GTAACGTAGCCAGTAG,CAFs,CAFs myCAF-like,CID4067
CID4067_TGGCGCAGTCGATTGT,CAFs,CAFs myCAF-like,CID4067
CID4067_TAAGAGACAACTGCGC,CAFs,CAFs myCAF-like,CID4067
CID4067_AGAGTGGGTACTTAGC,PVL,PVL Differentiated,CID4067
CID4067_AGTCTTTTCCTGTACC,PVL,PVL Differentiated,CID4067
CID4067_CCATTCGCAATGGACG,PVL,PVL Differentiated,CID4067
CID4067_CTGCTGTAGCTCCTTC,PVL,PVL Differentiated,CID4067
CID4067_GGTGAAGCATGGTCTA,PVL,PVL Differentiated,CID4067
CID4067_TACGGATTCGGCTACG,PVL,PVL Differentiated,CID4067
CID4067_TATTACCCAGTACACT,PVL,PVL Differentiated,CID4067
CID4067_TACTCATGTGCAGTAG,PVL,PVL Differentiated,CID4067
CID4067_CTGATCCGTCGTTGTA,PVL,PVL Differentiated,CID4067
CID4067_TCTGGAACACGGCCAT,PVL,PVL Immature,CID4067
CID4067_GAGTCCGAGATGTCGG,PVL,PVL Immature,CID4067
CID4067_GGAAAGCAGGTGACCA,B-cells,B cells Memory,CID4067
CID4067_AGAGCTTCAAGCCTAT,B-cells,B cells Memory,CID4067
CID4067_AGAGTGGAGTTATCGC,B-cells,B cells Memory,CID4067
CID4067_ATAACGCCAGTTAACC,B-cells,B cells Memory,CID4067
CID4067_CATCGGGTCCGTCATC,B-cells,B cells Memory,CID4067
CID4067_CCGGGATAGAGGGATA,B-cells,B cells Memory,CID4067
CID4067_CGTGTAAAGGCAGGTT,B-cells,B cells Memory,CID4067
CID4067_CTCGAGGAGATGAGAG,B-cells,B cells Memory,CID4067
CID4067_GAAACTCCATTAGCCA,B-cells,B cells Memory,CID4067
CID4067_GATCGCGCACTTGGAT,B-cells,B cells Memory,CID4067
CID4067_TAGCCGGAGTCAAGCG,B-cells,B cells Memory,CID4067
CID4067_TCAACGATCTGTTGAG,B-cells,B cells Memory,CID4067
CID4067_TGGGCGTCAAACCCAT,B-cells,B cells Memory,CID4067
CID4067_TTGACTTTCTAACTGG,B-cells,B cells Memory,CID4067
CID4067_TTGTAGGAGAGCTTCT,B-cells,B cells Memory,CID4067
CID4067_AAGACCTTCAAAGTAG,B-cells,B cells Memory,CID4067
CID4067_ATTTCTGCATTGAGCT,B-cells,B cells Memory,CID4067
CID4067_CGGAGCTGTCAACTGT,B-cells,B cells Memory,CID4067
CID4067_GAAACTCGTGAGCGAT,B-cells,B cells Memory,CID4067
CID4067_GCGGGTTTCTTAGCCC,B-cells,B cells Memory,CID4067
CID4067_TACTTACCATTTCACT,B-cells,B cells Memory,CID4067
CID4067_CAGAGAGAGTGCGATG,B-cells,B cells Memory,CID4067
CID4067_GAACGGATCTGCTGCT,B-cells,B cells Memory,CID4067
CID4067_GACCAATCAGCTCCGA,B-cells,B cells Memory,CID4067
CID4067_CCTAGCTGTATATCCG,T-cells,T cells CD8+,CID4067
CID4067_ACTGTCCGTGCGAAAC,T-cells,T cells CD8+,CID4067
CID4067_ATGCGATTCACGATGT,T-cells,T cells CD8+,CID4067
CID4067_ATGTGTGAGGCCCGTT,T-cells,T cells CD8+,CID4067
CID4067_CATATGGAGTTCGCGC,T-cells,T cells CD8+,CID4067
CID4067_GCGAGAACAATGGATA,T-cells,T cells CD8+,CID4067
CID4067_TGGGCGTTCATATCGG,T-cells,T cells CD8+,CID4067
CID4067_CTCGTCACAACTGGCC,T-cells,T cells CD4+,CID4067
CID4067_TGCTGCTGTTGTGGAG,T-cells,T cells CD4+,CID4067
CID4067_ACTTTCATCGCCATAA,T-cells,T cells CD4+,CID4067
CID4067_CACATAGTCAGTGTTG,T-cells,T cells CD4+,CID4067
CID4067_CGGGTCAAGGCATTGG,T-cells,T cells CD4+,CID4067
CID4067_GCACATAGTACATCCA,T-cells,T cells CD4+,CID4067
CID4067_GGTGCGTAGCCGTCGT,T-cells,T cells CD4+,CID4067
CID4067_GTTCGGGGTCTAGTGT,T-cells,T cells CD4+,CID4067
CID4067_TTAGTTCGTCGAGATG,T-cells,T cells CD4+,CID4067
CID4067_GGAGCAATCGTATCAG,T-cells,T cells CD4+,CID4067
CID4067_AGATCTGTCAGAGCTT,Myeloid,Macrophage,CID4067
CID4067_AGCAGCCTCCGCTGTT,Myeloid,Macrophage,CID4067
CID4067_AGCGGTCGTCGAAAGC,Myeloid,Macrophage,CID4067
CID4067_AGGCCGTTCGCCTGAG,Myeloid,Macrophage,CID4067
CID4067_CATATGGTCTACCTGC,Myeloid,Macrophage,CID4067
CID4067_CCGGTAGTCTACCTGC,Myeloid,Macrophage,CID4067
CID4067_CTACATTTCATCACCC,Myeloid,Macrophage,CID4067
CID4067_GGCTCGATCAACTCTT,Myeloid,Macrophage,CID4067
CID4067_GTAACGTAGTACCGGA,Myeloid,Macrophage,CID4067
CID4067_GTGGGTCAGAGCTATA,Myeloid,Macrophage,CID4067
CID4067_CTACCCAGTAGGAGTC,Myeloid,Monocyte,CID4067
CID4067_CTCAGAAGTGAGCGAT,Myeloid,Monocyte,CID4067
CID4067_GCATACAAGTGTACCT,Myeloid,Monocyte,CID4067
CID4067_GTGCGGTAGTGTACGG,Myeloid,Monocyte,CID4067
CID4067_TGAGGGATCAGGATCT,Myeloid,Monocyte,CID4067
CID4067_TGTGTTTTCACAAACC,Myeloid,Monocyte,CID4067
CID4067_CGCTGGACACGTGAGA,Myeloid,Macrophage,CID4067
CID4067_GTGGGTCCATAAAGGT,Myeloid,Macrophage,CID4067
CID4067_TACACGATCTTGTATC,Myeloid,Macrophage,CID4067
CID4067_GTTACAGCACCCAGTG,Myeloid,Macrophage,CID4067
CID4067_ACCCACTCATGCAATC,Myeloid,Macrophage,CID4067
CID4067_CCACCTACAGCTCGCA,Myeloid,Macrophage,CID4067
CID4067_GGATGTTTCTTAGCCC,Myeloid,Macrophage,CID4067
CID4067_GGATTACTCCCATTTA,Myeloid,Macrophage,CID4067
CID4067_ACTTGTTGTCTTGATG,Myeloid,Macrophage,CID4067
CID4067_CAACTAGTCCACGACG,Myeloid,Macrophage,CID4067
CID4067_AAGGTTCAGGAGTTTA,Myeloid,Macrophage,CID4067
CID4067_CATATGGAGTGTTTGC,Myeloid,Macrophage,CID4067
CID4067_CATCGAATCACCGGGT,Myeloid,Macrophage,CID4067
CID4067_CGTAGGCTCCTGCAGG,Myeloid,Macrophage,CID4067
CID4067_TGTTCCGAGAGCTATA,Myeloid,Macrophage,CID4067
CID4067_GAACCTATCCGCGGTA,Myeloid,Macrophage,CID4067
CID4067_TCGCGAGAGCTAGTCT,Myeloid,Monocyte,CID4067
CID4067_ATTGGTGCATACGCCG,Myeloid,Monocyte,CID4067
CID4067_CACTCCACAGTAGAGC,Myeloid,DCs,CID4067
CID4067_CGAATGTGTCTAGAGG,Myeloid,DCs,CID4067
CID4067_GGGACCTAGTGTCCCG,Myeloid,DCs,CID4067
CID4067_CCCAGTTGTTCTCATT,Myeloid,DCs,CID4067
CID4067_TACGGATAGTGGTAGC,Myeloid,DCs,CID4067
CID4067_CTTACCGTCCCTCTTT,Myeloid,DCs,CID4067
CID4067_AAAGATGCACTCTGTC,Cancer Epithelial,Cancer LumB SC,CID4067
CID4067_AAAGCAATCGATGAGG,Cancer Epithelial,Cancer LumB SC,CID4067
CID4067_AAAGTAGGTGTCGCTG,Cancer Epithelial,Cancer LumB SC,CID4067
CID4067_ACACCGGTCAATAAGG,Cancer Epithelial,Cancer LumB SC,CID4067
CID4067_ACATACGAGCGTAGTG,Cancer Epithelial,Cancer LumB SC,CID4067
CID4067_ACGCCGATCATCGCTC,Cancer Epithelial,Cancer LumB SC,CID4067
CID4067_ACTTGTTTCAAGATCC,Cancer Epithelial,Cancer LumB SC,CID4067
CID4067_ATTCTACCACGGACAA,Cancer Epithelial,Cancer LumB SC,CID4067
CID4067_CACCTTGGTCCTGCTT,Cancer Epithelial,Cancer LumB SC,CID4067
CID4067_CAGCTAAGTAGCGTGA,Cancer Epithelial,Cancer LumB SC,CID4067
CID4067_CCACTACCAGTAAGCG,Cancer Epithelial,Cancer LumB SC,CID4067
CID4067_CCGTGGAGTTCAACCA,Cancer Epithelial,Cancer LumB SC,CID4067
CID4067_CCGTTCATCGAGAACG,Cancer Epithelial,Cancer LumB SC,CID4067
CID4067_CCTACACGTTATGCGT,Cancer Epithelial,Cancer LumB SC,CID4067
CID4067_CCTTCGACAACGATCT,Cancer Epithelial,Cancer LumB SC,CID4067
CID4067_CGAACATGTATCAGTC,Cancer Epithelial,Cancer LumB SC,CID4067
CID4067_CGAACATGTGTCGCTG,Cancer Epithelial,Cancer LumB SC,CID4067
CID4067_CGCTTCAAGTAGATGT,Cancer Epithelial,Cancer LumB SC,CID4067
CID4067_CTCGTCAAGCAATATG,Cancer Epithelial,Cancer LumB SC,CID4067
CID4067_CTCTACGAGCCTATGT,Cancer Epithelial,Cancer LumB SC,CID4067
CID4067_GAACCTATCAAACAAG,Cancer Epithelial,Cancer LumB SC,CID4067
CID4067_GAGGTGACACTTAACG,Cancer Epithelial,Cancer LumB SC,CID4067
CID4067_GAGTCCGGTTCCCGAG,Cancer Epithelial,Cancer LumB SC,CID4067
CID4067_GCGCAGTTCTAACTGG,Cancer Epithelial,Cancer LumB SC,CID4067
CID4067_GCTCTGTCAATGGACG,Cancer Epithelial,Cancer LumB SC,CID4067
CID4067_GCTGCAGGTGGGTATG,Cancer Epithelial,Cancer LumB SC,CID4067
CID4067_GGCAATTGTGGTTTCA,Cancer Epithelial,Cancer LumB SC,CID4067
CID4067_GGTGTTAGTGATGTCT,Cancer Epithelial,Cancer LumB SC,CID4067
CID4067_TACACGAAGATACACA,Cancer Epithelial,Cancer LumB SC,CID4067
CID4067_TACTTGTTCCAGATCA,Cancer Epithelial,Cancer LumB SC,CID4067
CID4067_TCAATCTCAGAGTGTG,Cancer Epithelial,Cancer LumB SC,CID4067
CID4067_TCTGGAACAAACTGCT,Cancer Epithelial,Cancer LumB SC,CID4067
CID4067_TGACAACCATGACATC,Cancer Epithelial,Cancer LumB SC,CID4067
CID4067_TGCCCTAGTCAATGTC,Cancer Epithelial,Cancer LumB SC,CID4067
CID4067_TGCGTGGGTCTCTTAT,Cancer Epithelial,Cancer LumB SC,CID4067
CID4067_TTCGAAGAGCTGAACG,Cancer Epithelial,Cancer LumB SC,CID4067
CID4067_TTGACTTCAATAGCGG,Cancer Epithelial,Cancer LumB SC,CID4067
CID4067_ACCTTTAAGGTGACCA,Cancer Epithelial,Cancer Cycling,CID4067
CID4067_ATCCGAAGTCTGCCAG,Cancer Epithelial,Cancer Cycling,CID4067
CID4067_ACATACGAGAGGGATA,Cancer Epithelial,Cancer Cycling,CID4067
CID4067_CCACGGAAGTCGAGTG,Cancer Epithelial,Cancer Cycling,CID4067
CID4067_CCGGTAGAGCGAGAAA,Cancer Epithelial,Cancer Cycling,CID4067
CID4067_CCGGTAGTCACTCTTA,Cancer Epithelial,Cancer Cycling,CID4067
CID4067_GCATGTAGTTCTGGTA,Cancer Epithelial,Cancer Cycling,CID4067
CID4067_TGGACGCCATAGACTC,Cancer Epithelial,Cancer Cycling,CID4067
CID4067_TGGTTAGCAAAGCAAT,Cancer Epithelial,Cancer Cycling,CID4067
CID4067_AAACCTGTCTGTCAAG,Cancer Epithelial,Cancer LumA SC,CID4067
CID4067_AAAGCAACAGTCGATT,Cancer Epithelial,Cancer LumA SC,CID4067
CID4067_AACTGGTCAGGTCTCG,Cancer Epithelial,Cancer LumA SC,CID4067
CID4067_AAGGCAGCACAACTGT,Cancer Epithelial,Cancer LumA SC,CID4067
CID4067_AAGGCAGTCTCCAACC,Cancer Epithelial,Cancer LumA SC,CID4067
CID4067_AAGTCTGTCCGAGCCA,Cancer Epithelial,Cancer LumA SC,CID4067
CID4067_ACACTGACAAGTCTAC,Cancer Epithelial,Cancer LumA SC,CID4067
CID4067_ACAGCTAAGGGAGTAA,Cancer Epithelial,Cancer LumA SC,CID4067
CID4067_ACAGCTAGTCCAGTGC,Cancer Epithelial,Cancer LumA SC,CID4067
CID4067_ACATACGAGTACACCT,Cancer Epithelial,Cancer LumA SC,CID4067
CID4067_ACATACGTCTTAGAGC,Cancer Epithelial,Cancer LumA SC,CID4067
CID4067_ACATCAGAGCGCCTTG,Cancer Epithelial,Cancer LumA SC,CID4067
CID4067_ACATCAGCATACTCTT,Cancer Epithelial,Cancer LumA SC,CID4067
CID4067_ACCGTAAAGGCAGTCA,Cancer Epithelial,Cancer LumA SC,CID4067
CID4067_ACGATGTAGGATCGCA,Cancer Epithelial,Cancer LumA SC,CID4067
CID4067_ACTTTCAGTCCAGTGC,Cancer Epithelial,Cancer LumA SC,CID4067
CID4067_AGACGTTCATCGGGTC,Cancer Epithelial,Cancer LumA SC,CID4067
CID4067_AGAGCGATCTGCTTGC,Cancer Epithelial,Cancer LumA SC,CID4067
CID4067_AGAGCTTCATACTCTT,Cancer Epithelial,Cancer LumA SC,CID4067
CID4067_AGATCTGCACAGCCCA,Cancer Epithelial,Cancer LumA SC,CID4067
CID4067_AGGGATGCACACGCTG,Cancer Epithelial,Cancer LumA SC,CID4067
CID4067_AGGTCCGGTAAACACA,Cancer Epithelial,Cancer LumA SC,CID4067
CID4067_AGTGAGGTCTCAAGTG,Cancer Epithelial,Cancer LumA SC,CID4067
CID4067_AGTGGGACAGTTAACC,Cancer Epithelial,Cancer LumA SC,CID4067
CID4067_ATCGAGTGTGACTCAT,Cancer Epithelial,Cancer LumA SC,CID4067
CID4067_ATCTACTGTATAATGG,Cancer Epithelial,Cancer LumA SC,CID4067
CID4067_ATCTGCCCATGGTAGG,Cancer Epithelial,Cancer LumA SC,CID4067
CID4067_ATGCGATGTCGCTTTC,Cancer Epithelial,Cancer LumA SC,CID4067
CID4067_ATGTGTGTCTGACCTC,Cancer Epithelial,Cancer LumA SC,CID4067
CID4067_ATTATCCAGGTGCTTT,Cancer Epithelial,Cancer LumA SC,CID4067
CID4067_ATTGGACGTCAGAAGC,Cancer Epithelial,Cancer LumA SC,CID4067
CID4067_CAACCAAGTACCGTAT,Cancer Epithelial,Cancer LumA SC,CID4067
CID4067_CAACCAATCATCATTC,Cancer Epithelial,Cancer LumA SC,CID4067
CID4067_CAAGATCGTGCTAGCC,Cancer Epithelial,Cancer LumA SC,CID4067
CID4067_CACTCCATCATCTGTT,Cancer Epithelial,Cancer LumA SC,CID4067
CID4067_CAGAATCCAAAGCGGT,Cancer Epithelial,Cancer LumA SC,CID4067
CID4067_CAGCAGCGTCCCGACA,Cancer Epithelial,Cancer LumA SC,CID4067
CID4067_CAGCCGATCAGATAAG,Cancer Epithelial,Cancer LumA SC,CID4067
CID4067_CAGTAACTCGTTGCCT,Cancer Epithelial,Cancer LumA SC,CID4067
CID4067_CAGTCCTAGTGGGCTA,Cancer Epithelial,Cancer LumA SC,CID4067
CID4067_CATGACATCGTACGGC,Cancer Epithelial,Cancer LumA SC,CID4067
CID4067_CATGCCTTCGTTTAGG,Cancer Epithelial,Cancer LumA SC,CID4067
CID4067_CCACCTATCAGCATGT,Cancer Epithelial,Cancer LumA SC,CID4067
CID4067_CCATGTCAGCCAGGAT,Cancer Epithelial,Cancer LumA SC,CID4067
CID4067_CCTACCATCACCGGGT,Cancer Epithelial,Cancer LumA SC,CID4067
CID4067_CCTTACGAGATCCGAG,Cancer Epithelial,Cancer LumA SC,CID4067
CID4067_CGAGCCACATCGGAAG,Cancer Epithelial,Cancer LumA SC,CID4067
CID4067_CGCCAAGTCCAGATCA,Cancer Epithelial,Cancer LumA SC,CID4067
CID4067_CGCGGTACATTAGGCT,Cancer Epithelial,Cancer LumA SC,CID4067
CID4067_CGCTGGAAGGGTTTCT,Cancer Epithelial,Cancer LumA SC,CID4067
CID4067_CGCTGGATCTGGTATG,Cancer Epithelial,Cancer LumA SC,CID4067
CID4067_CGCTTCAGTTGTACAC,Cancer Epithelial,Cancer LumA SC,CID4067
CID4067_CGGACTGCAACACGCC,Cancer Epithelial,Cancer LumA SC,CID4067
CID4067_CGTGAGCTCTCGCATC,Cancer Epithelial,Cancer LumA SC,CID4067
CID4067_CGTGTCTCAGACAGGT,Cancer Epithelial,Cancer LumA SC,CID4067
CID4067_CTAATGGCAATGACCT,Cancer Epithelial,Cancer LumA SC,CID4067
CID4067_CTCAGAAGTTCACGGC,Cancer Epithelial,Cancer LumA SC,CID4067
CID4067_CTCCTAGTCCCACTTG,Cancer Epithelial,Cancer LumA SC,CID4067
CID4067_CTCGGAGCAACTGCTA,Cancer Epithelial,Cancer LumA SC,CID4067
CID4067_CTCTACGTCAGTTGAC,Cancer Epithelial,Cancer LumA SC,CID4067
CID4067_CTCTGGTAGTCATGCT,Cancer Epithelial,Cancer LumA SC,CID4067
CID4067_CTGCCTAGTCAAAGCG,Cancer Epithelial,Cancer LumA SC,CID4067
CID4067_CTGCTGTAGTCTTGCA,Cancer Epithelial,Cancer LumA SC,CID4067
CID4067_CTGGTCTTCATGTCCC,Cancer Epithelial,Cancer LumA SC,CID4067
CID4067_CTTTGCGAGTGGACGT,Cancer Epithelial,Cancer LumA SC,CID4067
CID4067_GAAATGAAGCGCCTCA,Cancer Epithelial,Cancer LumA SC,CID4067
CID4067_GAACATCCAGGGTACA,Cancer Epithelial,Cancer LumA SC,CID4067
CID4067_GACGTGCTCTTGAGAC,Cancer Epithelial,Cancer LumA SC,CID4067
CID4067_GACTAACCAAGACGTG,Cancer Epithelial,Cancer LumA SC,CID4067
CID4067_GACTACAGTTGTGGCC,Cancer Epithelial,Cancer LumA SC,CID4067
CID4067_GAGGTGATCGGACAAG,Cancer Epithelial,Cancer LumA SC,CID4067
CID4067_GATCGATCATGTCCTC,Cancer Epithelial,Cancer LumA SC,CID4067
CID4067_GATCGATTCATGTGGT,Cancer Epithelial,Cancer LumA SC,CID4067
CID4067_GATGAAAGTGACCAAG,Cancer Epithelial,Cancer LumA SC,CID4067
CID4067_GATGAGGTCACTTCAT,Cancer Epithelial,Cancer LumA SC,CID4067
CID4067_GCAGTTAGTTACGTCA,Cancer Epithelial,Cancer LumA SC,CID4067
CID4067_GCATACAGTGCAGACA,Cancer Epithelial,Cancer LumA SC,CID4067
CID4067_GCCAAATGTGATAAGT,Cancer Epithelial,Cancer LumA SC,CID4067
CID4067_GCCAAATGTGGCAAAC,Cancer Epithelial,Cancer LumA SC,CID4067
CID4067_GCGCAACAGTTACCCA,Cancer Epithelial,Cancer LumA SC,CID4067
CID4067_GCGCCAACACCGGAAA,Cancer Epithelial,Cancer LumA SC,CID4067
CID4067_GCTTGAATCGTAGGTT,Cancer Epithelial,Cancer LumA SC,CID4067
CID4067_GGAAAGCTCCCTCTTT,Cancer Epithelial,Cancer LumA SC,CID4067
CID4067_GGAATAAAGCACGCCT,Cancer Epithelial,Cancer LumA SC,CID4067
CID4067_GGACAAGAGGTGACCA,Cancer Epithelial,Cancer LumA SC,CID4067
CID4067_GGACATTAGCACACAG,Cancer Epithelial,Cancer LumA SC,CID4067
CID4067_GGCCGATAGGAGCGAG,Cancer Epithelial,Cancer LumA SC,CID4067
CID4067_GGCGACTGTAATAGCA,Cancer Epithelial,Cancer LumA SC,CID4067
CID4067_GGGAATGGTCTTTCAT,Cancer Epithelial,Cancer LumA SC,CID4067
CID4067_GGGAATGGTGATGCCC,Cancer Epithelial,Cancer LumA SC,CID4067
CID4067_GGGACCTAGGGAACGG,Cancer Epithelial,Cancer LumA SC,CID4067
CID4067_GGGCATCGTCCCTTGT,Cancer Epithelial,Cancer LumA SC,CID4067
CID4067_GGGTCTGCACATGTGT,Cancer Epithelial,Cancer LumA SC,CID4067
CID4067_GGTGCGTAGAGCCCAA,Cancer Epithelial,Cancer LumA SC,CID4067
CID4067_GGTGTTAAGACAGACC,Cancer Epithelial,Cancer LumA SC,CID4067
CID4067_GTAACGTTCGCCATAA,Cancer Epithelial,Cancer LumA SC,CID4067
CID4067_GTACTTTAGGTGACCA,Cancer Epithelial,Cancer LumA SC,CID4067
CID4067_GTAGTCACAAGTCTAC,Cancer Epithelial,Cancer LumA SC,CID4067
CID4067_GTCACGGTCCTGTAGA,Cancer Epithelial,Cancer LumA SC,CID4067
CID4067_GTCGGGTTCATCTGCC,Cancer Epithelial,Cancer LumA SC,CID4067
CID4067_GTCGTAAAGTATCTCG,Cancer Epithelial,Cancer LumA SC,CID4067
CID4067_GTGTGCGAGACTAAGT,Cancer Epithelial,Cancer LumA SC,CID4067
CID4067_GTTCATTTCTTACCTA,Cancer Epithelial,Cancer LumA SC,CID4067
CID4067_TACGGGCAGTTCCACA,Cancer Epithelial,Cancer LumA SC,CID4067
CID4067_TACTCGCCACGGTAAG,Cancer Epithelial,Cancer LumA SC,CID4067
CID4067_TACTTGTTCGGACAAG,Cancer Epithelial,Cancer LumA SC,CID4067
CID4067_TAGCCGGCATATGGTC,Cancer Epithelial,Cancer LumA SC,CID4067
CID4067_TATGCCCGTTACCGAT,Cancer Epithelial,Cancer LumA SC,CID4067
CID4067_TATTACCGTCGGCATC,Cancer Epithelial,Cancer LumA SC,CID4067
CID4067_TCAACGAGTCACTTCC,Cancer Epithelial,Cancer LumA SC,CID4067
CID4067_TCACAAGGTAAGAGAG,Cancer Epithelial,Cancer LumA SC,CID4067
CID4067_TCAGCAACAATAAGCA,Cancer Epithelial,Cancer LumA SC,CID4067
CID4067_TCCACACCATCCAACA,Cancer Epithelial,Cancer LumA SC,CID4067
CID4067_TCTCATAAGTACTTGC,Cancer Epithelial,Cancer LumA SC,CID4067
CID4067_TCTGGAAGTCGGATCC,Cancer Epithelial,Cancer LumA SC,CID4067
CID4067_TGACTTTCATGTCTCC,Cancer Epithelial,Cancer LumA SC,CID4067
CID4067_TGAGGGACAGATCTGT,Cancer Epithelial,Cancer LumA SC,CID4067
CID4067_TGCCCTAAGTGAACGC,Cancer Epithelial,Cancer LumA SC,CID4067
CID4067_TGCTGCTTCTCGATGA,Cancer Epithelial,Cancer LumA SC,CID4067
CID4067_TGGACGCTCTTGCATT,Cancer Epithelial,Cancer LumA SC,CID4067
CID4067_TGGCTGGGTAAATACG,Cancer Epithelial,Cancer LumA SC,CID4067
CID4067_TGGCTGGGTATATGAG,Cancer Epithelial,Cancer LumA SC,CID4067
CID4067_TGGGAAGGTTCCGTCT,Cancer Epithelial,Cancer LumA SC,CID4067
CID4067_TGGGCGTAGCCACGCT,Cancer Epithelial,Cancer LumA SC,CID4067
CID4067_TTCCCAGTCAAGAAGT,Cancer Epithelial,Cancer LumA SC,CID4067
CID4067_TTCTCCTAGAACAATC,Cancer Epithelial,Cancer LumA SC,CID4067
CID4067_TTCTTAGGTGAGTGAC,Cancer Epithelial,Cancer LumA SC,CID4067
CID4067_TTGAACGCAGATCCAT,Cancer Epithelial,Cancer LumA SC,CID4067
CID4067_TTTATGCTCTCGAGTA,Cancer Epithelial,Cancer LumA SC,CID4067
CID4067_TTTGTCATCACGCATA,Cancer Epithelial,Cancer LumA SC,CID4067
CID4398_CCGGTAGCACACCGCA,Endothelial,Endothelial ACKR1,CID4398
CID4398_GAATGAATCAAGCCTA,Endothelial,Endothelial ACKR1,CID4398
CID4398_GTACGTAAGGCCCTTG,Endothelial,Endothelial ACKR1,CID4398
CID4398_TAGTTGGTCTAACGGT,Endothelial,Endothelial ACKR1,CID4398
CID4398_TTCTCCTAGTGTCTCA,Endothelial,Endothelial ACKR1,CID4398
CID4398_TCTATTGCAGGGTATG,Endothelial,Endothelial ACKR1,CID4398
CID4398_CCCAGTTTCCATGAAC,Endothelial,Endothelial CXCL12,CID4398
CID4398_ACGGAGAGTGTTGAGG,Endothelial,Endothelial CXCL12,CID4398
CID4398_CCATGTCGTGGCAAAC,Endothelial,Endothelial CXCL12,CID4398
CID4398_AACTGGTGTCCGCTGA,CAFs,CAFs MSC iCAF-like,CID4398
CID4398_ACTTTCAAGGGCTTGA,CAFs,CAFs MSC iCAF-like,CID4398
CID4398_CCGTACTCAGGACGTA,CAFs,CAFs MSC iCAF-like,CID4398
CID4398_GTCACAACAGTCAGAG,CAFs,CAFs MSC iCAF-like,CID4398
CID4398_TCAGATGGTACTTGAC,CAFs,CAFs MSC iCAF-like,CID4398
CID4398_ACTATCTGTAGTAGTA,CAFs,CAFs MSC iCAF-like,CID4398
CID4398_ACACCAAGTACCGTAT,CAFs,CAFs MSC iCAF-like,CID4398
CID4398_GATGAAAGTCAGAAGC,CAFs,CAFs MSC iCAF-like,CID4398
CID4398_GGGTTGCGTCAGGACA,CAFs,CAFs MSC iCAF-like,CID4398
CID4398_TATCTCACAACTGGCC,CAFs,CAFs MSC iCAF-like,CID4398
CID4398_TGTTCCGAGCTCCTTC,CAFs,CAFs MSC iCAF-like,CID4398
CID4398_GATTCAGTCACCATAG,CAFs,CAFs myCAF-like,CID4398
CID4398_CCTAAAGAGAGGTACC,CAFs,CAFs myCAF-like,CID4398
CID4398_CACATTTGTACCGAGA,CAFs,CAFs myCAF-like,CID4398
CID4398_AAAGCAATCCTGCTTG,CAFs,CAFs myCAF-like,CID4398
CID4398_GAATGAAGTCTCCACT,CAFs,CAFs myCAF-like,CID4398
CID4398_GCTCCTAGTTGGAGGT,CAFs,CAFs myCAF-like,CID4398
CID4398_AACCGCGAGGAGTTGC,PVL,PVL Differentiated,CID4398
CID4398_ACGTCAAGTCTCCCTA,PVL,PVL Differentiated,CID4398
CID4398_AGAATAGCATCGGACC,PVL,PVL Differentiated,CID4398
CID4398_AGCGTATAGAAACGAG,PVL,PVL Differentiated,CID4398
CID4398_CAACTAGAGGCTCATT,PVL,PVL Differentiated,CID4398
CID4398_CACATTTCACGTAAGG,PVL,PVL Differentiated,CID4398
CID4398_CTCTAATGTCATATCG,PVL,PVL Differentiated,CID4398
CID4398_CTGCCTACATCAGTCA,PVL,PVL Differentiated,CID4398
CID4398_GGATTACAGTATCGAA,PVL,PVL Differentiated,CID4398
CID4398_GTTCTCGTCTGTTTGT,PVL,PVL Differentiated,CID4398
CID4398_TGTTCCGAGCCGTCGT,PVL,PVL Differentiated,CID4398
CID4398_TTAGGACAGTTGAGAT,PVL,PVL Differentiated,CID4398
CID4398_TTGAACGCATCGGAAG,PVL,PVL Differentiated,CID4398
CID4398_CGACTTCCAGTTCATG,PVL,PVL Immature,CID4398
CID4398_CTACCCAGTATTAGCC,PVL,PVL Immature,CID4398
CID4398_GCATGCGTCTTGTATC,PVL,PVL Immature,CID4398
CID4398_GCTTGAACATCCAACA,B-cells,B cells Memory,CID4398
CID4398_AATCCAGAGCCACGTC,B-cells,B cells Memory,CID4398
CID4398_ATCCACCGTGTTGAGG,B-cells,B cells Memory,CID4398
CID4398_CTGCCTAAGCCAGGAT,B-cells,B cells Memory,CID4398
CID4398_GCGCAGTCAACTTGAC,B-cells,B cells Memory,CID4398
CID4398_GGCCGATAGATCCTGT,B-cells,B cells Memory,CID4398
CID4398_GGGTTGCCAGGGTACA,B-cells,B cells Memory,CID4398
CID4398_GTCTTCGCAATGGATA,B-cells,B cells Memory,CID4398
CID4398_TCTCTAATCTACTCAT,B-cells,B cells Memory,CID4398
CID4398_TGGCTGGGTTAAGATG,B-cells,B cells Memory,CID4398
CID4398_TTCGGTCCAGCCAATT,B-cells,B cells Memory,CID4398
CID4398_CGTAGGCGTGTGACCC,B-cells,B cells Memory,CID4398
CID4398_CTAAGACAGGTCGGAT,B-cells,B cells Memory,CID4398
CID4398_CCGGGATAGAGCTATA,B-cells,B cells Memory,CID4398
CID4398_CTACATTAGACGACGT,B-cells,B cells Memory,CID4398
CID4398_AAACCTGCATACGCTA,Plasmablasts,Plasmablasts,CID4398
CID4398_AAAGATGTCCGTTGTC,Plasmablasts,Plasmablasts,CID4398
CID4398_ACCTTTAGTACTTAGC,Plasmablasts,Plasmablasts,CID4398
CID4398_AGTTGGTGTCTCCATC,Plasmablasts,Plasmablasts,CID4398
CID4398_ATCTACTGTGCTTCTC,Plasmablasts,Plasmablasts,CID4398
CID4398_CAAGTTGCACACCGCA,Plasmablasts,Plasmablasts,CID4398
CID4398_CAGCTAATCCTCAATT,Plasmablasts,Plasmablasts,CID4398
CID4398_CGCTATCGTGCGAAAC,Plasmablasts,Plasmablasts,CID4398
CID4398_CGCTGGATCGCGCCAA,Plasmablasts,Plasmablasts,CID4398
CID4398_CTCGGAGCATGGTAGG,Plasmablasts,Plasmablasts,CID4398
CID4398_GCAGTTAGTAGGACAC,Plasmablasts,Plasmablasts,CID4398
CID4398_GCTCTGTTCATTTGGG,Plasmablasts,Plasmablasts,CID4398
CID4398_GGTGTTATCACGCGGT,Plasmablasts,Plasmablasts,CID4398
CID4398_GTTACAGAGTGGGATC,Plasmablasts,Plasmablasts,CID4398
CID4398_TATCAGGGTTGCTCCT,Plasmablasts,Plasmablasts,CID4398
CID4398_TCGTAGAAGGAGTTTA,Plasmablasts,Plasmablasts,CID4398
CID4398_TGCTACCTCTTTCCTC,Plasmablasts,Plasmablasts,CID4398
CID4398_ACACCCTAGCAGATCG,Plasmablasts,Plasmablasts,CID4398
CID4398_ACCAGTACAATAACGA,Plasmablasts,Plasmablasts,CID4398
CID4398_AGAGCGAAGCGATTCT,Plasmablasts,Plasmablasts,CID4398
CID4398_AGGTCATTCCTATTCA,Plasmablasts,Plasmablasts,CID4398
CID4398_AGGTCCGAGTAGCGGT,Plasmablasts,Plasmablasts,CID4398
CID4398_ATAGACCTCACCTCGT,Plasmablasts,Plasmablasts,CID4398
CID4398_CACACAAAGTACGTAA,Plasmablasts,Plasmablasts,CID4398
CID4398_CATTCGCGTTCAGGCC,Plasmablasts,Plasmablasts,CID4398
CID4398_CGAGCACGTTACTGAC,Plasmablasts,Plasmablasts,CID4398
CID4398_CGAGCCAAGATGAGAG,Plasmablasts,Plasmablasts,CID4398
CID4398_CGCGGTAGTTCCACAA,Plasmablasts,Plasmablasts,CID4398
CID4398_CTGTTTACACTGCCAG,Plasmablasts,Plasmablasts,CID4398
CID4398_GAAATGATCTCTGTCG,Plasmablasts,Plasmablasts,CID4398
CID4398_GAACATCAGAAGGCCT,Plasmablasts,Plasmablasts,CID4398
CID4398_GAACCTAGTCCGAACC,Plasmablasts,Plasmablasts,CID4398
CID4398_GACTACAAGGAGTTGC,Plasmablasts,Plasmablasts,CID4398
CID4398_GCATGTATCGCGGATC,Plasmablasts,Plasmablasts,CID4398
CID4398_GGACGTCGTAATTGGA,Plasmablasts,Plasmablasts,CID4398
CID4398_GGATTACTCCGATATG,Plasmablasts,Plasmablasts,CID4398
CID4398_GTACGTAGTCCGAACC,Plasmablasts,Plasmablasts,CID4398
CID4398_GTTACAGTCCGTTGTC,Plasmablasts,Plasmablasts,CID4398
CID4398_TACGGGCCAGGGCATA,Plasmablasts,Plasmablasts,CID4398
CID4398_TACTCATTCTGAGTGT,Plasmablasts,Plasmablasts,CID4398
CID4398_TAGTGGTGTAGCTAAA,Plasmablasts,Plasmablasts,CID4398
CID4398_TCCCGATCAGACGTAG,Plasmablasts,Plasmablasts,CID4398
CID4398_TGAGAGGCAATTCCTT,Plasmablasts,Plasmablasts,CID4398
CID4398_TGGTTAGAGTGTTTGC,Plasmablasts,Plasmablasts,CID4398
CID4398_TTAGGACTCCGCGGTA,Plasmablasts,Plasmablasts,CID4398
CID4398_TTCCCAGGTTCAGACT,Plasmablasts,Plasmablasts,CID4398
CID4398_CGTTAGAGTAATTGGA,Plasmablasts,Plasmablasts,CID4398
CID4398_GAATGAATCAACGAAA,Plasmablasts,Plasmablasts,CID4398
CID4398_CCGTTCAGTCCTCTTG,T-cells,T cells CD8+,CID4398
CID4398_AGCTTGACACGTCAGC,T-cells,T cells CD8+,CID4398
CID4398_GATGCTAAGTACACCT,T-cells,T cells CD8+,CID4398
CID4398_TGAGCATGTTGGGACA,T-cells,T cells CD8+,CID4398
CID4398_TGACTAGCAGACACTT,T-cells,T cells CD8+,CID4398
CID4398_AACTCAGTCGAGAGCA,T-cells,T cells CD8+,CID4398
CID4398_CAAGTTGTCGTACGGC,T-cells,T cells CD8+,CID4398
CID4398_CCAATCCCAATACGCT,T-cells,T cells CD8+,CID4398
CID4398_GGAATAAGTTACGGAG,T-cells,T cells CD8+,CID4398
CID4398_GTAGTCATCTGTGCAA,T-cells,T cells CD8+,CID4398
CID4398_TCAGCAAGTTGCGTTA,T-cells,T cells CD8+,CID4398
CID4398_TCACAAGGTCTGCAAT,T-cells,T cells CD8+,CID4398
CID4398_TGCCCTACAATAGAGT,T-cells,T cells CD8+,CID4398
CID4398_TACCTATTCTAGCACA,T-cells,T cells CD8+,CID4398
CID4398_AAAGATGAGACGACGT,T-cells,T cells CD8+,CID4398
CID4398_AACTGGTTCATCATTC,T-cells,T cells CD8+,CID4398
CID4398_AGGCCACTCAGCATGT,T-cells,T cells CD8+,CID4398
CID4398_AGGCCACTCCGAGCCA,T-cells,T cells CD8+,CID4398
CID4398_AGTAGTCGTGTCCTCT,T-cells,T cells CD8+,CID4398
CID4398_ATCCGAATCGAATCCA,T-cells,T cells CD8+,CID4398
CID4398_ATCTACTCAATAGCAA,T-cells,T cells CD8+,CID4398
CID4398_CAGGTGCGTTAGGGTG,T-cells,T cells CD8+,CID4398
CID4398_GGACAAGAGGCTCTTA,T-cells,T cells CD8+,CID4398
CID4398_GGCGTGTCAAGGTGTG,T-cells,T cells CD8+,CID4398
CID4398_GGTGAAGCATCACCCT,T-cells,T cells CD8+,CID4398
CID4398_GTATTCTTCATCTGTT,T-cells,T cells CD8+,CID4398
CID4398_TAAACCGGTTATCCGA,T-cells,T cells CD8+,CID4398
CID4398_TCATTTGGTCGAAAGC,T-cells,T cells CD8+,CID4398
CID4398_TGCGGGTTCCTACAGA,T-cells,T cells CD8+,CID4398
CID4398_TCCCGATCACAAGTAA,T-cells,T cells CD8+,CID4398
CID4398_CTAGAGTGTTCGTTGA,T-cells,T cells CD8+,CID4398
CID4398_ATTACTCTCCAGTATG,T-cells,T cells CD4+,CID4398
CID4398_AAAGCAATCCTGTAGA,T-cells,T cells CD4+,CID4398
CID4398_AGGCCGTAGCTAAGAT,T-cells,T cells CD4+,CID4398
CID4398_CATGACATCGGCGCAT,T-cells,T cells CD4+,CID4398
CID4398_TACTCATGTGCACGAA,T-cells,T cells CD4+,CID4398
CID4398_TATCTCATCCACGACG,T-cells,T cells CD4+,CID4398
CID4398_TTCGAAGTCGTGGTCG,T-cells,T cells CD4+,CID4398
CID4398_GACCTGGCAGACAGGT,T-cells,T cells CD4+,CID4398
CID4398_GGGCACTAGCAGCGTA,T-cells,T cells CD4+,CID4398
CID4398_CTCTACGAGACAAAGG,T-cells,T cells CD4+,CID4398
CID4398_AGTGAGGTCACTTATC,T-cells,T cells CD4+,CID4398
CID4398_CAGCTGGTCTTCAACT,T-cells,T cells CD4+,CID4398
CID4398_CCTACACAGGTAAACT,T-cells,T cells CD4+,CID4398
CID4398_CGAGAAGGTCCAACTA,T-cells,T cells CD4+,CID4398
CID4398_CGGCTAGGTCTCTCTG,T-cells,T cells CD4+,CID4398
CID4398_CTCGGGATCCGCGGTA,T-cells,T cells CD4+,CID4398
CID4398_GACTACACACAGCGTC,T-cells,T cells CD4+,CID4398
CID4398_GACTGCGGTACAGCAG,T-cells,T cells CD4+,CID4398
CID4398_GATGAGGGTTTAGGAA,T-cells,T cells CD4+,CID4398
CID4398_GGAAAGCCAATGTTGC,T-cells,T cells CD4+,CID4398
CID4398_GGACGTCTCGAGGTAG,T-cells,T cells CD4+,CID4398
CID4398_GTCACGGCACCCAGTG,T-cells,T cells CD4+,CID4398
CID4398_TACTCATTCCACGCAG,T-cells,T cells CD4+,CID4398
CID4398_TCTGAGAAGGTCATCT,T-cells,T cells CD4+,CID4398
CID4398_TGACTAGCACATTCGA,T-cells,T cells CD4+,CID4398
CID4398_TGGTTCCCATAGAAAC,T-cells,T cells CD4+,CID4398
CID4398_TTGGAACGTGAACCTT,T-cells,T cells CD4+,CID4398
CID4398_TCGCGTTAGTGCCATT,T-cells,T cells CD4+,CID4398
CID4398_GCTGGGTTCTCTTATG,T-cells,T cells CD4+,CID4398
CID4398_AAGACCTAGTGCCAGA,T-cells,T cells CD4+,CID4398
CID4398_TGATTTCAGTGCAAGC,T-cells,T cells CD4+,CID4398
CID4398_TTTCCTCCAGATTGCT,T-cells,T cells CD4+,CID4398
CID4398_AACTTTCCAAGCCGCT,T-cells,T cells CD4+,CID4398
CID4398_CTGCGGAGTCGAATCT,T-cells,T cells CD4+,CID4398
CID4398_CGGACGTCACTAGTAC,T-cells,T cells CD4+,CID4398
CID4398_ATTATCCGTGTGTGCC,T-cells,T cells CD4+,CID4398
CID4398_CGGAGTCAGGGAGTAA,T-cells,T cells CD4+,CID4398
CID4398_CTGCGGAGTCCCTACT,T-cells,T cells CD4+,CID4398
CID4398_GAACATCCACTGTCGG,T-cells,T cells CD4+,CID4398
CID4398_GTACTCCTCTGTTTGT,T-cells,T cells CD4+,CID4398
CID4398_GTCTTCGGTAAACACA,T-cells,T cells CD4+,CID4398
CID4398_TGTATTCCAAACCCAT,T-cells,T cells CD4+,CID4398
CID4398_TTAGTTCAGACTTTCG,T-cells,T cells CD4+,CID4398
CID4398_TCATTTGAGTGGGATC,T-cells,T cells CD4+,CID4398
CID4398_ACACTGACACGGTAGA,T-cells,T cells CD4+,CID4398
CID4398_CATATGGGTCGCTTTC,T-cells,T cells CD4+,CID4398
CID4398_CTAATGGAGATATACG,T-cells,T cells CD4+,CID4398
CID4398_CTGTTTATCAACGGCC,T-cells,T cells CD4+,CID4398
CID4398_GAGGTGAGTCGGCATC,T-cells,T cells CD4+,CID4398
CID4398_GTTAAGCGTACGCTGC,T-cells,T cells CD4+,CID4398
CID4398_ACACTGATCCCTAATT,Myeloid,Macrophage,CID4398
CID4398_ACAGCCGGTCAAACTC,Myeloid,Macrophage,CID4398
CID4398_CTCATTAAGTTTGCGT,Myeloid,Macrophage,CID4398
CID4398_TGCCCATCACGTGAGA,Myeloid,Macrophage,CID4398
CID4398_TGACGGCAGGAACTGC,Myeloid,Monocyte,CID4398
CID4398_CGTTGGGAGGTGTGGT,Myeloid,Monocyte,CID4398
CID4398_TGAGGGAGTAGGCATG,Myeloid,Monocyte,CID4398
CID4398_TTCGGTCTCGGACAAG,Myeloid,Monocyte,CID4398
CID4398_CTCGGGAGTACAAGTA,Myeloid,Macrophage,CID4398
CID4398_AAAGCAACAGGAATGC,Myeloid,Macrophage,CID4398
CID4398_AGTCTTTAGTGTTGAA,Myeloid,Macrophage,CID4398
CID4398_CGAGCCATCGTTACGA,Myeloid,Macrophage,CID4398
CID4398_CTCTGGTAGTGGTAGC,Myeloid,Macrophage,CID4398
CID4398_CTGAAACCATCCTAGA,Myeloid,Macrophage,CID4398
CID4398_GGAGCAACAGACTCGC,Myeloid,Macrophage,CID4398
CID4398_GTTCGGGGTTCAGGCC,Myeloid,Macrophage,CID4398
CID4398_GCAGCCAGTACGCTGC,Myeloid,Monocyte,CID4398
CID4398_CACCAGGTCCTGCTTG,Myeloid,Monocyte,CID4398
CID4398_GATGAAAAGAGTACCG,Myeloid,Monocyte,CID4398
CID4398_TTCTCAATCGGATGTT,Myeloid,Monocyte,CID4398
CID4398_ACAGCCGTCGATAGAA,Myeloid,Macrophage,CID4398
CID4398_ATGCGATGTGGAAAGA,Myeloid,DCs,CID4398
CID4398_CTAGTGAGTATATGGA,Myeloid,DCs,CID4398
CID4398_ATGGGAGCATGCAATC,Myeloid,DCs,CID4398
CID4398_AAAGTAGGTACACCGC,Myeloid,DCs,CID4398
CID4398_ACTGCTCTCGCTTAGA,Myeloid,DCs,CID4398
CID4398_CTCGGAGTCGTCACGG,Myeloid,DCs,CID4398
CID4398_ATGGGAGCAGGGTATG,Myeloid,DCs,CID4398
CID4398_CCTACCATCGCCGTGA,Myeloid,DCs,CID4398
CID4398_GGGTTGCGTACTCAAC,Myeloid,DCs,CID4398
CID4398_TAGTTGGAGGGAAACA,Myeloid,DCs,CID4398
CID4398_TCAGGTAAGATCTGAA,Myeloid,DCs,CID4398
CID4398_TTGAACGTCCTATTCA,Myeloid,DCs,CID4398
