trial,method,scenario,scenario_desc,r,rho,rmse
0,spacet_v0_none,tumor_purity,Tumor Purity (60-90%),0.929613522703711,0.6587020954566463,0.09233859195423787
0,spacet_v0_none,titration,Titration (0-90%),0.9080937031943808,0.7504718224501882,0.07675605102525666
0,spacet_v0_none,uniform,Uniform (alpha=1.0),0.825238099129796,0.8257025071064685,0.059193799041769586
0,spacet_v0_none,sparse,Sparse (alpha=0.3),0.8965993953325401,0.8372057193936334,0.07231024996126421
0,spacet_v1_ratio,tumor_purity,Tumor Purity (60-90%),0.9407528409712526,0.6595818306559506,0.08662095235237581
0,spacet_v1_ratio,titration,Titration (0-90%),0.9195656771550436,0.7602377782875641,0.07237721318994125
0,spacet_v1_ratio,uniform,Uniform (alpha=1.0),0.8350858044349289,0.837420205737819,0.05728857581366049
0,spacet_v1_ratio,sparse,Sparse (alpha=0.3),0.9056467894662011,0.8458664850124838,0.06924785206599646
0,spacet_v3_irwls,tumor_purity,Tumor Purity (60-90%),0.892089765265544,0.705137236348183,0.11643336243087779
0,spacet_v3_irwls,titration,Titration (0-90%),0.8871850767474928,0.7831767154760337,0.0855337213452202
0,spacet_v3_irwls,uniform,Uniform (alpha=1.0),0.8438332914669491,0.8701664511162742,0.055007943393070864
0,spacet_v3_irwls,sparse,Sparse (alpha=0.3),0.9246070760408427,0.8723974244329596,0.06240544635716408
0,music,tumor_purity,Tumor Purity (60-90%),0.8464129281970472,0.616049908720781,0.1373632648006394
0,music,titration,Titration (0-90%),0.824217005335944,0.7105439867856287,0.10683646352594561
0,music,uniform,Uniform (alpha=1.0),0.862875634626291,0.8275029078813807,0.053118031916945245
0,music,sparse,Sparse (alpha=0.3),0.9425450165436992,0.834679912528692,0.05455607076510856
0,dwls_minor,tumor_purity,Tumor Purity (60-90%),0.8778031389898959,0.6683756106254548,0.1254770647017335
0,dwls_minor,titration,Titration (0-90%),0.7616376719615006,0.7243900007934162,0.1178131276024164
0,dwls_minor,uniform,Uniform (alpha=1.0),0.6189803295595242,0.7833625149953493,0.11669947441728179
0,dwls_minor,sparse,Sparse (alpha=0.3),0.81691546375755,0.8407258369851035,0.10329446974003328
1,spacet_v0_none,tumor_purity,Tumor Purity (60-90%),0.29341834346371537,0.4671273006240034,0.24426466508236452
1,spacet_v0_none,titration,Titration (0-90%),0.33239151158092667,0.6015890794473192,0.1883508401035112
1,spacet_v0_none,uniform,Uniform (alpha=1.0),0.6396405963326276,0.7213268860012236,0.09311843132283594
1,spacet_v0_none,sparse,Sparse (alpha=0.3),0.7645442443469466,0.77538723556631,0.11014405895061809
1,spacet_v1_ratio,tumor_purity,Tumor Purity (60-90%),0.3125111089665597,0.4806040465526809,0.2400545354394694
1,spacet_v1_ratio,titration,Titration (0-90%),0.35039433896824396,0.6179147830332521,0.18476012532978223
1,spacet_v1_ratio,uniform,Uniform (alpha=1.0),0.6589806530519364,0.7373365982681019,0.08966947931440827
1,spacet_v1_ratio,sparse,Sparse (alpha=0.3),0.7814703893574931,0.7905634749872334,0.10583917420160453
1,spacet_v3_irwls,tumor_purity,Tumor Purity (60-90%),0.7232134562293394,0.6204808169953806,0.1597045526194221
1,spacet_v3_irwls,titration,Titration (0-90%),0.7709742165834835,0.7564956812582723,0.11146760277483363
1,spacet_v3_irwls,uniform,Uniform (alpha=1.0),0.7766251239992912,0.8262409198916515,0.06472876405609235
1,spacet_v3_irwls,sparse,Sparse (alpha=0.3),0.8821196182429663,0.8386420119613254,0.07560677796315998
1,music,tumor_purity,Tumor Purity (60-90%),0.8008602904796349,0.5521118777939262,0.1439641136069079
1,music,titration,Titration (0-90%),0.7300954474993065,0.5972952043365726,0.11944825031416727
1,music,uniform,Uniform (alpha=1.0),0.5837460511236435,0.6369859467800006,0.09802096273322985
1,music,sparse,Sparse (alpha=0.3),0.7975665190569853,0.6963022617776324,0.09806665972235562
1,dwls_minor,tumor_purity,Tumor Purity (60-90%),0.6668201281866829,0.5270682755491526,0.17214166501915207
1,dwls_minor,titration,Titration (0-90%),0.5307417097115568,0.5466449340861474,0.1604325191408528
1,dwls_minor,uniform,Uniform (alpha=1.0),0.5075001572215337,0.6481119613065602,0.1439406168927094
1,dwls_minor,sparse,Sparse (alpha=0.3),0.7220508182636984,0.7637701422269713,0.1268764697204819
2,spacet_v0_none,tumor_purity,Tumor Purity (60-90%),0.724240579859962,0.6505767677408038,0.16098148106842558
2,spacet_v0_none,titration,Titration (0-90%),0.7050937628783548,0.7380927166488636,0.1174626220309346
2,spacet_v0_none,uniform,Uniform (alpha=1.0),0.7943060902630675,0.8118119746482364,0.06467247876717952
2,spacet_v0_none,sparse,Sparse (alpha=0.3),0.8847642023619363,0.8249463004247624,0.07783027686285152
2,spacet_v1_ratio,tumor_purity,Tumor Purity (60-90%),0.7414893037770671,0.6578240956472572,0.15688428157741433
2,spacet_v1_ratio,titration,Titration (0-90%),0.720550765805187,0.740502232685335,0.11463577411074523
2,spacet_v1_ratio,uniform,Uniform (alpha=1.0),0.7990811335578694,0.8121692976757531,0.06382251410393326
2,spacet_v1_ratio,sparse,Sparse (alpha=0.3),0.887087365287919,0.8260076424417505,0.07708021108277266
2,spacet_v3_irwls,tumor_purity,Tumor Purity (60-90%),0.8118181499375158,0.6757987306029519,0.14030601986919608
2,spacet_v3_irwls,titration,Titration (0-90%),0.7524972609583155,0.7496435409982125,0.10854186945821039
2,spacet_v3_irwls,uniform,Uniform (alpha=1.0),0.7982342930557811,0.8291322663163339,0.06467372327746106
2,spacet_v3_irwls,sparse,Sparse (alpha=0.3),0.892451800243282,0.8290341389357421,0.07530752505256037
2,music,tumor_purity,Tumor Purity (60-90%),0.9657210626007071,0.6781485677240132,0.08735562583226104
2,music,titration,Titration (0-90%),0.9279795972648154,0.811137093346029,0.0675977752087329
2,music,uniform,Uniform (alpha=1.0),0.9062198693601562,0.8864407065590415,0.04388760190489376
2,music,sparse,Sparse (alpha=0.3),0.9646854524329513,0.8484561916823657,0.04396990672813332
2,dwls_minor,tumor_purity,Tumor Purity (60-90%),0.7469270463754517,0.68726798315462,0.16254122560057
2,dwls_minor,titration,Titration (0-90%),0.66707583220598,0.739701530164432,0.1226704793284215
2,dwls_minor,uniform,Uniform (alpha=1.0),0.74027232533787,0.8292887292043403,0.07921886651743654
2,dwls_minor,sparse,Sparse (alpha=0.3),0.8876967764839478,0.8629598806479036,0.07767608513397456
3,spacet_v0_none,tumor_purity,Tumor Purity (60-90%),0.7089009855167331,0.6274100490799347,0.16216575171849118
3,spacet_v0_none,titration,Titration (0-90%),0.7043196661721687,0.7612461587538093,0.11290367062312094
3,spacet_v0_none,uniform,Uniform (alpha=1.0),0.803850593926848,0.816355709584706,0.062062792686240674
3,spacet_v0_none,sparse,Sparse (alpha=0.3),0.8730152172815637,0.8407684269141791,0.08218908134096424
3,spacet_v1_ratio,tumor_purity,Tumor Purity (60-90%),0.7536133704737302,0.6391491497262547,0.15142632025792177
3,spacet_v1_ratio,titration,Titration (0-90%),0.7425518098054762,0.7702331565986084,0.10592591724638592
3,spacet_v1_ratio,uniform,Uniform (alpha=1.0),0.8125368653988385,0.8237350005536784,0.06046413515215938
3,spacet_v1_ratio,sparse,Sparse (alpha=0.3),0.8795642864229941,0.8432207557364382,0.08000985496616347
3,spacet_v3_irwls,tumor_purity,Tumor Purity (60-90%),0.890557296651951,0.6484540694477291,0.10901687526615036
3,spacet_v3_irwls,titration,Titration (0-90%),0.9015308139759138,0.8094408530934004,0.06811203366023533
3,spacet_v3_irwls,uniform,Uniform (alpha=1.0),0.8259729675325287,0.8232654330236945,0.057148061964706294
3,spacet_v3_irwls,sparse,Sparse (alpha=0.3),0.9058527388077954,0.8505528500395866,0.07061175953474313
3,music,tumor_purity,Tumor Purity (60-90%),0.7311751961292002,0.624687240083077,0.15993527153342688
3,music,titration,Titration (0-90%),0.7180995075672827,0.7354523824828972,0.10953261059749209
3,music,uniform,Uniform (alpha=1.0),0.8402042111167782,0.7903679660273841,0.055264681264021225
3,music,sparse,Sparse (alpha=0.3),0.9224779595432622,0.8037167109068418,0.06432098215350651
3,dwls_minor,tumor_purity,Tumor Purity (60-90%),0.7510437116826835,0.7039002014025671,0.1543912879969065
3,dwls_minor,titration,Titration (0-90%),0.7757509358702951,0.8208875973361666,0.09972480918909217
3,dwls_minor,uniform,Uniform (alpha=1.0),0.9205362064940361,0.916671949590108,0.038187377250965895
3,dwls_minor,sparse,Sparse (alpha=0.3),0.9474881134255598,0.8898299437467506,0.05342367226762421
4,spacet_v0_none,tumor_purity,Tumor Purity (60-90%),0.8702344271192894,0.5471517890021729,0.13418877541187663
4,spacet_v0_none,titration,Titration (0-90%),0.8284283099146237,0.6556656203865425,0.10565739124132242
4,spacet_v0_none,uniform,Uniform (alpha=1.0),0.8333544703324046,0.8201135027981897,0.05746512532614671
4,spacet_v0_none,sparse,Sparse (alpha=0.3),0.9123738691175397,0.8266654130702913,0.06755989312792984
4,spacet_v1_ratio,tumor_purity,Tumor Purity (60-90%),0.8547442672268375,0.5444348087064905,0.13758950932607117
4,spacet_v1_ratio,titration,Titration (0-90%),0.8143991350528719,0.6516876962501651,0.10826439022055466
4,spacet_v1_ratio,uniform,Uniform (alpha=1.0),0.8301026431990818,0.8180140166201978,0.05807029577054506
4,spacet_v1_ratio,sparse,Sparse (alpha=0.3),0.9108912188712517,0.8261924943700127,0.0681093307576726
4,spacet_v3_irwls,tumor_purity,Tumor Purity (60-90%),0.924404265470861,0.6296771654459992,0.09499648896383686
4,spacet_v3_irwls,titration,Titration (0-90%),0.8013204079874917,0.6995457400534534,0.10638295295626794
4,spacet_v3_irwls,uniform,Uniform (alpha=1.0),0.842987487302107,0.8095175933905855,0.05527590794969847
4,spacet_v3_irwls,sparse,Sparse (alpha=0.3),0.9192969102242442,0.8414216048390256,0.06504557321832694
4,music,tumor_purity,Tumor Purity (60-90%),0.9691355815593902,0.5940473932716431,0.07870683911469777
4,music,titration,Titration (0-90%),0.9409810499109995,0.7199937409323223,0.06737127362857824
4,music,uniform,Uniform (alpha=1.0),0.8361080906690366,0.7813588959058902,0.05745725148919679
4,music,sparse,Sparse (alpha=0.3),0.9332037462597175,0.8035143983161076,0.05930191165829731
4,dwls_minor,tumor_purity,Tumor Purity (60-90%),0.9189650406306937,0.7395308631664842,0.10315569933346368
4,dwls_minor,titration,Titration (0-90%),0.9039359969200426,0.7902453047478478,0.08153908066001019
4,dwls_minor,uniform,Uniform (alpha=1.0),0.8963497995690106,0.9022965670165828,0.04521458198127391
4,dwls_minor,sparse,Sparse (alpha=0.3),0.9554012959918339,0.8863927214416739,0.04883944025789874
5,spacet_v0_none,tumor_purity,Tumor Purity (60-90%),-0.09569087092878678,0.5709784058879506,0.35264038246625756
5,spacet_v0_none,titration,Titration (0-90%),-0.010481882003199862,0.5208452790793581,0.2507883409876407
5,spacet_v0_none,uniform,Uniform (alpha=1.0),0.597446139578008,0.6296123046876237,0.10295481465285869
5,spacet_v0_none,sparse,Sparse (alpha=0.3),0.6843475885081686,0.7342726844620453,0.1304176199103936
5,spacet_v1_ratio,tumor_purity,Tumor Purity (60-90%),-0.09738772286212137,0.5805476388365367,0.3530408817699096
5,spacet_v1_ratio,titration,Titration (0-90%),-0.01234107099878677,0.5151576454486511,0.2512229367006852
5,spacet_v1_ratio,uniform,Uniform (alpha=1.0),0.6014037120517968,0.6301008019278888,0.1023128060868958
5,spacet_v1_ratio,sparse,Sparse (alpha=0.3),0.6889658702604728,0.7351688900045821,0.12949191752874956
5,spacet_v3_irwls,tumor_purity,Tumor Purity (60-90%),0.9803428948430093,0.6769979237389124,0.06333579389549952
5,spacet_v3_irwls,titration,Titration (0-90%),0.9541353723612227,0.8392489312050082,0.04908932502867401
5,spacet_v3_irwls,uniform,Uniform (alpha=1.0),0.8619341697373081,0.8596195467726733,0.05087214524647169
5,spacet_v3_irwls,sparse,Sparse (alpha=0.3),0.9228188247211754,0.8629273534983525,0.061934866515602094
5,music,tumor_purity,Tumor Purity (60-90%),0.9207375716562444,0.5372961003444641,0.11673377895554313
5,music,titration,Titration (0-90%),0.8293070304725367,0.6897374458431691,0.09150612159706067
5,music,uniform,Uniform (alpha=1.0),0.8077703235138474,0.7753234110956888,0.06699580944652174
5,music,sparse,Sparse (alpha=0.3),0.8980456116807396,0.8043228808501351,0.07090869368819526
5,dwls_minor,tumor_purity,Tumor Purity (60-90%),0.7840276849320862,0.7022016469290983,0.15298728572298603
5,dwls_minor,titration,Titration (0-90%),0.6309810268464884,0.7406587513036224,0.12538503637054557
5,dwls_minor,uniform,Uniform (alpha=1.0),0.7186522025524243,0.8137487346961116,0.08818914951424459
5,dwls_minor,sparse,Sparse (alpha=0.3),0.8570886459223076,0.8737162030914554,0.0861603658968771
6,spacet_v0_none,tumor_purity,Tumor Purity (60-90%),0.7271201120277947,0.5237457665066697,0.15778045830383267
6,spacet_v0_none,titration,Titration (0-90%),0.6964083668849586,0.5728609485043513,0.12634915592622095
6,spacet_v0_none,uniform,Uniform (alpha=1.0),0.7376843332518397,0.7233328743251165,0.07594742619207655
6,spacet_v0_none,sparse,Sparse (alpha=0.3),0.8617613041801088,0.7942676452779521,0.08446133276589758
6,spacet_v1_ratio,tumor_purity,Tumor Purity (60-90%),0.686298698168742,0.5177595141293129,0.16615615583543644
6,spacet_v1_ratio,titration,Titration (0-90%),0.6648453057002817,0.580018588683079,0.13162566472883583
6,spacet_v1_ratio,uniform,Uniform (alpha=1.0),0.7471072872663831,0.749491644748995,0.07462498637677886
6,spacet_v1_ratio,sparse,Sparse (alpha=0.3),0.8639979754935965,0.8047618852709353,0.08383015916167083
6,spacet_v3_irwls,tumor_purity,Tumor Purity (60-90%),0.9423429808206352,0.6307281522093587,0.08202756020923142
6,spacet_v3_irwls,titration,Titration (0-90%),0.9268001562214881,0.7577500821006136,0.06612662573248751
6,spacet_v3_irwls,uniform,Uniform (alpha=1.0),0.8306235388824833,0.8154672972953347,0.059303344355739494
6,spacet_v3_irwls,sparse,Sparse (alpha=0.3),0.9116422525579984,0.849858761236162,0.06843807540633395
6,music,tumor_purity,Tumor Purity (60-90%),0.9432054943838467,0.5392438421399436,0.09187195485447519
6,music,titration,Titration (0-90%),0.8718841707682284,0.6611824637196699,0.08793439413696336
6,music,uniform,Uniform (alpha=1.0),0.6882693508861685,0.6778495799539059,0.08449834432236414
6,music,sparse,Sparse (alpha=0.3),0.8523965834704068,0.7566335416350024,0.08726184229303015
6,dwls_minor,tumor_purity,Tumor Purity (60-90%),0.8695440771042873,0.6395648314461303,0.11434902649753195
6,dwls_minor,titration,Titration (0-90%),0.6529872270521699,0.6395718896469773,0.14848510742453078
6,dwls_minor,uniform,Uniform (alpha=1.0),0.3914793381165746,0.6413202465830394,0.1708291074481361
6,dwls_minor,sparse,Sparse (alpha=0.3),0.728874322383514,0.7538029421900059,0.1326171299951338
7,spacet_v0_none,tumor_purity,Tumor Purity (60-90%),0.5620686677529111,0.4871881521801028,0.19275794476701946
7,spacet_v0_none,titration,Titration (0-90%),0.5708639278665549,0.6177829515506905,0.14794651063150974
7,spacet_v0_none,uniform,Uniform (alpha=1.0),0.6713461819523332,0.7192838747121655,0.08779226538495429
7,spacet_v0_none,sparse,Sparse (alpha=0.3),0.815755106306653,0.7943132598865046,0.09974505179260149
7,spacet_v1_ratio,tumor_purity,Tumor Purity (60-90%),0.6406216158359801,0.5268196816465296,0.17699462676126762
7,spacet_v1_ratio,titration,Titration (0-90%),0.6403359396304882,0.6472040658885797,0.13566889962261178
7,spacet_v1_ratio,uniform,Uniform (alpha=1.0),0.7046682857751336,0.7439217301210963,0.08188090340010189
7,spacet_v1_ratio,sparse,Sparse (alpha=0.3),0.8377221452132527,0.8059011511071155,0.09340648762009396
7,spacet_v3_irwls,tumor_purity,Tumor Purity (60-90%),0.8489481718160826,0.6078033140356848,0.12606382191395354
7,spacet_v3_irwls,titration,Titration (0-90%),0.8278142271696749,0.7154975666375081,0.09703880113386334
7,spacet_v3_irwls,uniform,Uniform (alpha=1.0),0.772404682739938,0.780801633912449,0.06731381694460495
7,spacet_v3_irwls,sparse,Sparse (alpha=0.3),0.8850709053711805,0.825583756188975,0.07803868554877548
7,music,tumor_purity,Tumor Purity (60-90%),0.9858570555017953,0.5660263920560661,0.05025062437251059
7,music,titration,Titration (0-90%),0.9446059389907001,0.6959425022190854,0.05779595703152421
7,music,uniform,Uniform (alpha=1.0),0.8203023633008335,0.7432325352097158,0.06068877529757882
7,music,sparse,Sparse (alpha=0.3),0.9160637021198599,0.7992689409874002,0.06722510799148203
7,dwls_minor,tumor_purity,Tumor Purity (60-90%),0.9099396836218774,0.7615471191732152,0.10230609166736851
7,dwls_minor,titration,Titration (0-90%),0.9080489926167724,0.8281295906738606,0.07444618930282002
7,dwls_minor,uniform,Uniform (alpha=1.0),0.9221792708948913,0.919421746735107,0.03971898643146217
7,dwls_minor,sparse,Sparse (alpha=0.3),0.9690603905841314,0.9082915950612753,0.04137106566228167
8,spacet_v0_none,tumor_purity,Tumor Purity (60-90%),0.9939574080696356,0.7555458236011632,0.04100616085746698
8,spacet_v0_none,titration,Titration (0-90%),0.9528878063439578,0.8766255680198479,0.06038582029574703
8,spacet_v0_none,uniform,Uniform (alpha=1.0),0.8534379484948619,0.8637093039280656,0.05704904037882556
8,spacet_v0_none,sparse,Sparse (alpha=0.3),0.927888478359242,0.8928292287695592,0.06286459589655327
8,spacet_v1_ratio,tumor_purity,Tumor Purity (60-90%),0.9939406290459106,0.755462148847681,0.04087129727202421
8,spacet_v1_ratio,titration,Titration (0-90%),0.9535582383856023,0.8772398896626419,0.059941059912986906
8,spacet_v1_ratio,uniform,Uniform (alpha=1.0),0.8566814645577795,0.8676956403123517,0.05624576550292215
8,spacet_v1_ratio,sparse,Sparse (alpha=0.3),0.9294585440308644,0.893749427214499,0.06213452856314306
8,spacet_v3_irwls,tumor_purity,Tumor Purity (60-90%),0.9850863472825563,0.6709199721297976,0.04074238916851321
8,spacet_v3_irwls,titration,Titration (0-90%),0.9403473873221054,0.8361848876625712,0.05182876409392314
8,spacet_v3_irwls,uniform,Uniform (alpha=1.0),0.8423731394460777,0.8444452838678619,0.05812060060675976
8,spacet_v3_irwls,sparse,Sparse (alpha=0.3),0.9292203392946558,0.8842057746195414,0.061584881504313044
8,music,tumor_purity,Tumor Purity (60-90%),0.9921580637679308,0.7584264969378083,0.03131255890328623
8,music,titration,Titration (0-90%),0.9393057361484176,0.8457262950109645,0.05150806725804708
8,music,uniform,Uniform (alpha=1.0),0.8180429876318825,0.7859868757615175,0.06409832537298606
8,music,sparse,Sparse (alpha=0.3),0.9141023550637161,0.8270886227187437,0.06763428807670564
8,dwls_minor,tumor_purity,Tumor Purity (60-90%),0.6943608358981301,0.7797238015386438,0.16752418168823047
8,dwls_minor,titration,Titration (0-90%),0.7004073835145253,0.8238185925758162,0.10705319190888443
8,dwls_minor,uniform,Uniform (alpha=1.0),0.9072224024974593,0.8814798893456449,0.04403281045028327
8,dwls_minor,sparse,Sparse (alpha=0.3),0.9437720224188193,0.9036408315976316,0.05485001077442369
9,spacet_v0_none,tumor_purity,Tumor Purity (60-90%),0.748282868021361,0.6408702888005974,0.1544881617611138
9,spacet_v0_none,titration,Titration (0-90%),0.6916484222393082,0.6312904447636309,0.11253540345153244
9,spacet_v0_none,uniform,Uniform (alpha=1.0),0.7051944646196836,0.7030504239465952,0.0751781456321006
9,spacet_v0_none,sparse,Sparse (alpha=0.3),0.8588988078183782,0.799291700505434,0.08294703001529455
9,spacet_v1_ratio,tumor_purity,Tumor Purity (60-90%),0.7916239856033301,0.6354988589756727,0.14383759400226842
9,spacet_v1_ratio,titration,Titration (0-90%),0.7296508384560865,0.6420087276499612,0.10629670577189679
9,spacet_v1_ratio,uniform,Uniform (alpha=1.0),0.7148538454684032,0.7068885040492908,0.07369517902795993
9,spacet_v1_ratio,sparse,Sparse (alpha=0.3),0.8653727550981148,0.8025424900208181,0.08114814987777526
9,spacet_v3_irwls,tumor_purity,Tumor Purity (60-90%),0.9453923110216998,0.5935507146581537,0.0824140847402862
9,spacet_v3_irwls,titration,Titration (0-90%),0.9073727075483036,0.746734731048696,0.06554447176090807
9,spacet_v3_irwls,uniform,Uniform (alpha=1.0),0.8164393288538079,0.7904844558806817,0.05820467772342376
9,spacet_v3_irwls,sparse,Sparse (alpha=0.3),0.9062978607394397,0.8345573297333193,0.06875434012342761
9,music,tumor_purity,Tumor Purity (60-90%),0.6648603206206228,0.561179813625127,0.17203900699255764
9,music,titration,Titration (0-90%),0.5392058626335402,0.5532901957354441,0.1391640242041826
9,music,uniform,Uniform (alpha=1.0),0.49949340537758935,0.6058278153394843,0.10937726309446333
9,music,sparse,Sparse (alpha=0.3),0.780472606072572,0.7089675228352336,0.1023272171651292
9,dwls_minor,tumor_purity,Tumor Purity (60-90%),0.872094967243201,0.6802372741853683,0.12191747700345966
9,dwls_minor,titration,Titration (0-90%),0.8103733576035571,0.7453534532024706,0.09115979343230285
9,dwls_minor,uniform,Uniform (alpha=1.0),0.7741213251297163,0.8037752789429874,0.06939323370929762
9,dwls_minor,sparse,Sparse (alpha=0.3),0.886907409858957,0.8566901693482936,0.07594477339048011
10,spacet_v0_none,tumor_purity,Tumor Purity (60-90%),0.8042008686082945,0.59615893170774,0.14311522838498317
10,spacet_v0_none,titration,Titration (0-90%),0.754219816949639,0.6745589414742487,0.11346809297189672
10,spacet_v0_none,uniform,Uniform (alpha=1.0),0.724720962647461,0.7044411146487104,0.0760052332427832
10,spacet_v0_none,sparse,Sparse (alpha=0.3),0.8731228582688987,0.812173338892773,0.07967856861163745
10,spacet_v1_ratio,tumor_purity,Tumor Purity (60-90%),0.8045038655682205,0.6009577654566015,0.1427207964709104
10,spacet_v1_ratio,titration,Titration (0-90%),0.7563536056520052,0.6811333097114719,0.11304611301223287
10,spacet_v1_ratio,uniform,Uniform (alpha=1.0),0.725624989135108,0.7071839030679139,0.07589528196716597
10,spacet_v1_ratio,sparse,Sparse (alpha=0.3),0.8730235327937986,0.8132941979932108,0.07972699743037137
10,spacet_v3_irwls,tumor_purity,Tumor Purity (60-90%),0.7927323940534703,0.6413679432601993,0.14477371073455159
10,spacet_v3_irwls,titration,Titration (0-90%),0.7090616113397477,0.7466221745472381,0.12306390569035938
10,spacet_v3_irwls,uniform,Uniform (alpha=1.0),0.7661294518809887,0.7903851272760569,0.07057441301820552
10,spacet_v3_irwls,sparse,Sparse (alpha=0.3),0.8748818699282274,0.8478414155136995,0.07960655854757946
10,music,tumor_purity,Tumor Purity (60-90%),0.6642359358389073,0.6282606281030536,0.17688706349523753
10,music,titration,Titration (0-90%),0.6436317001982089,0.6601550865057371,0.13242614473871198
10,music,uniform,Uniform (alpha=1.0),0.7632622861124451,0.7431766896144553,0.07088147122604894
10,music,sparse,Sparse (alpha=0.3),0.895301095950491,0.8116802374374439,0.07239125977325817
10,dwls_minor,tumor_purity,Tumor Purity (60-90%),0.9364825103125515,0.7229975808648724,0.09825859415281203
10,dwls_minor,titration,Titration (0-90%),0.9152951892528752,0.8309665017244163,0.07427424000164484
10,dwls_minor,uniform,Uniform (alpha=1.0),0.9096276245052531,0.921936327758126,0.042571172097190184
10,dwls_minor,sparse,Sparse (alpha=0.3),0.960144291868198,0.9284932769449069,0.04540913115205786
11,spacet_v0_none,tumor_purity,Tumor Purity (60-90%),0.0921161774461872,0.4393100237618682,0.27651512621761165
11,spacet_v0_none,titration,Titration (0-90%),0.1398101723754696,0.47687789651159934,0.21428027934893487
11,spacet_v0_none,uniform,Uniform (alpha=1.0),0.5208301678867409,0.6197839042139387,0.10695490061180504
11,spacet_v0_none,sparse,Sparse (alpha=0.3),0.6836210515657194,0.715347479522467,0.12763751357512235
11,spacet_v1_ratio,tumor_purity,Tumor Purity (60-90%),0.11574813127062636,0.44126839599709844,0.27116340729419075
11,spacet_v1_ratio,titration,Titration (0-90%),0.1568284119789115,0.48114395027837953,0.21134227372773362
11,spacet_v1_ratio,uniform,Uniform (alpha=1.0),0.5098417723846694,0.6224852602454849,0.10902826917334495
11,spacet_v1_ratio,sparse,Sparse (alpha=0.3),0.6771450379321494,0.7193165788759588,0.12923835692836927
11,spacet_v3_irwls,tumor_purity,Tumor Purity (60-90%),0.8931938741773684,0.639849078257901,0.11435000230499123
11,spacet_v3_irwls,titration,Titration (0-90%),0.8651546002421128,0.6901024904281742,0.08899100860279835
11,spacet_v3_irwls,uniform,Uniform (alpha=1.0),0.7702900250318165,0.7302427066894411,0.06628208886669623
11,spacet_v3_irwls,sparse,Sparse (alpha=0.3),0.8864790368709431,0.8124166812493229,0.07632866226404805
11,music,tumor_purity,Tumor Purity (60-90%),0.8835849753172433,0.5043879580132662,0.13293834932325585
11,music,titration,Titration (0-90%),0.8320522217907425,0.6196893238031774,0.10710477196497266
11,music,uniform,Uniform (alpha=1.0),0.7527270917098167,0.7700540747427705,0.06742028178277
11,music,sparse,Sparse (alpha=0.3),0.9001023764653334,0.7847685023887352,0.07263855409869832
11,dwls_minor,tumor_purity,Tumor Purity (60-90%),0.8715526521893127,0.6890240517853318,0.11722867705327
11,dwls_minor,titration,Titration (0-90%),0.8640135613427521,0.7641263310944877,0.0906489930079919
11,dwls_minor,uniform,Uniform (alpha=1.0),0.90944500198475,0.9004800699220008,0.0411058942461072
11,dwls_minor,sparse,Sparse (alpha=0.3),0.9585106729567343,0.8980554520810201,0.047071528756958005
12,spacet_v0_none,tumor_purity,Tumor Purity (60-90%),0.4423242234537078,0.5814144959396227,0.21570697599293015
12,spacet_v0_none,titration,Titration (0-90%),0.4879652959060355,0.6790963008921662,0.1557422564828687
12,spacet_v0_none,uniform,Uniform (alpha=1.0),0.7164963370157101,0.7396597566685437,0.0784465320110059
12,spacet_v0_none,sparse,Sparse (alpha=0.3),0.8333197407512303,0.7984567131028651,0.09408408537615512
12,spacet_v1_ratio,tumor_purity,Tumor Purity (60-90%),0.4626502499625827,0.573324829027599,0.21066950254468916
12,spacet_v1_ratio,titration,Titration (0-90%),0.508864346781279,0.6770403868808854,0.15124678369329336
12,spacet_v1_ratio,uniform,Uniform (alpha=1.0),0.7388539580579926,0.7540565785573343,0.07416029853597082
12,spacet_v1_ratio,sparse,Sparse (alpha=0.3),0.8482750967812414,0.8069581856008533,0.08954416145295543
12,spacet_v3_irwls,tumor_purity,Tumor Purity (60-90%),0.9939283565803778,0.768024974635233,0.025598006386281864
12,spacet_v3_irwls,titration,Titration (0-90%),0.9630711764511246,0.8305733730798109,0.045087300089686255
12,spacet_v3_irwls,uniform,Uniform (alpha=1.0),0.862929958242017,0.8536866440713239,0.052738991524157425
12,spacet_v3_irwls,sparse,Sparse (alpha=0.3),0.9321556045897903,0.8606971096104793,0.060616901638760184
12,music,tumor_purity,Tumor Purity (60-90%),0.9746981532208273,0.7510500531853769,0.06658735528876611
12,music,titration,Titration (0-90%),0.9143180867036959,0.8181814147508895,0.06898258760222391
12,music,uniform,Uniform (alpha=1.0),0.7930337232741913,0.7982209359484983,0.06912372179808628
12,music,sparse,Sparse (alpha=0.3),0.896778481452124,0.8192028594703404,0.07523418954741969
12,dwls_minor,tumor_purity,Tumor Purity (60-90%),0.8143407555336483,0.7219263849928544,0.14261849101329072
12,dwls_minor,titration,Titration (0-90%),0.7208951958268991,0.7139006971192786,0.11637870936033384
12,dwls_minor,uniform,Uniform (alpha=1.0),0.6861304249677558,0.7200581687422333,0.09807572919800442
12,dwls_minor,sparse,Sparse (alpha=0.3),0.8330926582665709,0.7951203753081105,0.09885231412052303
13,spacet_v0_none,tumor_purity,Tumor Purity (60-90%),0.16560870375739942,0.5976119376626036,0.27929123875281064
13,spacet_v0_none,titration,Titration (0-90%),0.2211163923695221,0.6652912895697094,0.2053495584992944
13,spacet_v0_none,uniform,Uniform (alpha=1.0),0.7051245959595331,0.7324265882631936,0.07898179423813213
13,spacet_v0_none,sparse,Sparse (alpha=0.3),0.7524601789359836,0.7743621685318505,0.11455168871303613
13,spacet_v1_ratio,tumor_purity,Tumor Purity (60-90%),0.1775230435109766,0.6003393856009306,0.27620240374737776
13,spacet_v1_ratio,titration,Titration (0-90%),0.23259266939072554,0.6685233263654045,0.2030122883719268
13,spacet_v1_ratio,uniform,Uniform (alpha=1.0),0.7086481081260165,0.7346297367468277,0.07832869370638804
13,spacet_v1_ratio,sparse,Sparse (alpha=0.3),0.7589391249537278,0.7771322453017855,0.11297498358543868
13,spacet_v3_irwls,tumor_purity,Tumor Purity (60-90%),0.9780555347176915,0.7263110250201774,0.057666495771620634
13,spacet_v3_irwls,titration,Titration (0-90%),0.9296172457980281,0.8248661113725685,0.06448071143894167
13,spacet_v3_irwls,uniform,Uniform (alpha=1.0),0.8534369854810191,0.8488479083319055,0.05396596188296584
13,spacet_v3_irwls,sparse,Sparse (alpha=0.3),0.9221539454116304,0.8601571593857215,0.06524996170705169
13,music,tumor_purity,Tumor Purity (60-90%),0.87155573775772,0.662983106040595,0.12397342256172988
13,music,titration,Titration (0-90%),0.8306076640995206,0.7177719237460136,0.09876955621444275
13,music,uniform,Uniform (alpha=1.0),0.8481321427019043,0.8204061491856982,0.055631065487749355
13,music,sparse,Sparse (alpha=0.3),0.9277695371456985,0.8331601000242059,0.06291086029622601
13,dwls_minor,tumor_purity,Tumor Purity (60-90%),0.9797456797238459,0.7923592326148319,0.06548200118095432
13,dwls_minor,titration,Titration (0-90%),0.927965610300191,0.8523693180850354,0.0669563254597848
13,dwls_minor,uniform,Uniform (alpha=1.0),0.8219414518566492,0.8283586030496892,0.06219101533020247
13,dwls_minor,sparse,Sparse (alpha=0.3),0.9256447664081455,0.8744984411722639,0.0640924195419193
14,spacet_v0_none,tumor_purity,Tumor Purity (60-90%),0.6533864482152584,0.5163862132449418,0.17215593660537581
14,spacet_v0_none,titration,Titration (0-90%),0.632087520846828,0.6254446989626651,0.12898305583267536
14,spacet_v0_none,uniform,Uniform (alpha=1.0),0.7673910460118649,0.7745118420285751,0.06644962533292892
14,spacet_v0_none,sparse,Sparse (alpha=0.3),0.8637288449759297,0.8143276268562101,0.08647495179972028
14,spacet_v1_ratio,tumor_purity,Tumor Purity (60-90%),0.6847002577375472,0.5390961089048,0.16585129363677373
14,spacet_v1_ratio,titration,Titration (0-90%),0.6617885913476632,0.6407047511178793,0.12463126333837507
14,spacet_v1_ratio,uniform,Uniform (alpha=1.0),0.7718842104264202,0.7777164136815122,0.06555486953071092
14,spacet_v1_ratio,sparse,Sparse (alpha=0.3),0.8670156554282842,0.8153566884600939,0.08547125962276224
14,spacet_v3_irwls,tumor_purity,Tumor Purity (60-90%),0.8964940596356714,0.6456553167222593,0.10324930896860411
14,spacet_v3_irwls,titration,Titration (0-90%),0.9055993707900596,0.7607744614915066,0.07078680994944972
14,spacet_v3_irwls,uniform,Uniform (alpha=1.0),0.7334369989829923,0.7550133619391067,0.07205701505565885
14,spacet_v3_irwls,sparse,Sparse (alpha=0.3),0.8741946241407773,0.8270110205164225,0.08326784542842161
14,music,tumor_purity,Tumor Purity (60-90%),0.8385026800225106,0.5574737782670316,0.13241681387108872
14,music,titration,Titration (0-90%),0.8136965260881879,0.6663978279424417,0.09834923584972305
14,music,uniform,Uniform (alpha=1.0),0.8366418586145927,0.8097394575047866,0.05426604703942055
14,music,sparse,Sparse (alpha=0.3),0.9283104010262059,0.8255989929815374,0.0643322980263996
14,dwls_minor,tumor_purity,Tumor Purity (60-90%),0.8798603557444058,0.7645941229514166,0.10854114732349007
14,dwls_minor,titration,Titration (0-90%),0.8435395391424123,0.7636291840950679,0.08922172469417028
14,dwls_minor,uniform,Uniform (alpha=1.0),0.8541170645586884,0.8417559618769015,0.05225256158292637
14,dwls_minor,sparse,Sparse (alpha=0.3),0.9450329471579445,0.8881411566988773,0.05615811074855515
15,spacet_v0_none,tumor_purity,Tumor Purity (60-90%),0.10626852324380591,0.5314405190912899,0.29350658955941755
15,spacet_v0_none,titration,Titration (0-90%),0.17006353911619745,0.6369162592992964,0.21317037212231477
15,spacet_v0_none,uniform,Uniform (alpha=1.0),0.6278469625850605,0.7145499819064851,0.09422013401610982
15,spacet_v0_none,sparse,Sparse (alpha=0.3),0.7190759571774852,0.7734682126849726,0.11850614313612481
15,spacet_v1_ratio,tumor_purity,Tumor Purity (60-90%),0.10556508437809141,0.5446401096509791,0.2944276795214489
15,spacet_v1_ratio,titration,Titration (0-90%),0.16982439775708008,0.6439260497259351,0.21373764281734467
15,spacet_v1_ratio,uniform,Uniform (alpha=1.0),0.6331557925444017,0.7233599883328464,0.09360533573134577
15,spacet_v1_ratio,sparse,Sparse (alpha=0.3),0.7239969383567069,0.7789255088188632,0.11759438447234813
15,spacet_v3_irwls,tumor_purity,Tumor Purity (60-90%),0.7908798698941325,0.575778602460982,0.14515473237896975
15,spacet_v3_irwls,titration,Titration (0-90%),0.6568675104606629,0.6828690602315448,0.12729129909889494
15,spacet_v3_irwls,uniform,Uniform (alpha=1.0),0.7828337262360803,0.7899953691600102,0.0651616042960956
15,spacet_v3_irwls,sparse,Sparse (alpha=0.3),0.859433674056011,0.8180069846569423,0.08299595327883953
15,music,tumor_purity,Tumor Purity (60-90%),0.949783870801683,0.6344025576629686,0.08366696457520824
15,music,titration,Titration (0-90%),0.9113735048202442,0.7399137261012315,0.07019020173500412
15,music,uniform,Uniform (alpha=1.0),0.8155965765226596,0.7912127154818387,0.06101747811711598
15,music,sparse,Sparse (alpha=0.3),0.9205062015262342,0.8342758875603737,0.06340860579549122
15,dwls_minor,tumor_purity,Tumor Purity (60-90%),0.9418112584833566,0.5779468531155384,0.0809030812748646
15,dwls_minor,titration,Titration (0-90%),0.8565268707264221,0.6680317034453642,0.08640876470497465
15,dwls_minor,uniform,Uniform (alpha=1.0),0.5451957780323639,0.6104267509031072,0.10639680402761291
15,dwls_minor,sparse,Sparse (alpha=0.3),0.8353404364003101,0.7479436682553304,0.09020964550360891
16,spacet_v0_none,tumor_purity,Tumor Purity (60-90%),0.28712978729920957,0.4807250719988031,0.2291363960297296
16,spacet_v0_none,titration,Titration (0-90%),0.3430790400655819,0.5706269163463193,0.17166711868713747
16,spacet_v0_none,uniform,Uniform (alpha=1.0),0.7268828284818826,0.7502267708965582,0.07387832799742272
16,spacet_v0_none,sparse,Sparse (alpha=0.3),0.8413730724799898,0.7872159307942952,0.08862817845351266
16,spacet_v1_ratio,tumor_purity,Tumor Purity (60-90%),0.34443019714196105,0.47757714328906964,0.22089321741898377
16,spacet_v1_ratio,titration,Titration (0-90%),0.3907926223220681,0.575718712289615,0.1653350795197528
16,spacet_v1_ratio,uniform,Uniform (alpha=1.0),0.738855946571628,0.7583950173755514,0.0712522461731142
16,spacet_v1_ratio,sparse,Sparse (alpha=0.3),0.8479238014959947,0.7855482101819418,0.0864828273192645
16,spacet_v3_irwls,tumor_purity,Tumor Purity (60-90%),0.8695333511530415,0.5936565144152834,0.1172525232500586
16,spacet_v3_irwls,titration,Titration (0-90%),0.8695813054889779,0.7120090918278927,0.08499926877437515
16,spacet_v3_irwls,uniform,Uniform (alpha=1.0),0.752545154291753,0.7426537900814193,0.0671090261534
16,spacet_v3_irwls,sparse,Sparse (alpha=0.3),0.8759079995305532,0.7900925322761336,0.07757729130577827
16,music,tumor_purity,Tumor Purity (60-90%),0.6366194799228478,0.5441160297506843,0.17865701024889422
16,music,titration,Titration (0-90%),0.6318919062804097,0.6029534241409165,0.1333244114045974
16,music,uniform,Uniform (alpha=1.0),0.8275140440784386,0.8205095834581555,0.05647252664320097
16,music,sparse,Sparse (alpha=0.3),0.8971341622456219,0.8061781091742529,0.07108728199241048
16,dwls_minor,tumor_purity,Tumor Purity (60-90%),0.9319902393311921,0.7371935621537449,0.08685507135580739
16,dwls_minor,titration,Titration (0-90%),0.9200975996585409,0.8007120412693954,0.06826553468936997
16,dwls_minor,uniform,Uniform (alpha=1.0),0.9223826743572964,0.8998054752486035,0.03763759822798129
16,dwls_minor,sparse,Sparse (alpha=0.3),0.9653179909644805,0.8864934790508839,0.04244031650359844
17,spacet_v0_none,tumor_purity,Tumor Purity (60-90%),0.9661875131587059,0.5851291803381943,0.08539944346446506
17,spacet_v0_none,titration,Titration (0-90%),0.9199164041754682,0.7620773331878499,0.06904382919351741
17,spacet_v0_none,uniform,Uniform (alpha=1.0),0.8245812530901793,0.8353958238626609,0.06013023398074527
17,spacet_v0_none,sparse,Sparse (alpha=0.3),0.9041529689634403,0.857840124379819,0.06891414124954877
17,spacet_v1_ratio,tumor_purity,Tumor Purity (60-90%),0.9681094977182505,0.5914699105738798,0.08406803317652556
17,spacet_v1_ratio,titration,Titration (0-90%),0.9217681852633783,0.7651667645193457,0.06829902209473879
17,spacet_v1_ratio,uniform,Uniform (alpha=1.0),0.825458446773502,0.835946148971044,0.059960827152961575
17,spacet_v1_ratio,sparse,Sparse (alpha=0.3),0.9046663172561242,0.8588741456111997,0.06873631207575011
17,spacet_v3_irwls,tumor_purity,Tumor Purity (60-90%),0.9850097716603717,0.6400175511624765,0.07749456788645157
17,spacet_v3_irwls,titration,Titration (0-90%),0.9508123450965597,0.8071768137920067,0.054463874843778994
17,spacet_v3_irwls,uniform,Uniform (alpha=1.0),0.8389298464509874,0.8536464834846689,0.056885819422174654
17,spacet_v3_irwls,sparse,Sparse (alpha=0.3),0.9160324882624054,0.868470012202033,0.06414496790276503
17,music,tumor_purity,Tumor Purity (60-90%),0.9576245025706238,0.5997956711707155,0.09372432917739401
17,music,titration,Titration (0-90%),0.914892634219442,0.7541055357473617,0.07477710536245254
17,music,uniform,Uniform (alpha=1.0),0.8320314815844646,0.7978663078380205,0.05785016788490245
17,music,sparse,Sparse (alpha=0.3),0.9298938937256346,0.8235435808381147,0.05891708496668279
17,dwls_minor,tumor_purity,Tumor Purity (60-90%),0.9733863406766242,0.7370721115673329,0.07950130418181593
17,dwls_minor,titration,Titration (0-90%),0.918382351436711,0.8514318717380024,0.06987574228403362
17,dwls_minor,uniform,Uniform (alpha=1.0),0.8490078917724699,0.9100742870599652,0.05694651898312046
17,dwls_minor,sparse,Sparse (alpha=0.3),0.9308473373136508,0.9243711178549863,0.0588523957734231
18,spacet_v0_none,tumor_purity,Tumor Purity (60-90%),0.9888096510263799,0.753199871719519,0.035500195467281156
18,spacet_v0_none,titration,Titration (0-90%),0.9493819092162208,0.7971269591058269,0.05603363743592005
18,spacet_v0_none,uniform,Uniform (alpha=1.0),0.7756195074449832,0.7539495153576122,0.06732349206539903
18,spacet_v0_none,sparse,Sparse (alpha=0.3),0.8642403754817026,0.8097219358458806,0.08213827898288471
18,spacet_v1_ratio,tumor_purity,Tumor Purity (60-90%),0.9886092144153605,0.7555141523871027,0.0355394810688852
18,spacet_v1_ratio,titration,Titration (0-90%),0.9487671141144339,0.7990564772255381,0.056140217739669575
18,spacet_v1_ratio,uniform,Uniform (alpha=1.0),0.7749644837208696,0.7566741280133037,0.06733216636204073
18,spacet_v1_ratio,sparse,Sparse (alpha=0.3),0.8647210599730336,0.8122171216043892,0.08195615506335117
18,spacet_v3_irwls,tumor_purity,Tumor Purity (60-90%),0.9785009908987147,0.6621370627224251,0.04873599399847661
18,spacet_v3_irwls,titration,Titration (0-90%),0.958756275306319,0.8162680565517144,0.04941866104846614
18,spacet_v3_irwls,uniform,Uniform (alpha=1.0),0.8023070479279535,0.7989407253894698,0.06262572711353098
18,spacet_v3_irwls,sparse,Sparse (alpha=0.3),0.9024801643855597,0.855312598537249,0.06987898954931054
18,music,tumor_purity,Tumor Purity (60-90%),0.7813427595501331,0.683053232572361,0.15087449613387
18,music,titration,Titration (0-90%),0.7636976787600018,0.7343750530488562,0.11162289754821852
18,music,uniform,Uniform (alpha=1.0),0.8687657694074942,0.8695047881083505,0.05346764225414239
18,music,sparse,Sparse (alpha=0.3),0.9271444676847342,0.868704794619268,0.061063477281908356
18,dwls_minor,tumor_purity,Tumor Purity (60-90%),0.969833322739909,0.7128886719070013,0.07119646304690745
18,dwls_minor,titration,Titration (0-90%),0.944038593778676,0.8442815842621876,0.06112645050262979
18,dwls_minor,uniform,Uniform (alpha=1.0),0.875344292305855,0.9158714123059916,0.05012993074572709
18,dwls_minor,sparse,Sparse (alpha=0.3),0.944301913078171,0.9196225181442247,0.053347280563929754
19,spacet_v0_none,tumor_purity,Tumor Purity (60-90%),0.8897976193539027,0.7071415513305734,0.10546475106098448
19,spacet_v0_none,titration,Titration (0-90%),0.8730849322342528,0.7392009424527725,0.08957361882853448
19,spacet_v0_none,uniform,Uniform (alpha=1.0),0.8504404328628354,0.8370643932526249,0.053943868116429025
19,spacet_v0_none,sparse,Sparse (alpha=0.3),0.9253912483635474,0.8586324954146017,0.06418911745506042
19,spacet_v1_ratio,tumor_purity,Tumor Purity (60-90%),0.8950022114885773,0.7092440359152649,0.10319084912913694
19,spacet_v1_ratio,titration,Titration (0-90%),0.8782599575327429,0.7387822105773628,0.08787831713464556
19,spacet_v1_ratio,uniform,Uniform (alpha=1.0),0.8499689978036442,0.8338379166727085,0.05390369490481529
19,spacet_v1_ratio,sparse,Sparse (alpha=0.3),0.9259581521844981,0.8587276451822522,0.0639341814947052
19,spacet_v3_irwls,tumor_purity,Tumor Purity (60-90%),0.897982072585585,0.7023696156449404,0.1031898161734377
19,spacet_v3_irwls,titration,Titration (0-90%),0.8914233732961385,0.7670643834807459,0.08314023102717123
19,spacet_v3_irwls,uniform,Uniform (alpha=1.0),0.8224878007371765,0.8233684963093212,0.058901904752103655
19,spacet_v3_irwls,sparse,Sparse (alpha=0.3),0.9260657989033891,0.8439727747690864,0.06385553219202136
19,music,tumor_purity,Tumor Purity (60-90%),0.9256469834923001,0.6102043000528294,0.10153653596114223
19,music,titration,Titration (0-90%),0.9100838824315407,0.7294813762356962,0.08312531429237686
19,music,uniform,Uniform (alpha=1.0),0.9015707439657495,0.8716034935498755,0.04282429564334723
19,music,sparse,Sparse (alpha=0.3),0.9592864706181771,0.8570484260694146,0.04813908204970672
19,dwls_minor,tumor_purity,Tumor Purity (60-90%),0.9092452826260479,0.7821500349965433,0.10485699088717973
19,dwls_minor,titration,Titration (0-90%),0.9035042290959815,0.8029250641000533,0.08392093934662265
19,dwls_minor,uniform,Uniform (alpha=1.0),0.9196577358094102,0.9194343372739725,0.039105137940853796
19,dwls_minor,sparse,Sparse (alpha=0.3),0.9618785895171688,0.9153621690583347,0.046227692563693405
20,spacet_v0_none,tumor_purity,Tumor Purity (60-90%),0.15044616316312032,0.5208224909159345,0.2763935601638535
20,spacet_v0_none,titration,Titration (0-90%),0.2017729018088888,0.6339919964864211,0.21536076845960186
20,spacet_v0_none,uniform,Uniform (alpha=1.0),0.6040505446793669,0.6817574921041211,0.10515268321995058
20,spacet_v0_none,sparse,Sparse (alpha=0.3),0.7679770236180418,0.7588589418311521,0.11152616140233912
20,spacet_v1_ratio,tumor_purity,Tumor Purity (60-90%),0.15427698538865178,0.5360999118288077,0.2754200444714426
20,spacet_v1_ratio,titration,Titration (0-90%),0.20485312400900366,0.6417975625027379,0.21452614615509813
20,spacet_v1_ratio,uniform,Uniform (alpha=1.0),0.6124987926484212,0.6982548545866221,0.10353490307354353
20,spacet_v1_ratio,sparse,Sparse (alpha=0.3),0.7764755334147707,0.7721813226773768,0.10924507519906931
20,spacet_v3_irwls,tumor_purity,Tumor Purity (60-90%),0.8091344436921244,0.6185600937771065,0.13559343004260851
20,spacet_v3_irwls,titration,Titration (0-90%),0.7865974883036785,0.7249574034232907,0.10698493009056549
20,spacet_v3_irwls,uniform,Uniform (alpha=1.0),0.8077223126597857,0.8097057093560256,0.062657064047019
20,spacet_v3_irwls,sparse,Sparse (alpha=0.3),0.8994441157282785,0.8465672034726249,0.07042553497942007
20,music,tumor_purity,Tumor Purity (60-90%),0.9076151908633573,0.5975718448982935,0.11608632658108901
20,music,titration,Titration (0-90%),0.8681893067801376,0.7022758881413281,0.09234210797646593
20,music,uniform,Uniform (alpha=1.0),0.8620525546245515,0.8174229387225883,0.05339918974179501
20,music,sparse,Sparse (alpha=0.3),0.9323622256456352,0.8337158753559498,0.05815856603307015
20,dwls_minor,tumor_purity,Tumor Purity (60-90%),0.6017869992185108,0.659355477866098,0.18026532368709575
20,dwls_minor,titration,Titration (0-90%),0.6079920865907253,0.6899419933122765,0.13762801249202047
20,dwls_minor,uniform,Uniform (alpha=1.0),0.762414413255182,0.7747553234841533,0.07519011596290526
20,dwls_minor,sparse,Sparse (alpha=0.3),0.8968596899056566,0.8362690702636373,0.07380649269646646
21,spacet_v0_none,tumor_purity,Tumor Purity (60-90%),0.6655176388300079,0.5195969692264735,0.17101927350644341
21,spacet_v0_none,titration,Titration (0-90%),0.671102789707152,0.688733676891555,0.1263140073892256
21,spacet_v0_none,uniform,Uniform (alpha=1.0),0.7950726434525893,0.7911320465174878,0.06636374882216713
21,spacet_v0_none,sparse,Sparse (alpha=0.3),0.8314652330961092,0.7893007039465364,0.09138941593894288
21,spacet_v1_ratio,tumor_purity,Tumor Purity (60-90%),0.7274033954052934,0.5530091084833182,0.1579306166885835
21,spacet_v1_ratio,titration,Titration (0-90%),0.7246610007252382,0.7041600450701266,0.11696823679072978
21,spacet_v1_ratio,uniform,Uniform (alpha=1.0),0.8087510438310361,0.7993136000676913,0.06374104446832614
21,spacet_v1_ratio,sparse,Sparse (alpha=0.3),0.8431401270064174,0.7951387879054876,0.08815747045567592
21,spacet_v3_irwls,tumor_purity,Tumor Purity (60-90%),0.9387384717609697,0.6620376923512271,0.09650054348992984
21,spacet_v3_irwls,titration,Titration (0-90%),0.9226764329279536,0.780028777611395,0.06669312178591305
21,spacet_v3_irwls,uniform,Uniform (alpha=1.0),0.8544985798630255,0.8318064636841271,0.05431221718385116
21,spacet_v3_irwls,sparse,Sparse (alpha=0.3),0.9134443803272994,0.8447560510175797,0.06698141226601385
21,music,tumor_purity,Tumor Purity (60-90%),0.709995869636531,0.44949784310549457,0.1676398261223436
21,music,titration,Titration (0-90%),0.5839874464044373,0.5414433794059395,0.13868617246496612
21,music,uniform,Uniform (alpha=1.0),0.5831504732543515,0.7073114832024748,0.1037758834638514
21,music,sparse,Sparse (alpha=0.3),0.7561426044939232,0.6984479371191258,0.10738154863257171
21,dwls_minor,tumor_purity,Tumor Purity (60-90%),0.9413819118492617,0.7202312489732918,0.09295240277782726
21,dwls_minor,titration,Titration (0-90%),0.9180109010025083,0.8228448223409114,0.07126829153745985
21,dwls_minor,uniform,Uniform (alpha=1.0),0.8985647207097062,0.9038236308097627,0.04652343687956613
21,dwls_minor,sparse,Sparse (alpha=0.3),0.9381588164336716,0.882078882358382,0.05649723026522384
22,spacet_v0_none,tumor_purity,Tumor Purity (60-90%),0.6517568251109274,0.544574656809563,0.17274825613241074
22,spacet_v0_none,titration,Titration (0-90%),0.5845531585158569,0.6196149871359902,0.13941455307978462
22,spacet_v0_none,uniform,Uniform (alpha=1.0),0.6144696311492094,0.6197293341928045,0.09658631257563186
22,spacet_v0_none,sparse,Sparse (alpha=0.3),0.77228398385178,0.736751142885541,0.10609075380107483
22,spacet_v1_ratio,tumor_purity,Tumor Purity (60-90%),0.6900301025954135,0.5659930858958317,0.16479546090301672
22,spacet_v1_ratio,titration,Titration (0-90%),0.6208005134123961,0.6391279954553387,0.1332292512764861
22,spacet_v1_ratio,uniform,Uniform (alpha=1.0),0.6329418086870882,0.6383591907493885,0.09330674201269051
22,spacet_v1_ratio,sparse,Sparse (alpha=0.3),0.7865641912640653,0.7509661675125581,0.1026140817377376
22,spacet_v3_irwls,tumor_purity,Tumor Purity (60-90%),0.8461140605205312,0.6640477040029628,0.12629426388082904
22,spacet_v3_irwls,titration,Titration (0-90%),0.8035361556310091,0.740298365411267,0.09864393056912943
22,spacet_v3_irwls,uniform,Uniform (alpha=1.0),0.7580422226526942,0.7403377903529803,0.07135901788405553
22,spacet_v3_irwls,sparse,Sparse (alpha=0.3),0.8733041129243296,0.8156595913586838,0.07868343872112524
22,music,tumor_purity,Tumor Purity (60-90%),0.9446393298876556,0.644982423398317,0.09634930905129323
22,music,titration,Titration (0-90%),0.8765935561569931,0.7262770805323606,0.08207085646610457
22,music,uniform,Uniform (alpha=1.0),0.7817271599320456,0.7186107382147904,0.06945931524543347
22,music,sparse,Sparse (alpha=0.3),0.8961537670344214,0.799940871043414,0.07158547905756718
22,dwls_minor,tumor_purity,Tumor Purity (60-90%),0.668387206306959,0.6228795014042916,0.16987907864264426
22,dwls_minor,titration,Titration (0-90%),0.6638757372809397,0.6958660287570438,0.12449063722938
22,dwls_minor,uniform,Uniform (alpha=1.0),0.7580333482674945,0.7617787431896832,0.07194323397868654
22,dwls_minor,sparse,Sparse (alpha=0.3),0.8803378808525197,0.8131608924383871,0.07634603235912378
23,spacet_v0_none,tumor_purity,Tumor Purity (60-90%),0.1728652578289235,0.4903885566084001,0.25251509811168016
23,spacet_v0_none,titration,Titration (0-90%),0.2272017593269106,0.5932101122392802,0.19699094080340035
23,spacet_v0_none,uniform,Uniform (alpha=1.0),0.7271585373931063,0.7289187020692706,0.08157831705057192
23,spacet_v0_none,sparse,Sparse (alpha=0.3),0.8211970860128913,0.798385007897287,0.09849777099816344
23,spacet_v1_ratio,tumor_purity,Tumor Purity (60-90%),0.21496063215287206,0.4960610135587878,0.2439507119466723
23,spacet_v1_ratio,titration,Titration (0-90%),0.2655875539152003,0.6022269929462614,0.19017109903434642
23,spacet_v1_ratio,uniform,Uniform (alpha=1.0),0.7415081412054573,0.7453899513895159,0.07896002088109086
23,spacet_v1_ratio,sparse,Sparse (alpha=0.3),0.8321157501963408,0.8097948792347275,0.09530157278018395
23,spacet_v3_irwls,tumor_purity,Tumor Purity (60-90%),0.8766733438439858,0.6407382365877179,0.11903395553390551
23,spacet_v3_irwls,titration,Titration (0-90%),0.9144781012460119,0.7410310640391171,0.07443437273809876
23,spacet_v3_irwls,uniform,Uniform (alpha=1.0),0.8499390615367425,0.8273869716974911,0.05546637041090848
23,spacet_v3_irwls,sparse,Sparse (alpha=0.3),0.9225396685309429,0.8639952566952793,0.06497664111424584
23,music,tumor_purity,Tumor Purity (60-90%),0.609917190223078,0.5016025630214839,0.18315583143033126
23,music,titration,Titration (0-90%),0.6036062612114574,0.5965712220815149,0.14114624229535977
23,music,uniform,Uniform (alpha=1.0),0.820630896887884,0.7577869762652034,0.06331395462819635
23,music,sparse,Sparse (alpha=0.3),0.9044061074595474,0.7915273613032413,0.07158044985780475
23,dwls_minor,tumor_purity,Tumor Purity (60-90%),0.6339674535105417,0.6570658912778475,0.1769209336473669
23,dwls_minor,titration,Titration (0-90%),0.6378938113923651,0.7219368819001988,0.13614006549174615
23,dwls_minor,uniform,Uniform (alpha=1.0),0.8807352592290543,0.8681907231392102,0.050573950049866014
23,dwls_minor,sparse,Sparse (alpha=0.3),0.9372536791033929,0.8791880614903916,0.05835018397695879
24,spacet_v0_none,tumor_purity,Tumor Purity (60-90%),0.8687403948621619,0.6769318825247305,0.12137530739493443
24,spacet_v0_none,titration,Titration (0-90%),0.8505288122804736,0.746922901508056,0.09582131427462004
24,spacet_v0_none,uniform,Uniform (alpha=1.0),0.8358196038358918,0.8252806120527252,0.056889622717616065
24,spacet_v0_none,sparse,Sparse (alpha=0.3),0.905081154634708,0.840806687356504,0.0687532841157513
24,spacet_v1_ratio,tumor_purity,Tumor Purity (60-90%),0.880219196805188,0.6943348059023927,0.11633810029048679
24,spacet_v1_ratio,titration,Titration (0-90%),0.8629364497584846,0.7533255898775493,0.09211561213074304
24,spacet_v1_ratio,uniform,Uniform (alpha=1.0),0.8376803247278867,0.824156724487942,0.05643570742574476
24,spacet_v1_ratio,sparse,Sparse (alpha=0.3),0.9065604657387724,0.8402481203529668,0.06827027728175987
24,spacet_v3_irwls,tumor_purity,Tumor Purity (60-90%),0.7772518506212305,0.6488053701483986,0.14955045519286
24,spacet_v3_irwls,titration,Titration (0-90%),0.8678543266150979,0.7298520393174673,0.09023095948550265
24,spacet_v3_irwls,uniform,Uniform (alpha=1.0),0.8271029499290812,0.8222378212639079,0.05868256196760371
24,spacet_v3_irwls,sparse,Sparse (alpha=0.3),0.9058362870739628,0.8415262393847887,0.06857367883235362
24,music,tumor_purity,Tumor Purity (60-90%),0.9512507502332581,0.5498412152050053,0.09294305395667267
24,music,titration,Titration (0-90%),0.9220371990666787,0.6976045370113465,0.07583199573741246
24,music,uniform,Uniform (alpha=1.0),0.8853194499012618,0.8532103842930246,0.048950407359109376
24,music,sparse,Sparse (alpha=0.3),0.9585553631802044,0.8409545806403657,0.04611804946779247
24,dwls_minor,tumor_purity,Tumor Purity (60-90%),0.8052063089567854,0.7268917579283043,0.14176679655986896
24,dwls_minor,titration,Titration (0-90%),0.7874359011789829,0.7792307332856158,0.11113767194824625
24,dwls_minor,uniform,Uniform (alpha=1.0),0.8862875947782084,0.9005513929270241,0.04878519722158715
24,dwls_minor,sparse,Sparse (alpha=0.3),0.9452711526704604,0.904174776420194,0.05283986366948161
25,spacet_v0_none,tumor_purity,Tumor Purity (60-90%),0.9814286162379079,0.7528439919446005,0.04557640739006531
25,spacet_v0_none,titration,Titration (0-90%),0.9414727569512021,0.7745186526079169,0.06307494936192942
25,spacet_v0_none,uniform,Uniform (alpha=1.0),0.7446800331215079,0.7843703636585179,0.07164940836263323
25,spacet_v0_none,sparse,Sparse (alpha=0.3),0.8680878251639487,0.819864908345019,0.08009147425495854
25,spacet_v1_ratio,tumor_purity,Tumor Purity (60-90%),0.9820386354209246,0.7562828471813107,0.044836691102112955
25,spacet_v1_ratio,titration,Titration (0-90%),0.9422206515735515,0.7772653917779545,0.06266413005906182
25,spacet_v1_ratio,uniform,Uniform (alpha=1.0),0.7452898002632911,0.7859810434693753,0.07165675974549955
25,spacet_v1_ratio,sparse,Sparse (alpha=0.3),0.8707047724804351,0.8237634846911221,0.07933110313895742
25,spacet_v3_irwls,tumor_purity,Tumor Purity (60-90%),0.9714602076832386,0.6944605312678646,0.054910028097268235
25,spacet_v3_irwls,titration,Titration (0-90%),0.9288373670764329,0.7533355366217325,0.06411584525483816
25,spacet_v3_irwls,uniform,Uniform (alpha=1.0),0.8087430284557301,0.7933362327736453,0.06089390361217135
25,spacet_v3_irwls,sparse,Sparse (alpha=0.3),0.9122860532742318,0.8345023528814265,0.06551155733233457
25,music,tumor_purity,Tumor Purity (60-90%),0.9585055607780514,0.6561015572353965,0.09149529806547875
25,music,titration,Titration (0-90%),0.9316081795391905,0.7798790810312027,0.070897222711587
25,music,uniform,Uniform (alpha=1.0),0.8911015639667407,0.8595474578885414,0.04658304807780895
25,music,sparse,Sparse (alpha=0.3),0.9400400446840727,0.8406037766512005,0.05460938320481204
25,dwls_minor,tumor_purity,Tumor Purity (60-90%),0.7121937935839884,0.6397849649179808,0.16582951571379528
25,dwls_minor,titration,Titration (0-90%),0.6699796205416906,0.6559703256176185,0.12766034951923896
25,dwls_minor,uniform,Uniform (alpha=1.0),0.7371249021433877,0.761763565750979,0.0771409223918419
25,dwls_minor,sparse,Sparse (alpha=0.3),0.8592996118841563,0.8243102240984209,0.0832195080630733
26,spacet_v0_none,tumor_purity,Tumor Purity (60-90%),0.909641552778948,0.7696457784036692,0.09793735093059999
26,spacet_v0_none,titration,Titration (0-90%),0.8965384534805315,0.7781410761389607,0.07982643995065968
26,spacet_v0_none,uniform,Uniform (alpha=1.0),0.8347505839381597,0.8036338147860714,0.05628619892390204
26,spacet_v0_none,sparse,Sparse (alpha=0.3),0.9030827716436537,0.833775598172066,0.06994179580205395
26,spacet_v1_ratio,tumor_purity,Tumor Purity (60-90%),0.9113501395241929,0.7723849415426257,0.09704736970361412
26,spacet_v1_ratio,titration,Titration (0-90%),0.8981568042290523,0.7807697093681283,0.07923205822751661
26,spacet_v1_ratio,uniform,Uniform (alpha=1.0),0.838377552616295,0.8080050379534999,0.055615343365685
26,spacet_v1_ratio,sparse,Sparse (alpha=0.3),0.9054400054639687,0.8379621121430854,0.06912560315407386
26,spacet_v3_irwls,tumor_purity,Tumor Purity (60-90%),0.949407474372732,0.671361388681198,0.07569467954108974
26,spacet_v3_irwls,titration,Titration (0-90%),0.9144491208927356,0.749541841223528,0.07293921810309377
26,spacet_v3_irwls,uniform,Uniform (alpha=1.0),0.8358527556199047,0.8104872090106704,0.05638946706398872
26,spacet_v3_irwls,sparse,Sparse (alpha=0.3),0.9124677653611845,0.8414700441902572,0.06662311617418398
26,music,tumor_purity,Tumor Purity (60-90%),0.9751040357097711,0.6311055159843612,0.05925898229101261
26,music,titration,Titration (0-90%),0.9519402330527953,0.7217448713025013,0.05664682736961894
26,music,uniform,Uniform (alpha=1.0),0.8002239114808889,0.776872379116309,0.06176497585413797
26,music,sparse,Sparse (alpha=0.3),0.9287074749290619,0.8050438382153787,0.06122043573403645
26,dwls_minor,tumor_purity,Tumor Purity (60-90%),0.9527773055178697,0.7855143694793963,0.07881364330369227
26,dwls_minor,titration,Titration (0-90%),0.9478983695242427,0.8230444586305368,0.061021658427593536
26,dwls_minor,uniform,Uniform (alpha=1.0),0.9366392335755183,0.9244651960058642,0.034610878338961745
26,dwls_minor,sparse,Sparse (alpha=0.3),0.9730569680822113,0.9107165769976378,0.03816276210742624
27,spacet_v0_none,tumor_purity,Tumor Purity (60-90%),0.7228822665426087,0.56855454778694,0.1631968759010657
27,spacet_v0_none,titration,Titration (0-90%),0.7045105195572616,0.6247592741311783,0.12391372562693183
27,spacet_v0_none,uniform,Uniform (alpha=1.0),0.7878737382674202,0.7873462386290568,0.06758421014044998
27,spacet_v0_none,sparse,Sparse (alpha=0.3),0.8703866003431263,0.8011681805734273,0.0813705188570136
27,spacet_v1_ratio,tumor_purity,Tumor Purity (60-90%),0.7304235926496356,0.5691821608153523,0.1617265605192086
27,spacet_v1_ratio,titration,Titration (0-90%),0.7118537486858106,0.6303110739525437,0.12273420497517745
27,spacet_v1_ratio,uniform,Uniform (alpha=1.0),0.7918295061360264,0.7942470401060474,0.06705869350136291
27,spacet_v1_ratio,sparse,Sparse (alpha=0.3),0.8720815218678338,0.8062191192809361,0.08091600925172412
27,spacet_v3_irwls,tumor_purity,Tumor Purity (60-90%),0.9604802981739534,0.6368459005625797,0.08489560865747565
27,spacet_v3_irwls,titration,Titration (0-90%),0.9450677730473779,0.7622443781207066,0.0583073914180738
27,spacet_v3_irwls,uniform,Uniform (alpha=1.0),0.8338086701028729,0.8327554874403057,0.05867008283914344
27,spacet_v3_irwls,sparse,Sparse (alpha=0.3),0.9021774361320464,0.8441374665980329,0.07080960913180041
27,music,tumor_purity,Tumor Purity (60-90%),0.6324220022742096,0.5301406016038888,0.1801235185773983
27,music,titration,Titration (0-90%),0.5455500409927017,0.5378514286725741,0.14684975742752598
27,music,uniform,Uniform (alpha=1.0),0.6380109581513013,0.6843400709364733,0.09271868943716512
27,music,sparse,Sparse (alpha=0.3),0.8091141793951173,0.7294966959432617,0.09791017333929015
27,dwls_minor,tumor_purity,Tumor Purity (60-90%),0.9759896589975771,0.7103236206663343,0.06322407916777872
27,dwls_minor,titration,Titration (0-90%),0.9672274108943908,0.8454934707922346,0.049476405180345406
27,dwls_minor,uniform,Uniform (alpha=1.0),0.942041728269105,0.9412963794851461,0.034579683551056305
27,dwls_minor,sparse,Sparse (alpha=0.3),0.9715018475995955,0.9137531697028218,0.03911606564147446
28,spacet_v0_none,tumor_purity,Tumor Purity (60-90%),0.35535279951123316,0.4670022966599461,0.2228822181417241
28,spacet_v0_none,titration,Titration (0-90%),0.3961864862764144,0.5421960500688502,0.16047508408871403
28,spacet_v0_none,uniform,Uniform (alpha=1.0),0.6711175252649026,0.7225286177036326,0.08476146999103089
28,spacet_v0_none,sparse,Sparse (alpha=0.3),0.7663099858550944,0.7535487045348911,0.1067853224045578
28,spacet_v1_ratio,tumor_purity,Tumor Purity (60-90%),0.40179052500061707,0.4607142988110024,0.21513727265585883
28,spacet_v1_ratio,titration,Titration (0-90%),0.4244971851547768,0.5425471016150888,0.15649490104695044
28,spacet_v1_ratio,uniform,Uniform (alpha=1.0),0.6681349930568058,0.7258889720891277,0.08537327700461171
28,spacet_v1_ratio,sparse,Sparse (alpha=0.3),0.7653863652090807,0.7552561824474273,0.10694144664908517
28,spacet_v3_irwls,tumor_purity,Tumor Purity (60-90%),0.982831669252376,0.6848280992247516,0.05470116320144831
28,spacet_v3_irwls,titration,Titration (0-90%),0.9338843506092319,0.7708310364414187,0.058614094619312954
28,spacet_v3_irwls,uniform,Uniform (alpha=1.0),0.8449257129281417,0.812911804650142,0.05518992410743969
28,spacet_v3_irwls,sparse,Sparse (alpha=0.3),0.9040708928719957,0.8449384462539846,0.06930363837760507
28,music,tumor_purity,Tumor Purity (60-90%),0.9158978277815212,0.5625308834363484,0.11243983906436258
28,music,titration,Titration (0-90%),0.8167657825138579,0.6241031158563848,0.09554067917732144
28,music,uniform,Uniform (alpha=1.0),0.6626114503348064,0.6745022290654435,0.08393293709077572
28,music,sparse,Sparse (alpha=0.3),0.8252123908467341,0.7556498107581319,0.09207844453147677
28,dwls_minor,tumor_purity,Tumor Purity (60-90%),0.9496061521430956,0.563891610531909,0.09042604686646502
28,dwls_minor,titration,Titration (0-90%),0.9350182719764755,0.7805963601886338,0.06283755904382898
28,dwls_minor,uniform,Uniform (alpha=1.0),0.9204959109447427,0.9225175352021804,0.0390654008120609
28,dwls_minor,sparse,Sparse (alpha=0.3),0.9651288365430888,0.8958182626646081,0.0428978860772301
29,spacet_v0_none,tumor_purity,Tumor Purity (60-90%),0.21258193650232565,0.6170669080828375,0.26648249833671606
29,spacet_v0_none,titration,Titration (0-90%),0.2563335368648542,0.6804906321871498,0.1978046591206034
29,spacet_v0_none,uniform,Uniform (alpha=1.0),0.6925183367169346,0.7573557625706357,0.08214549966718473
29,spacet_v0_none,sparse,Sparse (alpha=0.3),0.7936020264313732,0.8273354012894684,0.10205520578918949
29,spacet_v1_ratio,tumor_purity,Tumor Purity (60-90%),0.21319779654296755,0.6222855542328299,0.26623589625010063
29,spacet_v1_ratio,titration,Titration (0-90%),0.25767327113509214,0.6825227585319988,0.19737186908192825
29,spacet_v1_ratio,uniform,Uniform (alpha=1.0),0.6988967008121197,0.7603361484575806,0.08080647924317481
29,spacet_v1_ratio,sparse,Sparse (alpha=0.3),0.7956648898295438,0.8283274907442715,0.10144125196848706
29,spacet_v3_irwls,tumor_purity,Tumor Purity (60-90%),0.9893353982495853,0.7001395494876944,0.0366110748770584
29,spacet_v3_irwls,titration,Titration (0-90%),0.9540738174954371,0.7979445398420605,0.05080491447459041
29,spacet_v3_irwls,uniform,Uniform (alpha=1.0),0.8562448768469817,0.8451223086404868,0.05210608305195946
29,spacet_v3_irwls,sparse,Sparse (alpha=0.3),0.928173346787996,0.8737799724091092,0.059474418215257646
29,music,tumor_purity,Tumor Purity (60-90%),0.9930656157213155,0.8045469019047563,0.03165139232590507
29,music,titration,Titration (0-90%),0.9744167998118286,0.8769587008559728,0.03848748186477926
29,music,uniform,Uniform (alpha=1.0),0.8805670853290614,0.8576265312212812,0.05097574502118879
29,music,sparse,Sparse (alpha=0.3),0.9549509721943532,0.8717758220814594,0.04783842482435721
29,dwls_minor,tumor_purity,Tumor Purity (60-90%),0.8731734057792304,0.7707002797090451,0.11991088873346221
29,dwls_minor,titration,Titration (0-90%),0.8678309937682908,0.8196759178854494,0.08715313063744264
29,dwls_minor,uniform,Uniform (alpha=1.0),0.9291388709045608,0.921581432586862,0.0364023105204145
29,dwls_minor,sparse,Sparse (alpha=0.3),0.9601995354133139,0.9179321197038837,0.04469660515280457
30,spacet_v0_none,tumor_purity,Tumor Purity (60-90%),0.9884594145371617,0.6965054799987352,0.03870844325417721
30,spacet_v0_none,titration,Titration (0-90%),0.9411417719530535,0.8164144873804909,0.06518906720359889
30,spacet_v0_none,uniform,Uniform (alpha=1.0),0.7504090519481703,0.7966236896277098,0.07229463717320746
30,spacet_v0_none,sparse,Sparse (alpha=0.3),0.8765037207737643,0.8299648342900079,0.08220401522652583
30,spacet_v1_ratio,tumor_purity,Tumor Purity (60-90%),0.9884974965361597,0.7033821818306997,0.0393044528139986
30,spacet_v1_ratio,titration,Titration (0-90%),0.9406401501849037,0.818586430547474,0.06602198810118107
30,spacet_v1_ratio,uniform,Uniform (alpha=1.0),0.7470157647729238,0.79760807777839,0.07301123408839365
30,spacet_v1_ratio,sparse,Sparse (alpha=0.3),0.875366369408605,0.8325429403351414,0.08259461846401865
30,spacet_v3_irwls,tumor_purity,Tumor Purity (60-90%),0.9423724117274683,0.5989664615661096,0.07878242284387646
30,spacet_v3_irwls,titration,Titration (0-90%),0.898754567754574,0.7245639910255611,0.07519390643832073
30,spacet_v3_irwls,uniform,Uniform (alpha=1.0),0.7503070326684337,0.749805215069692,0.07036437566903557
30,spacet_v3_irwls,sparse,Sparse (alpha=0.3),0.8769174348645447,0.8054964928196681,0.08071288880810301
30,music,tumor_purity,Tumor Purity (60-90%),0.9909250091658964,0.6986994796401641,0.04924132947518473
30,music,titration,Titration (0-90%),0.9694911687417422,0.8256461551405334,0.045097161443399286
30,music,uniform,Uniform (alpha=1.0),0.8544144463021528,0.8367436126872526,0.05271423586555374
30,music,sparse,Sparse (alpha=0.3),0.9383591777227687,0.8424708514521645,0.05836521627166148
30,dwls_minor,tumor_purity,Tumor Purity (60-90%),0.9293757183777813,0.7919283144297153,0.08804552102692594
30,dwls_minor,titration,Titration (0-90%),0.9211249469897658,0.8110132114924288,0.06591876943578455
30,dwls_minor,uniform,Uniform (alpha=1.0),0.9210931038076076,0.904711912976928,0.0390121147205999
30,dwls_minor,sparse,Sparse (alpha=0.3),0.9636802977479146,0.8969273623641012,0.045080022600132184
31,spacet_v0_none,tumor_purity,Tumor Purity (60-90%),0.6497248382905166,0.5873031081102529,0.1721426846139997
31,spacet_v0_none,titration,Titration (0-90%),0.6110473875990463,0.6307106179963532,0.13475163076097663
31,spacet_v0_none,uniform,Uniform (alpha=1.0),0.6760202907408634,0.6878453495123444,0.08387254225707222
31,spacet_v0_none,sparse,Sparse (alpha=0.3),0.7872501441004988,0.7437329700675637,0.10459330835645972
31,spacet_v1_ratio,tumor_purity,Tumor Purity (60-90%),0.6508355015323938,0.5979401129017903,0.1719182497850045
31,spacet_v1_ratio,titration,Titration (0-90%),0.622967023764493,0.6443854366392664,0.13292565651380653
31,spacet_v1_ratio,uniform,Uniform (alpha=1.0),0.6944438930030467,0.7031547784074644,0.08084410501052511
31,spacet_v1_ratio,sparse,Sparse (alpha=0.3),0.7998166277301826,0.7559090978280768,0.1014821372147105
31,spacet_v3_irwls,tumor_purity,Tumor Purity (60-90%),0.984806329601694,0.7432589058870067,0.04113823422328344
31,spacet_v3_irwls,titration,Titration (0-90%),0.9615254418081015,0.8316980304652882,0.046413569179380956
31,spacet_v3_irwls,uniform,Uniform (alpha=1.0),0.8703265727825179,0.8666967889540067,0.05097326425769899
31,spacet_v3_irwls,sparse,Sparse (alpha=0.3),0.9323281926142157,0.859647345772103,0.06004431057863357
31,music,tumor_purity,Tumor Purity (60-90%),0.49374448401613713,0.5570843987713497,0.20024441332004414
31,music,titration,Titration (0-90%),0.5227481194078863,0.5991190750577552,0.1483155770535578
31,music,uniform,Uniform (alpha=1.0),0.7586894598427266,0.7051773321765674,0.07244922579187607
31,music,sparse,Sparse (alpha=0.3),0.8744028924993194,0.7745524771527958,0.08083845945276513
31,dwls_minor,tumor_purity,Tumor Purity (60-90%),0.8969127537490996,0.7115152878176692,0.10962557304287146
31,dwls_minor,titration,Titration (0-90%),0.9013890565042925,0.7928498166531938,0.07804660386305079
31,dwls_minor,uniform,Uniform (alpha=1.0),0.9310011461905943,0.9130778207299401,0.036714254678776204
31,dwls_minor,sparse,Sparse (alpha=0.3),0.9603432984890828,0.8753289016343823,0.04794547002326279
32,spacet_v0_none,tumor_purity,Tumor Purity (60-90%),0.47136544323248375,0.45027941501235647,0.20390259135048255
32,spacet_v0_none,titration,Titration (0-90%),0.4755339276487363,0.5608214903442037,0.16042584765734902
32,spacet_v0_none,uniform,Uniform (alpha=1.0),0.7411596102729883,0.7391118593766924,0.0757724212876132
32,spacet_v0_none,sparse,Sparse (alpha=0.3),0.820480800488514,0.7778545569524216,0.09512848682349491
32,spacet_v1_ratio,tumor_purity,Tumor Purity (60-90%),0.5636715070959276,0.475188931453228,0.19002340442838705
32,spacet_v1_ratio,titration,Titration (0-90%),0.5511657775808682,0.5801501408789067,0.15041798925843125
32,spacet_v1_ratio,uniform,Uniform (alpha=1.0),0.7479894781730075,0.7461724441278299,0.07460440933735302
32,spacet_v1_ratio,sparse,Sparse (alpha=0.3),0.830451472496496,0.7845853620358223,0.09251476930619953
32,spacet_v3_irwls,tumor_purity,Tumor Purity (60-90%),0.9072336067974336,0.6413932896539619,0.10396809465448506
32,spacet_v3_irwls,titration,Titration (0-90%),0.9026415823334664,0.7339831792237717,0.07840834344219032
32,spacet_v3_irwls,uniform,Uniform (alpha=1.0),0.7622659200554357,0.7584744432259628,0.0704406870531976
32,spacet_v3_irwls,sparse,Sparse (alpha=0.3),0.8702823405856761,0.8019013563919797,0.08127719661379457
32,music,tumor_purity,Tumor Purity (60-90%),0.5559220038228838,0.548788933883345,0.19173802241908278
32,music,titration,Titration (0-90%),0.5373619675884721,0.6120404529586908,0.15429506349220723
32,music,uniform,Uniform (alpha=1.0),0.7233630458811691,0.7346032835169759,0.07938349600425745
32,music,sparse,Sparse (alpha=0.3),0.8605368965072212,0.7921665284635463,0.08446621829522385
32,dwls_minor,tumor_purity,Tumor Purity (60-90%),0.8140414283639443,0.720060089757211,0.14024018754709586
32,dwls_minor,titration,Titration (0-90%),0.7849522183591335,0.7545626133899281,0.11203467796555255
32,dwls_minor,uniform,Uniform (alpha=1.0),0.8225699583208002,0.8459272779847192,0.0649909227664928
32,dwls_minor,sparse,Sparse (alpha=0.3),0.9093217746499963,0.8836321894197566,0.06945698506174892
33,spacet_v0_none,tumor_purity,Tumor Purity (60-90%),0.4498326172088765,0.5297265320952076,0.21846270510415353
33,spacet_v0_none,titration,Titration (0-90%),0.47703467908230385,0.669387286017354,0.1588527438672975
33,spacet_v0_none,uniform,Uniform (alpha=1.0),0.717618334457155,0.7725801660558588,0.07645733678603801
33,spacet_v0_none,sparse,Sparse (alpha=0.3),0.8725005512849335,0.8170988099594659,0.08380097934201658
33,spacet_v1_ratio,tumor_purity,Tumor Purity (60-90%),0.45514390351604894,0.5366608614517344,0.21717336330333553
33,spacet_v1_ratio,titration,Titration (0-90%),0.48599552819528,0.6764806217615521,0.15693678880434622
33,spacet_v1_ratio,uniform,Uniform (alpha=1.0),0.7330273258088009,0.7810426122598499,0.07397151260784601
33,spacet_v1_ratio,sparse,Sparse (alpha=0.3),0.878830625577547,0.8226544702952224,0.08175836611242143
33,spacet_v3_irwls,tumor_purity,Tumor Purity (60-90%),0.9532765848236878,0.6257455532069305,0.08250562907380224
33,spacet_v3_irwls,titration,Titration (0-90%),0.8935647963653836,0.7283121136121532,0.07640299980411139
33,spacet_v3_irwls,uniform,Uniform (alpha=1.0),0.8303523191362358,0.7996478616151681,0.05824392990055199
33,spacet_v3_irwls,sparse,Sparse (alpha=0.3),0.9287906306036106,0.8196110147405231,0.06295810836064927
33,music,tumor_purity,Tumor Purity (60-90%),0.9651543512282442,0.562580787788093,0.07868202003076774
33,music,titration,Titration (0-90%),0.9262141394421,0.7012739251039747,0.06600093301667921
33,music,uniform,Uniform (alpha=1.0),0.8450300004339525,0.8057790346668071,0.05708570233746206
33,music,sparse,Sparse (alpha=0.3),0.9474271823828287,0.8156900004276986,0.05437544412526999
33,dwls_minor,tumor_purity,Tumor Purity (60-90%),0.937503181935567,0.6372201448980853,0.10335947302768456
33,dwls_minor,titration,Titration (0-90%),0.8468930707166701,0.7099028156761085,0.09148462340831819
33,dwls_minor,uniform,Uniform (alpha=1.0),0.7073373269578501,0.695748449596014,0.07949379109815123
33,dwls_minor,sparse,Sparse (alpha=0.3),0.8982738947268959,0.7905280732235069,0.07471999160825361
34,spacet_v0_none,tumor_purity,Tumor Purity (60-90%),0.8642498764489568,0.5814164535978743,0.1264386134604296
34,spacet_v0_none,titration,Titration (0-90%),0.8251027005583992,0.6865687509830422,0.09951649050731885
34,spacet_v0_none,uniform,Uniform (alpha=1.0),0.8281324238177059,0.7761500311920171,0.06132493164229907
34,spacet_v0_none,sparse,Sparse (alpha=0.3),0.9084747078347917,0.8268323076091826,0.06808432860777676
34,spacet_v1_ratio,tumor_purity,Tumor Purity (60-90%),0.8642882739873072,0.578304553209813,0.12620506292186565
34,spacet_v1_ratio,titration,Titration (0-90%),0.8247546469432628,0.6888214332474026,0.09954595526572109
34,spacet_v1_ratio,uniform,Uniform (alpha=1.0),0.830201333323058,0.7758369054859929,0.0608483562034033
34,spacet_v1_ratio,sparse,Sparse (alpha=0.3),0.9118129829351089,0.8280203170511266,0.06677455697583726
34,spacet_v3_irwls,tumor_purity,Tumor Purity (60-90%),0.8156533136737528,0.6789239448509111,0.134135154319474
34,spacet_v3_irwls,titration,Titration (0-90%),0.7904592811152561,0.7752861201926883,0.10622267299016831
34,spacet_v3_irwls,uniform,Uniform (alpha=1.0),0.8157330690472093,0.8216106483163188,0.06478285031576891
34,spacet_v3_irwls,sparse,Sparse (alpha=0.3),0.9043146710046497,0.8464254634283557,0.06944773368040111
34,music,tumor_purity,Tumor Purity (60-90%),0.8454181453034529,0.6106943278257739,0.12974723064762356
34,music,titration,Titration (0-90%),0.8001169280886784,0.6908988253924484,0.10398621936570646
34,music,uniform,Uniform (alpha=1.0),0.7777550994887987,0.7711809186441738,0.06744226952088342
34,music,sparse,Sparse (alpha=0.3),0.908599301151102,0.7955858095701484,0.06761342341410066
34,dwls_minor,tumor_purity,Tumor Purity (60-90%),0.9818381886758957,0.7403774706398112,0.05169840934536639
34,dwls_minor,titration,Titration (0-90%),0.9720152632991244,0.8660836812211737,0.04313782210791674
34,dwls_minor,uniform,Uniform (alpha=1.0),0.9270684364489026,0.9241761453218558,0.0387447514055959
34,dwls_minor,sparse,Sparse (alpha=0.3),0.9652709238201144,0.9072856312628413,0.04226265244234768
35,spacet_v0_none,tumor_purity,Tumor Purity (60-90%),0.1726474107751863,0.4059167874169742,0.25149647357927507
35,spacet_v0_none,titration,Titration (0-90%),0.25978387937383457,0.5838723555460702,0.19207994047400798
35,spacet_v0_none,uniform,Uniform (alpha=1.0),0.7185071348626517,0.6981322490359344,0.07618914730616824
35,spacet_v0_none,sparse,Sparse (alpha=0.3),0.8044957960161486,0.7489395109489121,0.09836918827517961
35,spacet_v1_ratio,tumor_purity,Tumor Purity (60-90%),0.1658882054903128,0.4033079726241932,0.25354221464399945
35,spacet_v1_ratio,titration,Titration (0-90%),0.25056805271152444,0.5792928365458695,0.19391688940880306
35,spacet_v1_ratio,uniform,Uniform (alpha=1.0),0.7028997853796024,0.6845205915018245,0.07814057502856107
35,spacet_v1_ratio,sparse,Sparse (alpha=0.3),0.8006716770016893,0.7435081029113365,0.09922392643690703
35,spacet_v3_irwls,tumor_purity,Tumor Purity (60-90%),0.8285737040834983,0.6873939384455402,0.13721664013249296
35,spacet_v3_irwls,titration,Titration (0-90%),0.6508526246683862,0.7073018500230954,0.1354946606759591
35,spacet_v3_irwls,uniform,Uniform (alpha=1.0),0.7744960539320993,0.7666612508847377,0.0670288078063604
35,spacet_v3_irwls,sparse,Sparse (alpha=0.3),0.859586893841007,0.7906706537984123,0.08325453901744383
35,music,tumor_purity,Tumor Purity (60-90%),0.6861028684149978,0.44176448997184803,0.16911522147265795
35,music,titration,Titration (0-90%),0.561686517157374,0.5648087406601305,0.14930400733411603
35,music,uniform,Uniform (alpha=1.0),0.4270048117631004,0.6179484082313298,0.12358647941232224
35,music,sparse,Sparse (alpha=0.3),0.7248223382042522,0.6609108444336488,0.11527154364009601
35,dwls_minor,tumor_purity,Tumor Purity (60-90%),0.9209058917042566,0.6561837472143932,0.09662839578322484
35,dwls_minor,titration,Titration (0-90%),0.9135452263336855,0.779348378565542,0.07547601619913304
35,dwls_minor,uniform,Uniform (alpha=1.0),0.8740779841883035,0.8501088821321584,0.04859749318750004
35,dwls_minor,sparse,Sparse (alpha=0.3),0.9435483448796055,0.8475916648926584,0.05456262992485166
36,spacet_v0_none,tumor_purity,Tumor Purity (60-90%),0.7725626257923137,0.5878228110270518,0.1463070076422204
36,spacet_v0_none,titration,Titration (0-90%),0.7361143165763591,0.6964193185903907,0.10817901461211313
36,spacet_v0_none,uniform,Uniform (alpha=1.0),0.7793161925584275,0.7477225471977956,0.07067087123227775
36,spacet_v0_none,sparse,Sparse (alpha=0.3),0.8677556110082452,0.8076885187376667,0.08024911184136697
36,spacet_v1_ratio,tumor_purity,Tumor Purity (60-90%),0.7412791645062007,0.5866998520621721,0.15423765840668754
36,spacet_v1_ratio,titration,Titration (0-90%),0.7098779564413237,0.6929159842315752,0.11287182762632728
36,spacet_v1_ratio,uniform,Uniform (alpha=1.0),0.7749254896325664,0.7481689360906182,0.07163720908054083
36,spacet_v1_ratio,sparse,Sparse (alpha=0.3),0.8645408267885147,0.8088451922028146,0.08129790051660142
36,spacet_v3_irwls,tumor_purity,Tumor Purity (60-90%),0.9275369716683053,0.5663520302356692,0.0930431909436362
36,spacet_v3_irwls,titration,Titration (0-90%),0.6989762062758147,0.6611736058889189,0.11577315418986517
36,spacet_v3_irwls,uniform,Uniform (alpha=1.0),0.7455833253211237,0.7146316937303275,0.07845062210246274
36,spacet_v3_irwls,sparse,Sparse (alpha=0.3),0.8436643017546571,0.7826594031762657,0.08700697291871265
36,music,tumor_purity,Tumor Purity (60-90%),0.9549355812068405,0.5959816170315789,0.07578553626234635
36,music,titration,Titration (0-90%),0.8906877983610753,0.7505257034944339,0.0722956498291756
36,music,uniform,Uniform (alpha=1.0),0.7501911208342112,0.7431030503639311,0.07681863648530544
36,music,sparse,Sparse (alpha=0.3),0.8910591287971081,0.8125496138028323,0.07245396609542626
36,dwls_minor,tumor_purity,Tumor Purity (60-90%),0.793942149340118,0.6210691007917651,0.14238194451525188
36,dwls_minor,titration,Titration (0-90%),0.771685097315667,0.7679796371624509,0.10112677260041866
36,dwls_minor,uniform,Uniform (alpha=1.0),0.8480877363642106,0.8897760116290092,0.059094421465228544
36,dwls_minor,sparse,Sparse (alpha=0.3),0.928508002417411,0.8953335434508717,0.05921447663429097
37,spacet_v0_none,tumor_purity,Tumor Purity (60-90%),0.23494028266206954,0.5820717650179084,0.2525230050987614
37,spacet_v0_none,titration,Titration (0-90%),0.3377049005357652,0.6654560973510188,0.17956720725713857
37,spacet_v0_none,uniform,Uniform (alpha=1.0),0.7260012418322022,0.7523404496718489,0.08232252617943085
37,spacet_v0_none,sparse,Sparse (alpha=0.3),0.8244857860503316,0.8270191985014256,0.09821043906924681
37,spacet_v1_ratio,tumor_purity,Tumor Purity (60-90%),0.29799956462280136,0.5848045972812528,0.23964789780911383
37,spacet_v1_ratio,titration,Titration (0-90%),0.3871120891421798,0.6744033802012765,0.1708427688974753
37,spacet_v1_ratio,uniform,Uniform (alpha=1.0),0.7348352046634224,0.7604502483597937,0.08039288505234846
37,spacet_v1_ratio,sparse,Sparse (alpha=0.3),0.8316400406424422,0.8317508752834192,0.0959187476914532
37,spacet_v3_irwls,tumor_purity,Tumor Purity (60-90%),0.779701176103743,0.6639896825255366,0.14693747816612723
37,spacet_v3_irwls,titration,Titration (0-90%),0.7031638487387054,0.7293410584536881,0.11853640109399131
37,spacet_v3_irwls,uniform,Uniform (alpha=1.0),0.8101840650706152,0.817049519537354,0.06204800090218718
37,spacet_v3_irwls,sparse,Sparse (alpha=0.3),0.8933413393894755,0.8466866623784173,0.07384355975181736
37,music,tumor_purity,Tumor Purity (60-90%),0.7581125183463029,0.5151332936907673,0.1629139171479799
37,music,titration,Titration (0-90%),0.7150637749849204,0.6295573218427125,0.11707757834876725
37,music,uniform,Uniform (alpha=1.0),0.8306671573148674,0.7912589091587149,0.05831265487137418
37,music,sparse,Sparse (alpha=0.3),0.9230773156159666,0.8071617946877198,0.06287467244195395
37,dwls_minor,tumor_purity,Tumor Purity (60-90%),0.621560698331539,0.7045283405055938,0.18029836490719686
37,dwls_minor,titration,Titration (0-90%),0.6419022606030033,0.764162777443723,0.12748606240762886
37,dwls_minor,uniform,Uniform (alpha=1.0),0.8614784162872146,0.8647395426150852,0.05244593054168465
37,dwls_minor,sparse,Sparse (alpha=0.3),0.9285179900526678,0.8768268604797091,0.060747830239516715
38,spacet_v0_none,tumor_purity,Tumor Purity (60-90%),0.9526471604038629,0.7232238904170452,0.07076806919576285
38,spacet_v0_none,titration,Titration (0-90%),0.9053847799082835,0.7709325706149353,0.07527780435745231
38,spacet_v0_none,uniform,Uniform (alpha=1.0),0.7336537162216953,0.7356894649613568,0.07810281821156169
38,spacet_v0_none,sparse,Sparse (alpha=0.3),0.8403947105101137,0.7673384405225153,0.09062733878442014
38,spacet_v1_ratio,tumor_purity,Tumor Purity (60-90%),0.9627123505924912,0.7266867493695416,0.0631584640232117
38,spacet_v1_ratio,titration,Titration (0-90%),0.9163045770629359,0.7766809040988892,0.07197195506645732
38,spacet_v1_ratio,uniform,Uniform (alpha=1.0),0.7363742274588011,0.7426635536140138,0.07750597689701026
38,spacet_v1_ratio,sparse,Sparse (alpha=0.3),0.8436514719951482,0.7659440725069613,0.08955490253049202
38,spacet_v3_irwls,tumor_purity,Tumor Purity (60-90%),0.9870443850453154,0.6620251428699253,0.0376508661087606
38,spacet_v3_irwls,titration,Titration (0-90%),0.9398834346720548,0.8178164919097942,0.06428694466598035
38,spacet_v3_irwls,uniform,Uniform (alpha=1.0),0.7795759730291468,0.7975855317601137,0.06805633609755907
38,spacet_v3_irwls,sparse,Sparse (alpha=0.3),0.8957639625089618,0.8255026551833565,0.07376769238865835
38,music,tumor_purity,Tumor Purity (60-90%),0.9612028768399539,0.6133357694361976,0.06619310556643065
38,music,titration,Titration (0-90%),0.9136443369768462,0.7229625630044992,0.06892507903525372
38,music,uniform,Uniform (alpha=1.0),0.7728620798164455,0.7509294226907388,0.07216999978775264
38,music,sparse,Sparse (alpha=0.3),0.8468537460224159,0.770478863285377,0.08820286017102003
38,dwls_minor,tumor_purity,Tumor Purity (60-90%),0.8545778645616458,0.6011261379724914,0.12300977052273306
38,dwls_minor,titration,Titration (0-90%),0.6843289724959294,0.6566370555776038,0.1339615362277859
38,dwls_minor,uniform,Uniform (alpha=1.0),0.49370249000614314,0.6958510167069277,0.14637233044190867
38,dwls_minor,sparse,Sparse (alpha=0.3),0.7270669292859945,0.7612267818554659,0.13567695888658515
39,spacet_v0_none,tumor_purity,Tumor Purity (60-90%),0.7017376112733337,0.5152023878640809,0.1666414919036973
39,spacet_v0_none,titration,Titration (0-90%),0.6820976317115346,0.6221651482241908,0.1201195953260977
39,spacet_v0_none,uniform,Uniform (alpha=1.0),0.73420477805326,0.7184861691637733,0.07288032212566523
39,spacet_v0_none,sparse,Sparse (alpha=0.3),0.8237079749518995,0.7697333506256637,0.09406366500139875
39,spacet_v1_ratio,tumor_purity,Tumor Purity (60-90%),0.7865100918334974,0.5396063711071011,0.14753088846752363
39,spacet_v1_ratio,titration,Titration (0-90%),0.7496683464856271,0.6429455230403163,0.10853008876910093
39,spacet_v1_ratio,uniform,Uniform (alpha=1.0),0.7460506420404338,0.7282920988462395,0.07118974870300895
39,spacet_v1_ratio,sparse,Sparse (alpha=0.3),0.8370034535485983,0.7793350803408,0.09065133668625862
39,spacet_v3_irwls,tumor_purity,Tumor Purity (60-90%),0.8628368315159618,0.662813787860468,0.12117995336356793
39,spacet_v3_irwls,titration,Titration (0-90%),0.8508735199183984,0.7280961078795736,0.08615840488620886
39,spacet_v3_irwls,uniform,Uniform (alpha=1.0),0.7572810768805757,0.7567014024871898,0.07112432548014783
39,spacet_v3_irwls,sparse,Sparse (alpha=0.3),0.8702211091000853,0.8109005167957409,0.08170993695230803
39,music,tumor_purity,Tumor Purity (60-90%),0.8195316552504813,0.6646746500876449,0.13927917994566996
39,music,titration,Titration (0-90%),0.7448828927045404,0.6914208371145426,0.10940721362109727
39,music,uniform,Uniform (alpha=1.0),0.7616612822291929,0.7190579305117732,0.07431890239677244
39,music,sparse,Sparse (alpha=0.3),0.882246188264857,0.7864964373623858,0.0785929245008646
39,dwls_minor,tumor_purity,Tumor Purity (60-90%),0.10698922753886438,0.6281980914969276,0.26208059766703884
39,dwls_minor,titration,Titration (0-90%),0.234489214134601,0.597755890400409,0.18184867090320947
39,dwls_minor,uniform,Uniform (alpha=1.0),0.8058919329749112,0.7701720892524153,0.06635157744678138
39,dwls_minor,sparse,Sparse (alpha=0.3),0.842091136800667,0.8128340482603152,0.09174994730870283
40,spacet_v0_none,tumor_purity,Tumor Purity (60-90%),0.9926683681852738,0.722804891180171,0.0354409245722954
40,spacet_v0_none,titration,Titration (0-90%),0.9409014536737346,0.8264395980184246,0.06041960243181696
40,spacet_v0_none,uniform,Uniform (alpha=1.0),0.7800384334053589,0.7662205138580979,0.07049160334957391
40,spacet_v0_none,sparse,Sparse (alpha=0.3),0.8955312545676563,0.8415836745082987,0.07481612024063841
40,spacet_v1_ratio,tumor_purity,Tumor Purity (60-90%),0.9927208279320608,0.7286728529686419,0.035469409963471164
40,spacet_v1_ratio,titration,Titration (0-90%),0.9414196528322724,0.8296944077571284,0.06040790532241841
40,spacet_v1_ratio,uniform,Uniform (alpha=1.0),0.7820451183906324,0.7702606852693664,0.07004280081265511
40,spacet_v1_ratio,sparse,Sparse (alpha=0.3),0.8984314811125791,0.8465362344233414,0.07377712402154611
40,spacet_v3_irwls,tumor_purity,Tumor Purity (60-90%),0.9588548895982846,0.622291811618331,0.0690078121215731
40,spacet_v3_irwls,titration,Titration (0-90%),0.9313218467475268,0.7709986105016883,0.057341559366450946
40,spacet_v3_irwls,uniform,Uniform (alpha=1.0),0.811732095175269,0.7720721462553691,0.06359646374719548
40,spacet_v3_irwls,sparse,Sparse (alpha=0.3),0.9118633530237987,0.8228701960535922,0.06792388963794643
40,music,tumor_purity,Tumor Purity (60-90%),0.9559594764747406,0.6314213762917785,0.09388984098413158
40,music,titration,Titration (0-90%),0.9098651317833535,0.7955490918853985,0.07027459567752281
40,music,uniform,Uniform (alpha=1.0),0.880455399226922,0.824606526261088,0.0479279251199793
40,music,sparse,Sparse (alpha=0.3),0.9487835210017012,0.8319316740351687,0.05118349975575607
40,dwls_minor,tumor_purity,Tumor Purity (60-90%),0.9429026195566481,0.7039638808416546,0.09067473455534558
40,dwls_minor,titration,Titration (0-90%),0.9340501761168327,0.8517092498057665,0.06127446375622776
40,dwls_minor,uniform,Uniform (alpha=1.0),0.9522575632413361,0.9396139642801739,0.030183153912945845
40,dwls_minor,sparse,Sparse (alpha=0.3),0.9756356096875081,0.9105177353203755,0.035559985228000926
41,spacet_v0_none,tumor_purity,Tumor Purity (60-90%),0.13217744668925802,0.4211639229133846,0.2748288142074496
41,spacet_v0_none,titration,Titration (0-90%),0.20997716822365925,0.5446277216751589,0.20558819393417424
41,spacet_v0_none,uniform,Uniform (alpha=1.0),0.6005522476980343,0.647904908261175,0.09801225197459336
41,spacet_v0_none,sparse,Sparse (alpha=0.3),0.7421864939778721,0.7232187365384021,0.11460858962559188
41,spacet_v1_ratio,tumor_purity,Tumor Purity (60-90%),0.13636030702344185,0.43678936635080345,0.27347111139682867
41,spacet_v1_ratio,titration,Titration (0-90%),0.2164353966604436,0.562967565079788,0.2039653261890535
41,spacet_v1_ratio,uniform,Uniform (alpha=1.0),0.6197373083480205,0.6718219475690023,0.09476029229402735
41,spacet_v1_ratio,sparse,Sparse (alpha=0.3),0.7561573705523689,0.7423715453084732,0.1112549968736999
41,spacet_v3_irwls,tumor_purity,Tumor Purity (60-90%),0.8777749669780598,0.6332849061364774,0.12603879485337932
41,spacet_v3_irwls,titration,Titration (0-90%),0.8699436065083526,0.7359071459067789,0.08821516132013053
41,spacet_v3_irwls,uniform,Uniform (alpha=1.0),0.8601800605844813,0.8499034333544725,0.050661323849384085
41,spacet_v3_irwls,sparse,Sparse (alpha=0.3),0.9170522984251522,0.8497110173531124,0.06490899190957437
41,music,tumor_purity,Tumor Purity (60-90%),0.7525588985585039,0.5110988913278417,0.16389361085753568
41,music,titration,Titration (0-90%),0.6867371967677596,0.5992295196099746,0.12609984977021438
41,music,uniform,Uniform (alpha=1.0),0.7097991074609052,0.6757500088316539,0.07587014404285568
41,music,sparse,Sparse (alpha=0.3),0.8552328865619241,0.7673953318201013,0.08383703945192125
41,dwls_minor,tumor_purity,Tumor Purity (60-90%),0.7418875082625654,0.6801026183345857,0.16236418894801447
41,dwls_minor,titration,Titration (0-90%),0.7241873914106592,0.7482649985043762,0.11946068297832659
41,dwls_minor,uniform,Uniform (alpha=1.0),0.8460687754561693,0.8829875943684715,0.056910919172661875
41,dwls_minor,sparse,Sparse (alpha=0.3),0.921028352564218,0.8830391545722347,0.06305069443488058
42,spacet_v0_none,tumor_purity,Tumor Purity (60-90%),0.9777235560532002,0.717835361046431,0.04926814489701707
42,spacet_v0_none,titration,Titration (0-90%),0.948182276525569,0.8198314944970769,0.05280208846290826
42,spacet_v0_none,uniform,Uniform (alpha=1.0),0.8227669176282539,0.8343758355482402,0.06038456292355299
42,spacet_v0_none,sparse,Sparse (alpha=0.3),0.8892148286230488,0.8465673422997702,0.07432883116824635
42,spacet_v1_ratio,tumor_purity,Tumor Purity (60-90%),0.9792291005043542,0.7243429581830388,0.0474847174781621
42,spacet_v1_ratio,titration,Titration (0-90%),0.949908926894673,0.8257755576780512,0.052027931525348625
42,spacet_v1_ratio,uniform,Uniform (alpha=1.0),0.8231411517365187,0.8370210387274754,0.06031236381510222
42,spacet_v1_ratio,sparse,Sparse (alpha=0.3),0.8899565603634154,0.8502359545680779,0.07407636065896266
42,spacet_v3_irwls,tumor_purity,Tumor Purity (60-90%),0.9623931095015512,0.7193905723276255,0.0671922542320539
42,spacet_v3_irwls,titration,Titration (0-90%),0.9280278925345931,0.8125506699486805,0.06144471769859712
42,spacet_v3_irwls,uniform,Uniform (alpha=1.0),0.8620117185191457,0.8646927791043232,0.05143488269157237
42,spacet_v3_irwls,sparse,Sparse (alpha=0.3),0.9223883381576314,0.8666588121634113,0.06270698485755162
42,music,tumor_purity,Tumor Purity (60-90%),0.8017015158721672,0.6150285861744917,0.1433760984600325
42,music,titration,Titration (0-90%),0.7756593539395842,0.7222568165092567,0.10432235461583174
42,music,uniform,Uniform (alpha=1.0),0.8296995558001883,0.844714343268106,0.0595654519836785
42,music,sparse,Sparse (alpha=0.3),0.9201023954644024,0.8485121962497476,0.0634511183356783
42,dwls_minor,tumor_purity,Tumor Purity (60-90%),0.7984695966696823,0.7163872199405491,0.1471309807096927
42,dwls_minor,titration,Titration (0-90%),0.7733281994353485,0.771692462641592,0.10572890054351976
42,dwls_minor,uniform,Uniform (alpha=1.0),0.8820678664059332,0.8751324835157525,0.04915546141711574
42,dwls_minor,sparse,Sparse (alpha=0.3),0.9367256237178443,0.889500261534374,0.056710517843887684
43,spacet_v0_none,tumor_purity,Tumor Purity (60-90%),0.9565929586501216,0.639703341968298,0.07912751254111013
43,spacet_v0_none,titration,Titration (0-90%),0.9166054578363715,0.763682294286238,0.06579149383862821
43,spacet_v0_none,uniform,Uniform (alpha=1.0),0.7890038713487293,0.7784267724544008,0.0645184572778054
43,spacet_v0_none,sparse,Sparse (alpha=0.3),0.8764338156565937,0.8347844627910823,0.07706013659512675
43,spacet_v1_ratio,tumor_purity,Tumor Purity (60-90%),0.9583678727812661,0.6511625607754107,0.07634558081821834
43,spacet_v1_ratio,titration,Titration (0-90%),0.918602199972999,0.7673555912317411,0.06483880108045088
43,spacet_v1_ratio,uniform,Uniform (alpha=1.0),0.7864852847942928,0.7755383355308538,0.06493972019415985
43,spacet_v1_ratio,sparse,Sparse (alpha=0.3),0.8740152201998516,0.8337649161085557,0.0778094420066857
43,spacet_v3_irwls,tumor_purity,Tumor Purity (60-90%),0.8718606044755288,0.5731243719549216,0.11976922449680878
43,spacet_v3_irwls,titration,Titration (0-90%),0.8687475054503638,0.7044696953147076,0.08097836982124378
43,spacet_v3_irwls,uniform,Uniform (alpha=1.0),0.7710187627531156,0.7413089404987814,0.06711931612439231
43,spacet_v3_irwls,sparse,Sparse (alpha=0.3),0.8763605279267356,0.8159171494366494,0.07714987900130059
43,music,tumor_purity,Tumor Purity (60-90%),0.9804286488376469,0.6002395265361614,0.06518343984479572
43,music,titration,Titration (0-90%),0.913634106684166,0.6910829208685695,0.06685762760601523
43,music,uniform,Uniform (alpha=1.0),0.8144983678900196,0.7320578080897541,0.06618103966559304
43,music,sparse,Sparse (alpha=0.3),0.90656578338579,0.7687122359479606,0.06813594813655267
43,dwls_minor,tumor_purity,Tumor Purity (60-90%),0.8988356847006121,0.7040844053216011,0.11023200534147336
43,dwls_minor,titration,Titration (0-90%),0.8992691630207601,0.831745930581954,0.07389079724920941
43,dwls_minor,uniform,Uniform (alpha=1.0),0.9462181815605617,0.9335348558925168,0.0322203906932813
43,dwls_minor,sparse,Sparse (alpha=0.3),0.9705973273140137,0.9183801179621734,0.03835112463960994
44,spacet_v0_none,tumor_purity,Tumor Purity (60-90%),-0.004348022723110488,0.47515262731389907,0.3136911447598932
44,spacet_v0_none,titration,Titration (0-90%),0.061662330232934576,0.5613323367334413,0.23715738023115598
44,spacet_v0_none,uniform,Uniform (alpha=1.0),0.6280554910041596,0.6936451174841505,0.09734851882682337
44,spacet_v0_none,sparse,Sparse (alpha=0.3),0.7449818810234962,0.7603532275678363,0.11615540402670002
44,spacet_v1_ratio,tumor_purity,Tumor Purity (60-90%),0.008127151172114289,0.48421403561954407,0.3100185008755008
44,spacet_v1_ratio,titration,Titration (0-90%),0.07301039278452767,0.5745339745194464,0.23431800641210143
44,spacet_v1_ratio,uniform,Uniform (alpha=1.0),0.6365323513022596,0.7055476766472425,0.09581084025810888
44,spacet_v1_ratio,sparse,Sparse (alpha=0.3),0.7522971558707818,0.7689917271444112,0.1143507297944803
44,spacet_v3_irwls,tumor_purity,Tumor Purity (60-90%),0.827501044393988,0.6534881238060142,0.1340380748178417
44,spacet_v3_irwls,titration,Titration (0-90%),0.58059084996061,0.6878287002207116,0.1432354608402248
44,spacet_v3_irwls,uniform,Uniform (alpha=1.0),0.8175346129555701,0.8265738818644427,0.06007294723728471
44,spacet_v3_irwls,sparse,Sparse (alpha=0.3),0.8863974697654425,0.8331596327773145,0.07589708997377297
44,music,tumor_purity,Tumor Purity (60-90%),0.9158943938491148,0.5357448693891897,0.11283125157271601
44,music,titration,Titration (0-90%),0.8814625917015617,0.7036141997943446,0.08687794217159843
44,music,uniform,Uniform (alpha=1.0),0.8800845342296013,0.8396666687788278,0.04886828598925713
44,music,sparse,Sparse (alpha=0.3),0.930692406078314,0.833834685119813,0.060160741990864436
44,dwls_minor,tumor_purity,Tumor Purity (60-90%),0.8431009898175262,0.6771995044398602,0.13534617522818115
44,dwls_minor,titration,Titration (0-90%),0.7852645181109189,0.7394109502661167,0.10780824682789286
44,dwls_minor,uniform,Uniform (alpha=1.0),0.757673574017306,0.8431141614549881,0.07793348727871773
44,dwls_minor,sparse,Sparse (alpha=0.3),0.8946218655063117,0.8870251594157973,0.07434052700566297
45,spacet_v0_none,tumor_purity,Tumor Purity (60-90%),0.9875145464745717,0.6793979909399895,0.03707268567598036
45,spacet_v0_none,titration,Titration (0-90%),0.9494211912130215,0.8000492252045301,0.05919585690197663
45,spacet_v0_none,uniform,Uniform (alpha=1.0),0.7492237889216947,0.7860868849346846,0.07465819754824309
45,spacet_v0_none,sparse,Sparse (alpha=0.3),0.9006513329707668,0.8184146987814989,0.07724446154549641
45,spacet_v1_ratio,tumor_purity,Tumor Purity (60-90%),0.9899167510312495,0.7022408373116231,0.03526961722664387
45,spacet_v1_ratio,titration,Titration (0-90%),0.9519139873310135,0.8143641422588273,0.05924568718014428
45,spacet_v1_ratio,uniform,Uniform (alpha=1.0),0.7463770843136258,0.783558621899929,0.07498464789286943
45,spacet_v1_ratio,sparse,Sparse (alpha=0.3),0.8988669029486064,0.8190042251494194,0.07788596577081906
45,spacet_v3_irwls,tumor_purity,Tumor Purity (60-90%),0.9881688727721889,0.6256972291630295,0.035424042687378414
45,spacet_v3_irwls,titration,Titration (0-90%),0.9473883440410877,0.781341318275705,0.061358199490398765
45,spacet_v3_irwls,uniform,Uniform (alpha=1.0),0.7430126709619278,0.739077062975938,0.0732446819995304
45,spacet_v3_irwls,sparse,Sparse (alpha=0.3),0.9031563783176296,0.7890048261629972,0.07540853010948234
45,music,tumor_purity,Tumor Purity (60-90%),0.9878819290647416,0.6682499957261707,0.052765843732846374
45,music,titration,Titration (0-90%),0.9776642228287653,0.818904447547867,0.04387848174538382
45,music,uniform,Uniform (alpha=1.0),0.9371648174501125,0.9082938347576829,0.035125767751304965
45,music,sparse,Sparse (alpha=0.3),0.973924277308208,0.8408691091448229,0.03964133046332485
45,dwls_minor,tumor_purity,Tumor Purity (60-90%),0.5929107706726425,0.7065507640391019,0.1875120796676097
45,dwls_minor,titration,Titration (0-90%),0.6223044061548322,0.7591350466956226,0.1424348353603059
45,dwls_minor,uniform,Uniform (alpha=1.0),0.8821466456426768,0.8871187038432214,0.04822618972489216
45,dwls_minor,sparse,Sparse (alpha=0.3),0.9437601973957852,0.9049804371464436,0.058049989215977656
46,spacet_v0_none,tumor_purity,Tumor Purity (60-90%),0.8506114750298659,0.6793987910094127,0.12129839459558982
46,spacet_v0_none,titration,Titration (0-90%),0.805609937803389,0.7316888641622381,0.09891069385793196
46,spacet_v0_none,uniform,Uniform (alpha=1.0),0.7442283226533868,0.7381360544294747,0.07330442688097905
46,spacet_v0_none,sparse,Sparse (alpha=0.3),0.8598323452156919,0.8242065971567296,0.08470120033499791
46,spacet_v1_ratio,tumor_purity,Tumor Purity (60-90%),0.8753632903153755,0.6849380885221306,0.11199749513922257
46,spacet_v1_ratio,titration,Titration (0-90%),0.8294339497201862,0.7402889071142457,0.09311250385549528
46,spacet_v1_ratio,uniform,Uniform (alpha=1.0),0.7529104300637558,0.7452341770176448,0.07210390505875942
46,spacet_v1_ratio,sparse,Sparse (alpha=0.3),0.8656270327708413,0.8292253999730481,0.083022015218899
46,spacet_v3_irwls,tumor_purity,Tumor Purity (60-90%),0.9055444831284003,0.7213873473307396,0.10725083992551077
46,spacet_v3_irwls,titration,Titration (0-90%),0.8712333920954072,0.768812606055331,0.08219299634064675
46,spacet_v3_irwls,uniform,Uniform (alpha=1.0),0.8055276635455588,0.7980297244647719,0.0641911702607675
46,spacet_v3_irwls,sparse,Sparse (alpha=0.3),0.8884333665061712,0.8455884327731779,0.07592484684715772
46,music,tumor_purity,Tumor Purity (60-90%),0.9396315948128905,0.6425708589166392,0.11705055957868367
46,music,titration,Titration (0-90%),0.8660070661246808,0.7256884933604917,0.09068542482158225
46,music,uniform,Uniform (alpha=1.0),0.802686635603588,0.7740015488535879,0.06266878490687589
46,music,sparse,Sparse (alpha=0.3),0.9019994663449038,0.8184561685174885,0.07069531386552728
46,dwls_minor,tumor_purity,Tumor Purity (60-90%),0.9496631722852137,0.7012452702975774,0.09989481793272664
46,dwls_minor,titration,Titration (0-90%),0.8978219230871544,0.8017378577673184,0.07984110102866136
46,dwls_minor,uniform,Uniform (alpha=1.0),0.8190967639164051,0.825387902897501,0.06004559515489569
46,dwls_minor,sparse,Sparse (alpha=0.3),0.9334411931067566,0.8833043923948969,0.05877997918384509
47,spacet_v0_none,tumor_purity,Tumor Purity (60-90%),0.3264758179460359,0.5821199462971149,0.23898847103477142
47,spacet_v0_none,titration,Titration (0-90%),0.38340235873054074,0.6913687515152543,0.17382854125762134
47,spacet_v0_none,uniform,Uniform (alpha=1.0),0.7606825835314398,0.7902675691526916,0.07266430721132036
47,spacet_v0_none,sparse,Sparse (alpha=0.3),0.8457894765246977,0.8294491906104333,0.09290837280874557
47,spacet_v1_ratio,tumor_purity,Tumor Purity (60-90%),0.3357332486288456,0.5755273504928239,0.23666621464652066
47,spacet_v1_ratio,titration,Titration (0-90%),0.39055622911028326,0.6907605525920786,0.17226099668044817
47,spacet_v1_ratio,uniform,Uniform (alpha=1.0),0.7604214992071607,0.7907040284724643,0.07249901899845865
47,spacet_v1_ratio,sparse,Sparse (alpha=0.3),0.8488440128025326,0.8314704596036906,0.09177936113254774
47,spacet_v3_irwls,tumor_purity,Tumor Purity (60-90%),0.9869139838424315,0.7154699444759953,0.0415297772872365
47,spacet_v3_irwls,titration,Titration (0-90%),0.9602904830227359,0.8291016810847635,0.048265273288979026
47,spacet_v3_irwls,uniform,Uniform (alpha=1.0),0.8486175326929578,0.8499818049027003,0.05422245157485016
47,spacet_v3_irwls,sparse,Sparse (alpha=0.3),0.9304515917495345,0.8767551434131133,0.062273622139632064
47,music,tumor_purity,Tumor Purity (60-90%),0.9884641892397101,0.7184280001585117,0.035925860559883366
47,music,titration,Titration (0-90%),0.9593516456579605,0.8266146841568681,0.04738674185272357
47,music,uniform,Uniform (alpha=1.0),0.8527397893656296,0.8411428964668898,0.056452480002434066
47,music,sparse,Sparse (alpha=0.3),0.934312004841042,0.8382662676320728,0.060731349257196116
47,dwls_minor,tumor_purity,Tumor Purity (60-90%),0.9291902950603761,0.7853427902872865,0.09944197420699886
47,dwls_minor,titration,Titration (0-90%),0.9243732682405262,0.8602242449023932,0.06962706663172774
47,dwls_minor,uniform,Uniform (alpha=1.0),0.9465514891740565,0.9503814236071011,0.03196064369646359
47,dwls_minor,sparse,Sparse (alpha=0.3),0.9723035993938051,0.9264259933265014,0.03982945025566703
48,spacet_v0_none,tumor_purity,Tumor Purity (60-90%),0.962210436532995,0.6779409963145602,0.06926609009665997
48,spacet_v0_none,titration,Titration (0-90%),0.9284698210031763,0.7493828776350173,0.0631521083197348
48,spacet_v0_none,uniform,Uniform (alpha=1.0),0.8230679179395191,0.7690884645455315,0.059756545043863324
48,spacet_v0_none,sparse,Sparse (alpha=0.3),0.9208183482045138,0.821603178542543,0.06442504949955698
48,spacet_v1_ratio,tumor_purity,Tumor Purity (60-90%),0.9619890467008498,0.6821008367108308,0.06944901880030296
48,spacet_v1_ratio,titration,Titration (0-90%),0.9276141001737086,0.7514480693709303,0.06347776983499888
48,spacet_v1_ratio,uniform,Uniform (alpha=1.0),0.8212260146963258,0.7681989916972585,0.06027385847890989
48,spacet_v1_ratio,sparse,Sparse (alpha=0.3),0.9208814423341218,0.8232588363643485,0.06439445129008915
48,spacet_v3_irwls,tumor_purity,Tumor Purity (60-90%),0.9858506340656229,0.7473247135649553,0.03868215644526407
48,spacet_v3_irwls,titration,Titration (0-90%),0.9573086596016461,0.8580340901331642,0.053309855389196616
48,spacet_v3_irwls,uniform,Uniform (alpha=1.0),0.8298378551756356,0.8543264206411307,0.061508192633455284
48,spacet_v3_irwls,sparse,Sparse (alpha=0.3),0.9187906093101007,0.886020336218012,0.0656451676769466
48,music,tumor_purity,Tumor Purity (60-90%),0.9559047210594522,0.7171819786489593,0.07408247776649422
48,music,titration,Titration (0-90%),0.9265952874141284,0.7858216184509909,0.06453709072886991
48,music,uniform,Uniform (alpha=1.0),0.8506312268200239,0.8087635340732283,0.05454838118509492
48,music,sparse,Sparse (alpha=0.3),0.9482103526402378,0.8325298058864404,0.05281066876045476
48,dwls_minor,tumor_purity,Tumor Purity (60-90%),0.9889422928403748,0.8398007293513716,0.04461395032557489
48,dwls_minor,titration,Titration (0-90%),0.9835692390868047,0.9151052388964505,0.03379214471728945
48,dwls_minor,uniform,Uniform (alpha=1.0),0.9603749729790345,0.9568906183818782,0.028208983690498603
48,dwls_minor,sparse,Sparse (alpha=0.3),0.9811541609580035,0.9309090039286925,0.03255714157922472
49,spacet_v0_none,tumor_purity,Tumor Purity (60-90%),0.245405251001094,0.41100571537484,0.24531476408736191
49,spacet_v0_none,titration,Titration (0-90%),0.28870694317368134,0.5068330467809399,0.19297172253841766
49,spacet_v0_none,uniform,Uniform (alpha=1.0),0.537907053383536,0.6664261180252371,0.10808777469993633
49,spacet_v0_none,sparse,Sparse (alpha=0.3),0.7279411118035897,0.7360118738542486,0.11500908136148678
49,spacet_v1_ratio,tumor_purity,Tumor Purity (60-90%),0.3390993785343231,0.42496064509574055,0.2290822604429341
49,spacet_v1_ratio,titration,Titration (0-90%),0.36369849297242113,0.5169575904206868,0.18094395135760538
49,spacet_v1_ratio,uniform,Uniform (alpha=1.0),0.5530803486040549,0.6722329532309145,0.10527053344106944
49,spacet_v1_ratio,sparse,Sparse (alpha=0.3),0.7454539137021556,0.7462590254280147,0.11096231744689426
49,spacet_v3_irwls,tumor_purity,Tumor Purity (60-90%),0.8452124025509729,0.6215194490940934,0.12901279026398416
49,spacet_v3_irwls,titration,Titration (0-90%),0.8686462319005744,0.7156623143029023,0.08859519451674704
49,spacet_v3_irwls,uniform,Uniform (alpha=1.0),0.7821632656776816,0.7843788713372191,0.06762934216739482
49,spacet_v3_irwls,sparse,Sparse (alpha=0.3),0.889020997265794,0.8295572482014776,0.07295618072376747
49,music,tumor_purity,Tumor Purity (60-90%),0.8116645556334617,0.4815640211349476,0.14282843134334514
49,music,titration,Titration (0-90%),0.7267580398738631,0.5737852664028601,0.12262351034254
49,music,uniform,Uniform (alpha=1.0),0.5436337658429072,0.6386732887854006,0.10469780797687223
49,music,sparse,Sparse (alpha=0.3),0.7926521254013823,0.7083569706172768,0.09774875148909809
49,dwls_minor,tumor_purity,Tumor Purity (60-90%),0.9404134096796657,0.7735013058049581,0.08305974375168519
49,dwls_minor,titration,Titration (0-90%),0.9228580564766277,0.7981404877307,0.0691430993076397
49,dwls_minor,uniform,Uniform (alpha=1.0),0.8689759839842643,0.8492683014679342,0.05310320649727022
49,dwls_minor,sparse,Sparse (alpha=0.3),0.9369603120650001,0.8780150962341742,0.055712732211941694
50,spacet_v0_none,tumor_purity,Tumor Purity (60-90%),0.7796961279455248,0.7491194410430128,0.1430577904494867
50,spacet_v0_none,titration,Titration (0-90%),0.7834973908559273,0.7828274236660351,0.10505598135731553
50,spacet_v0_none,uniform,Uniform (alpha=1.0),0.8502279884158783,0.8644602159542464,0.05732005765786574
50,spacet_v0_none,sparse,Sparse (alpha=0.3),0.8926363906501655,0.8577523665343473,0.07505300319550377
50,spacet_v1_ratio,tumor_purity,Tumor Purity (60-90%),0.8370856660291847,0.7554440938263681,0.1268375207107574
50,spacet_v1_ratio,titration,Titration (0-90%),0.8310592553392915,0.7931013003067255,0.09430863270684414
50,spacet_v1_ratio,uniform,Uniform (alpha=1.0),0.8570584625448614,0.8680678855409784,0.05581234378734145
50,spacet_v1_ratio,sparse,Sparse (alpha=0.3),0.898825902912877,0.86044317532791,0.07281145290078828
50,spacet_v3_irwls,tumor_purity,Tumor Purity (60-90%),0.9795128095786795,0.7571343934268392,0.047991984543448094
50,spacet_v3_irwls,titration,Titration (0-90%),0.9599290376900069,0.8319192357058173,0.04772810336489849
50,spacet_v3_irwls,uniform,Uniform (alpha=1.0),0.8959261341480591,0.8968836489373688,0.04597251093599682
50,spacet_v3_irwls,sparse,Sparse (alpha=0.3),0.9343215437269674,0.893775911725554,0.05875092725904152
50,music,tumor_purity,Tumor Purity (60-90%),0.8578156256119167,0.6805502851436692,0.1269635768979559
50,music,titration,Titration (0-90%),0.7704637248921538,0.7161894868380486,0.10808212532811313
50,music,uniform,Uniform (alpha=1.0),0.6865121701419956,0.7225835558451712,0.08358538839035635
50,music,sparse,Sparse (alpha=0.3),0.8678345745672768,0.7898365719769308,0.08259582595245826
50,dwls_minor,tumor_purity,Tumor Purity (60-90%),0.9566762164486979,0.7939408136806072,0.09885434884328864
50,dwls_minor,titration,Titration (0-90%),0.9113834362021511,0.851974461128005,0.07927355661558518
50,dwls_minor,uniform,Uniform (alpha=1.0),0.8664481645289159,0.8550060807631938,0.05140244462858335
50,dwls_minor,sparse,Sparse (alpha=0.3),0.9433945842575702,0.8783660906688301,0.0546751977462453
51,spacet_v0_none,tumor_purity,Tumor Purity (60-90%),0.7885900914285117,0.7087629047059885,0.14243064855358487
51,spacet_v0_none,titration,Titration (0-90%),0.7581427724686784,0.7279530938466084,0.11112472112339619
51,spacet_v0_none,uniform,Uniform (alpha=1.0),0.7879093088337285,0.7770661748511517,0.06841842794549086
51,spacet_v0_none,sparse,Sparse (alpha=0.3),0.8810944578376984,0.8386716389133503,0.07922258974768631
51,spacet_v1_ratio,tumor_purity,Tumor Purity (60-90%),0.829375733136582,0.7118234386443869,0.13043966594748332
51,spacet_v1_ratio,titration,Titration (0-90%),0.7992954054473335,0.738741124360286,0.10245419693331256
51,spacet_v1_ratio,uniform,Uniform (alpha=1.0),0.8017946716598194,0.7906466090453836,0.0656531137803404
51,spacet_v1_ratio,sparse,Sparse (alpha=0.3),0.8889040551382499,0.8430854219598837,0.07656053451093417
51,spacet_v3_irwls,tumor_purity,Tumor Purity (60-90%),0.8740143642217857,0.6832904015668235,0.11669700415712976
51,spacet_v3_irwls,titration,Titration (0-90%),0.8144951106145105,0.7301150521393102,0.09900192021525935
51,spacet_v3_irwls,uniform,Uniform (alpha=1.0),0.8324042782983984,0.8016593905091741,0.05906770471621642
51,spacet_v3_irwls,sparse,Sparse (alpha=0.3),0.9020166154998733,0.8463882507809963,0.07184939299935661
51,music,tumor_purity,Tumor Purity (60-90%),0.9815138981388489,0.7519026086568016,0.06293151527075416
51,music,titration,Titration (0-90%),0.9401324092862191,0.8332895960732328,0.061623437351338996
51,music,uniform,Uniform (alpha=1.0),0.8398340282674898,0.8132473121629225,0.06289188597676533
51,music,sparse,Sparse (alpha=0.3),0.9264492663664137,0.8423734257737603,0.064445387090172
51,dwls_minor,tumor_purity,Tumor Purity (60-90%),0.8677317105974696,0.7081933756008665,0.13148779862945312
51,dwls_minor,titration,Titration (0-90%),0.7657844999686044,0.7031181990326302,0.1107227337589564
51,dwls_minor,uniform,Uniform (alpha=1.0),0.7202298051957311,0.77177885501771,0.07811281906279581
51,dwls_minor,sparse,Sparse (alpha=0.3),0.8617967864226991,0.8119071851110873,0.0849929926316912
52,spacet_v0_none,tumor_purity,Tumor Purity (60-90%),0.6207917563716079,0.5601959761778003,0.1813241327188507
52,spacet_v0_none,titration,Titration (0-90%),0.6211170407321689,0.6980018852429399,0.14495881744280764
52,spacet_v0_none,uniform,Uniform (alpha=1.0),0.7404503993772822,0.7667970000525245,0.07338625660408066
52,spacet_v0_none,sparse,Sparse (alpha=0.3),0.8709273512983063,0.828875046255459,0.08064682632603877
52,spacet_v1_ratio,tumor_purity,Tumor Purity (60-90%),0.5408060250676002,0.5543794368323236,0.19801522203844307
52,spacet_v1_ratio,titration,Titration (0-90%),0.5506193859008194,0.6949036962293488,0.1578063279587144
52,spacet_v1_ratio,uniform,Uniform (alpha=1.0),0.7173613760607426,0.7606509662995338,0.07740990756872947
52,spacet_v1_ratio,sparse,Sparse (alpha=0.3),0.8607113319766809,0.8284946689674656,0.08397573756138045
52,spacet_v3_irwls,tumor_purity,Tumor Purity (60-90%),0.8903652543578311,0.6547158278503324,0.10620488778116043
52,spacet_v3_irwls,titration,Titration (0-90%),0.7858164592455957,0.7289782111325813,0.11228454979916339
52,spacet_v3_irwls,uniform,Uniform (alpha=1.0),0.8318091706073376,0.7978284611035584,0.055403619451270744
52,spacet_v3_irwls,sparse,Sparse (alpha=0.3),0.9084224026840114,0.8284239203887411,0.06776778566344402
52,music,tumor_purity,Tumor Purity (60-90%),0.8763492147814749,0.6268542593491011,0.1140613485441368
52,music,titration,Titration (0-90%),0.8445356238780164,0.6923746590405991,0.0975712986313116
52,music,uniform,Uniform (alpha=1.0),0.7121613426326608,0.6687805192348736,0.07720643258986101
52,music,sparse,Sparse (alpha=0.3),0.8994064482461023,0.7870598496022638,0.0709946669781054
52,dwls_minor,tumor_purity,Tumor Purity (60-90%),0.9106709832539066,0.7359714857236521,0.10090985206182851
52,dwls_minor,titration,Titration (0-90%),0.9095201734127875,0.8027686844164261,0.07855617444550324
52,dwls_minor,uniform,Uniform (alpha=1.0),0.9282868349499572,0.9141295846078966,0.03611850159334105
52,dwls_minor,sparse,Sparse (alpha=0.3),0.9644928607619158,0.8974535587276573,0.043756816144150244
53,spacet_v0_none,tumor_purity,Tumor Purity (60-90%),0.25747499523600137,0.5200692382810558,0.24714114741954818
53,spacet_v0_none,titration,Titration (0-90%),0.3495094603717745,0.6342821234777487,0.16968398592096728
53,spacet_v0_none,uniform,Uniform (alpha=1.0),0.7238747106473828,0.7170441659226972,0.07884438460693093
53,spacet_v0_none,sparse,Sparse (alpha=0.3),0.8577397266571776,0.8031119128633347,0.08616431418703294
53,spacet_v1_ratio,tumor_purity,Tumor Purity (60-90%),0.23902024695705273,0.5226364321714256,0.25108354648792075
53,spacet_v1_ratio,titration,Titration (0-90%),0.3344024629650666,0.6352622097198249,0.17215931331299442
53,spacet_v1_ratio,uniform,Uniform (alpha=1.0),0.7220183955638603,0.7167715802828702,0.07889638818126865
53,spacet_v1_ratio,sparse,Sparse (alpha=0.3),0.8561083913471256,0.804648483164164,0.08655693880011008
53,spacet_v3_irwls,tumor_purity,Tumor Purity (60-90%),0.9498964616474523,0.5613833678845261,0.08246391709724589
53,spacet_v3_irwls,titration,Titration (0-90%),0.8613892683858031,0.705475929300437,0.0800432150565754
53,spacet_v3_irwls,uniform,Uniform (alpha=1.0),0.8191141729558645,0.7733544124348212,0.05840558648120172
53,spacet_v3_irwls,sparse,Sparse (alpha=0.3),0.910722064623492,0.8315324669760547,0.06665055528384586
53,music,tumor_purity,Tumor Purity (60-90%),0.97951481661765,0.6414243347796525,0.06184531708037089
53,music,titration,Titration (0-90%),0.9212948096341073,0.7646909301358923,0.06160621542367222
53,music,uniform,Uniform (alpha=1.0),0.8111524769974572,0.7934662032785459,0.06254978882186678
53,music,sparse,Sparse (alpha=0.3),0.8934033456059848,0.8128116562204472,0.0731072560847533
53,dwls_minor,tumor_purity,Tumor Purity (60-90%),0.9524213429762328,0.7011249889798911,0.08249408868362355
53,dwls_minor,titration,Titration (0-90%),0.9282611879127434,0.8352923310794713,0.06109648270319256
53,dwls_minor,uniform,Uniform (alpha=1.0),0.9070463378231206,0.9133283111678575,0.042153430374422075
53,dwls_minor,sparse,Sparse (alpha=0.3),0.9487562714590382,0.9142408813416878,0.05106903423767226
54,spacet_v0_none,tumor_purity,Tumor Purity (60-90%),0.3173628719362907,0.4959978037911933,0.23306762144044674
54,spacet_v0_none,titration,Titration (0-90%),0.37243981617228494,0.6532272941918074,0.17552769557764994
54,spacet_v0_none,uniform,Uniform (alpha=1.0),0.7113222470479689,0.7572901097402484,0.0801130541148301
54,spacet_v0_none,sparse,Sparse (alpha=0.3),0.8369842797084834,0.8155429401156613,0.09195592792554773
54,spacet_v1_ratio,tumor_purity,Tumor Purity (60-90%),0.30682132939150536,0.4992294599199923,0.23534553949143291
54,spacet_v1_ratio,titration,Titration (0-90%),0.36465072586657077,0.6556709252617107,0.17693245439097535
54,spacet_v1_ratio,uniform,Uniform (alpha=1.0),0.711316575624897,0.7568608502263432,0.07994958819525459
54,spacet_v1_ratio,sparse,Sparse (alpha=0.3),0.8367012129240267,0.8161883822761791,0.09193677799383293
54,spacet_v3_irwls,tumor_purity,Tumor Purity (60-90%),0.8975992319761704,0.5199352780382794,0.1055379721847808
54,spacet_v3_irwls,titration,Titration (0-90%),0.8887287698033212,0.6931384472140343,0.07797858189395604
54,spacet_v3_irwls,uniform,Uniform (alpha=1.0),0.7394489366949023,0.706203022759417,0.07353314498580428
54,spacet_v3_irwls,sparse,Sparse (alpha=0.3),0.8687809343976367,0.7755039388606881,0.08108396288701948
54,music,tumor_purity,Tumor Purity (60-90%),0.9744053688098949,0.59798903158611,0.07632679966500044
54,music,titration,Titration (0-90%),0.9310951040954388,0.7677312897564558,0.06696677651597271
54,music,uniform,Uniform (alpha=1.0),0.8258223008853163,0.8156150125263688,0.05998980934249859
54,music,sparse,Sparse (alpha=0.3),0.899879061111212,0.8193830927894147,0.0707789414945191
54,dwls_minor,tumor_purity,Tumor Purity (60-90%),0.8631847506693138,0.6500316425175562,0.12437378234787895
54,dwls_minor,titration,Titration (0-90%),0.8551020899750196,0.7989668893816562,0.09097204133735941
54,dwls_minor,uniform,Uniform (alpha=1.0),0.9348916771707448,0.9204467161872582,0.0358435057243335
54,dwls_minor,sparse,Sparse (alpha=0.3),0.9639181163700412,0.9049753911040024,0.04316909295213155
55,spacet_v0_none,tumor_purity,Tumor Purity (60-90%),0.06560513643431501,0.5527775620089183,0.3081834343888477
55,spacet_v0_none,titration,Titration (0-90%),0.11803802665494748,0.6402028815085237,0.23038649993988172
55,spacet_v0_none,uniform,Uniform (alpha=1.0),0.5904713182342618,0.700267112405071,0.10227699635235223
55,spacet_v0_none,sparse,Sparse (alpha=0.3),0.7651181816414688,0.7786014324782524,0.11179855314550306
55,spacet_v1_ratio,tumor_purity,Tumor Purity (60-90%),0.06273376675445633,0.5508198162588875,0.30807859996816955
55,spacet_v1_ratio,titration,Titration (0-90%),0.1166287042568024,0.6415835297890277,0.22995464893913936
55,spacet_v1_ratio,uniform,Uniform (alpha=1.0),0.5933492767803156,0.6996402632198665,0.10197753674022603
55,spacet_v1_ratio,sparse,Sparse (alpha=0.3),0.7706665304066294,0.7837716014815945,0.11055976297875664
55,spacet_v3_irwls,tumor_purity,Tumor Purity (60-90%),0.9123729395709169,0.6813742313953187,0.10103010474771167
55,spacet_v3_irwls,titration,Titration (0-90%),0.8624716357468047,0.7502097947684332,0.08545841195727713
55,spacet_v3_irwls,uniform,Uniform (alpha=1.0),0.811887646444109,0.7993063640164462,0.0606461723666753
55,spacet_v3_irwls,sparse,Sparse (alpha=0.3),0.9225174583115171,0.834762202968021,0.06276981429537558
55,music,tumor_purity,Tumor Purity (60-90%),0.9834588124201044,0.6027889763118464,0.058490103561657646
55,music,titration,Titration (0-90%),0.9537382405861143,0.7896986332357431,0.053361136329184704
55,music,uniform,Uniform (alpha=1.0),0.8249073777097924,0.7795740934678798,0.05934341557200379
55,music,sparse,Sparse (alpha=0.3),0.9462797401629208,0.8205447034423275,0.052672118806528084
55,dwls_minor,tumor_purity,Tumor Purity (60-90%),0.9099216744076783,0.7425173397640235,0.10396917961682713
55,dwls_minor,titration,Titration (0-90%),0.8972022123466318,0.8264459935776276,0.07652191297984674
55,dwls_minor,uniform,Uniform (alpha=1.0),0.9249271634616776,0.9185848203833494,0.03843741696220733
55,dwls_minor,sparse,Sparse (alpha=0.3),0.965349852348181,0.9028887795015726,0.04246448239731869
56,spacet_v0_none,tumor_purity,Tumor Purity (60-90%),0.634014429225976,0.6092974736400765,0.17860898424304436
56,spacet_v0_none,titration,Titration (0-90%),0.5632427156609701,0.6528548314429319,0.1440878340519842
56,spacet_v0_none,uniform,Uniform (alpha=1.0),0.7147854971050707,0.6811176625560817,0.08474317566769571
56,spacet_v0_none,sparse,Sparse (alpha=0.3),0.8247464754628749,0.7757647215765737,0.10035549509681847
56,spacet_v1_ratio,tumor_purity,Tumor Purity (60-90%),0.6766817040746167,0.6241867216533149,0.17012548630201113
56,spacet_v1_ratio,titration,Titration (0-90%),0.6060044072605121,0.6677561723280354,0.13715720173827672
56,spacet_v1_ratio,uniform,Uniform (alpha=1.0),0.7281925757225075,0.6994299198382973,0.08207692286274458
56,spacet_v1_ratio,sparse,Sparse (alpha=0.3),0.8363009033960032,0.7867067282279497,0.09671388357997254
56,spacet_v3_irwls,tumor_purity,Tumor Purity (60-90%),0.9035891418041293,0.6285937483693411,0.10699882400800408
56,spacet_v3_irwls,titration,Titration (0-90%),0.7050009936085492,0.6937847907533777,0.12059433355688913
56,spacet_v3_irwls,uniform,Uniform (alpha=1.0),0.8167880847084276,0.7967514413994949,0.06524806266418783
56,spacet_v3_irwls,sparse,Sparse (alpha=0.3),0.8913027702838091,0.8280406336169748,0.07806710832222362
56,music,tumor_purity,Tumor Purity (60-90%),0.9414515234793692,0.6280792240088692,0.09941906466789024
56,music,titration,Titration (0-90%),0.8367801257207705,0.6662657765863275,0.09399202804118922
56,music,uniform,Uniform (alpha=1.0),0.7571288310794946,0.6884163673550345,0.07705558632651585
56,music,sparse,Sparse (alpha=0.3),0.8732766613412406,0.7100145933354032,0.08458104781783485
56,dwls_minor,tumor_purity,Tumor Purity (60-90%),0.4090048549109202,0.49064281740425936,0.21218168036104335
56,dwls_minor,titration,Titration (0-90%),0.2352873755180399,0.4423667401665234,0.20231550881890842
56,dwls_minor,uniform,Uniform (alpha=1.0),0.40198089993926406,0.6037829642914402,0.1647184197974555
56,dwls_minor,sparse,Sparse (alpha=0.3),0.6233794517968084,0.6876457569269531,0.16210723499147128
57,spacet_v0_none,tumor_purity,Tumor Purity (60-90%),0.5346828877507048,0.5535030038207475,0.19442036547017164
57,spacet_v0_none,titration,Titration (0-90%),0.5619313831706517,0.664390434285563,0.14111171909974485
57,spacet_v0_none,uniform,Uniform (alpha=1.0),0.7990648669522536,0.8000705675145421,0.06160977493962023
57,spacet_v0_none,sparse,Sparse (alpha=0.3),0.8879622813135379,0.8476657778584344,0.0762300561418322
57,spacet_v1_ratio,tumor_purity,Tumor Purity (60-90%),0.6901595434663932,0.6085203988112611,0.16690969564466868
57,spacet_v1_ratio,titration,Titration (0-90%),0.6947633421312397,0.6994684491853631,0.12129253501461755
57,spacet_v1_ratio,uniform,Uniform (alpha=1.0),0.8209272996992798,0.8158828755472678,0.05773617594119821
57,spacet_v1_ratio,sparse,Sparse (alpha=0.3),0.9031971044553153,0.8543104589354353,0.07101803365985165
57,spacet_v3_irwls,tumor_purity,Tumor Purity (60-90%),0.9878461308452919,0.6863831698674694,0.04529086999035869
57,spacet_v3_irwls,titration,Titration (0-90%),0.9670806701838227,0.8728516044651519,0.043197965037851976
57,spacet_v3_irwls,uniform,Uniform (alpha=1.0),0.8534617633920827,0.842055778789174,0.051637251566193657
57,spacet_v3_irwls,sparse,Sparse (alpha=0.3),0.9298424203314124,0.870476855962753,0.06128271554446723
57,music,tumor_purity,Tumor Purity (60-90%),0.5900277501822196,0.5857840412004854,0.18508986674809333
57,music,titration,Titration (0-90%),0.6051033696959042,0.6579755464117295,0.134998616779098
57,music,uniform,Uniform (alpha=1.0),0.8355401017330373,0.7920372548495893,0.057077573049786015
57,music,sparse,Sparse (alpha=0.3),0.927142066796557,0.8494884397361824,0.06221832084902878
57,dwls_minor,tumor_purity,Tumor Purity (60-90%),0.8240487491273273,0.734924829785417,0.13909165839515555
57,dwls_minor,titration,Titration (0-90%),0.7908781294872143,0.7805252915564378,0.10446325795749699
57,dwls_minor,uniform,Uniform (alpha=1.0),0.8477974647813521,0.8762334597428375,0.05553625505231597
57,dwls_minor,sparse,Sparse (alpha=0.3),0.9448124903324631,0.9043766035344921,0.054297632717428365
58,spacet_v0_none,tumor_purity,Tumor Purity (60-90%),0.9529010289406233,0.6650750295857334,0.07502840280275201
58,spacet_v0_none,titration,Titration (0-90%),0.9176985149104593,0.7984814794282756,0.06574517877065483
58,spacet_v0_none,uniform,Uniform (alpha=1.0),0.8620075741991694,0.8483671749516417,0.05521348022493893
58,spacet_v0_none,sparse,Sparse (alpha=0.3),0.9109393061663476,0.8713172074292765,0.07013506085015368
58,spacet_v1_ratio,tumor_purity,Tumor Purity (60-90%),0.954884475409326,0.663714535009638,0.07385180564745426
58,spacet_v1_ratio,titration,Titration (0-90%),0.9204951822147505,0.8006974602332987,0.06471681364807491
58,spacet_v1_ratio,uniform,Uniform (alpha=1.0),0.8631450753079827,0.8505960631129125,0.055011142836108876
58,spacet_v1_ratio,sparse,Sparse (alpha=0.3),0.9111424789132063,0.8733325608341013,0.07007180939586069
58,spacet_v3_irwls,tumor_purity,Tumor Purity (60-90%),0.9726314255317081,0.6732085130495195,0.06837963225408303
58,spacet_v3_irwls,titration,Titration (0-90%),0.9290432729852678,0.7939557846621119,0.06239494982107482
58,spacet_v3_irwls,uniform,Uniform (alpha=1.0),0.8707461274173394,0.8376377098969577,0.05212247760709666
58,spacet_v3_irwls,sparse,Sparse (alpha=0.3),0.9201847263926252,0.8541126402059058,0.06613085614260346
58,music,tumor_purity,Tumor Purity (60-90%),0.7298785711827782,0.6003607301697569,0.1605146697280637
58,music,titration,Titration (0-90%),0.6792492105778186,0.6864904754805328,0.12097512847690986
58,music,uniform,Uniform (alpha=1.0),0.8041625913901592,0.7582517325354103,0.06776956750120272
58,music,sparse,Sparse (alpha=0.3),0.928558818241521,0.8121308194980364,0.06344417842310213
58,dwls_minor,tumor_purity,Tumor Purity (60-90%),0.7770629426268539,0.6691323325500449,0.1553784949149106
58,dwls_minor,titration,Titration (0-90%),0.7292061442147482,0.7655322910368499,0.11368558384795067
58,dwls_minor,uniform,Uniform (alpha=1.0),0.845560012160335,0.8835436448870172,0.05851822721339008
58,dwls_minor,sparse,Sparse (alpha=0.3),0.9518780592977177,0.9097883805693363,0.051785801934245215
59,spacet_v0_none,tumor_purity,Tumor Purity (60-90%),0.46075353102881655,0.6116234289595122,0.21570037046698784
59,spacet_v0_none,titration,Titration (0-90%),0.48689399330623256,0.6945293760780491,0.16628632463559595
59,spacet_v0_none,uniform,Uniform (alpha=1.0),0.7465841594382598,0.8061396320031394,0.0707059105480198
59,spacet_v0_none,sparse,Sparse (alpha=0.3),0.8483793458726981,0.8448896554017626,0.092198263637852
59,spacet_v1_ratio,tumor_purity,Tumor Purity (60-90%),0.4776940436416164,0.609283896646438,0.2119306113274765
59,spacet_v1_ratio,titration,Titration (0-90%),0.4981655786300576,0.6939801853104605,0.16416356354300285
59,spacet_v1_ratio,uniform,Uniform (alpha=1.0),0.7451114321763798,0.805105624494517,0.07098399624879408
59,spacet_v1_ratio,sparse,Sparse (alpha=0.3),0.8506395523630831,0.8479229659296416,0.0915218077573764
59,spacet_v3_irwls,tumor_purity,Tumor Purity (60-90%),0.9797541944601404,0.6468336329743833,0.04774330682376367
59,spacet_v3_irwls,titration,Titration (0-90%),0.961628330263403,0.7931544639376251,0.050357968448211825
59,spacet_v3_irwls,uniform,Uniform (alpha=1.0),0.8088698822335205,0.8340404687400692,0.0602497479612395
59,spacet_v3_irwls,sparse,Sparse (alpha=0.3),0.9307759496130891,0.852919261745714,0.06369383060361372
59,music,tumor_purity,Tumor Purity (60-90%),0.981154085984057,0.702739236339657,0.0535423333856771
59,music,titration,Titration (0-90%),0.9636834856438964,0.8094532733798757,0.05021162610815777
59,music,uniform,Uniform (alpha=1.0),0.8764128350179246,0.8698905409969847,0.04870729417349877
59,music,sparse,Sparse (alpha=0.3),0.9575003830816158,0.8619101395874799,0.050134794332966526
59,dwls_minor,tumor_purity,Tumor Purity (60-90%),0.8223185230194734,0.714104575641375,0.13710676272121253
59,dwls_minor,titration,Titration (0-90%),0.7752585657879395,0.741020555376017,0.1134514053720344
59,dwls_minor,uniform,Uniform (alpha=1.0),0.7310354730471151,0.8227618027159689,0.07998967065331225
59,dwls_minor,sparse,Sparse (alpha=0.3),0.8754703658596543,0.8686271358749807,0.08483735295562932
60,spacet_v0_none,tumor_purity,Tumor Purity (60-90%),0.9695221988751126,0.7196390689909515,0.05923142840372021
60,spacet_v0_none,titration,Titration (0-90%),0.9343907243225404,0.818698208358411,0.06024229294120078
60,spacet_v0_none,uniform,Uniform (alpha=1.0),0.8286823216463434,0.8422452020834148,0.061435714020734215
60,spacet_v0_none,sparse,Sparse (alpha=0.3),0.9216254848854208,0.8859642756148893,0.06302609129462813
60,spacet_v1_ratio,tumor_purity,Tumor Purity (60-90%),0.9690639266669613,0.7276211656014434,0.05972392364557896
60,spacet_v1_ratio,titration,Titration (0-90%),0.9355433658769543,0.8243076540867924,0.059719020574096775
60,spacet_v1_ratio,uniform,Uniform (alpha=1.0),0.8362444456957961,0.8515381144726277,0.0596363069504564
60,spacet_v1_ratio,sparse,Sparse (alpha=0.3),0.9247717500878663,0.8925755076786961,0.06171634033807454
60,spacet_v3_irwls,tumor_purity,Tumor Purity (60-90%),0.9373114185731979,0.6625604585161894,0.08325370087715683
60,spacet_v3_irwls,titration,Titration (0-90%),0.7731749406623566,0.7758262593323139,0.10752649119021335
60,spacet_v3_irwls,uniform,Uniform (alpha=1.0),0.8185356843617324,0.8367069516973822,0.06105742960067535
60,spacet_v3_irwls,sparse,Sparse (alpha=0.3),0.901855350341079,0.8822855040540278,0.07004054646791667
60,music,tumor_purity,Tumor Purity (60-90%),0.9954319814073525,0.7336456448311595,0.032883436972342445
60,music,titration,Titration (0-90%),0.9706188852531333,0.8325713074783972,0.04766161271555764
60,music,uniform,Uniform (alpha=1.0),0.8484875531293955,0.8177522297103001,0.05624023290576257
60,music,sparse,Sparse (alpha=0.3),0.9162772435712517,0.8532317405588056,0.06484523349669792
60,dwls_minor,tumor_purity,Tumor Purity (60-90%),0.7962553542655292,0.6871241782395998,0.14115722466579517
60,dwls_minor,titration,Titration (0-90%),0.5237806451163954,0.7140528002990154,0.1727220318528905
60,dwls_minor,uniform,Uniform (alpha=1.0),0.34603145091942666,0.719114739022629,0.1813330339164285
60,dwls_minor,sparse,Sparse (alpha=0.3),0.7175045916799783,0.8301225784273788,0.13229740446525945
61,spacet_v0_none,tumor_purity,Tumor Purity (60-90%),0.9489479211281703,0.6590677364853971,0.09086851509055846
61,spacet_v0_none,titration,Titration (0-90%),0.910826981931261,0.7352021467602172,0.07962004692794629
61,spacet_v0_none,uniform,Uniform (alpha=1.0),0.7695769915302632,0.783593473996406,0.07032077564341586
61,spacet_v0_none,sparse,Sparse (alpha=0.3),0.8439066765929842,0.8208348187405042,0.08594541129205609
61,spacet_v1_ratio,tumor_purity,Tumor Purity (60-90%),0.9530301898098511,0.6655073584235347,0.08801880406782973
61,spacet_v1_ratio,titration,Titration (0-90%),0.9156184608148746,0.7415662411282133,0.0777155173161913
61,spacet_v1_ratio,uniform,Uniform (alpha=1.0),0.7757300968224007,0.7899449834130126,0.06931021788189784
61,spacet_v1_ratio,sparse,Sparse (alpha=0.3),0.8497354706724557,0.8257209164513092,0.08434630402484065
61,spacet_v3_irwls,tumor_purity,Tumor Purity (60-90%),0.9117162502459949,0.6855320240138566,0.10660506098182157
61,spacet_v3_irwls,titration,Titration (0-90%),0.878133319613235,0.7271781112037191,0.09053656045406239
61,spacet_v3_irwls,uniform,Uniform (alpha=1.0),0.8039417403715158,0.7928817784069289,0.06367296962350912
61,spacet_v3_irwls,sparse,Sparse (alpha=0.3),0.8685776144776041,0.8258953886348789,0.07850213656559439
61,music,tumor_purity,Tumor Purity (60-90%),0.9333539585530755,0.6600795209060393,0.11769845871955155
61,music,titration,Titration (0-90%),0.8407599291299276,0.6718049186486401,0.10382390902632385
61,music,uniform,Uniform (alpha=1.0),0.7731011764036821,0.7243623032314258,0.07139223229962316
61,music,sparse,Sparse (alpha=0.3),0.8618112739356201,0.7874320771235459,0.08138748977262938
61,dwls_minor,tumor_purity,Tumor Purity (60-90%),0.44337333527396666,0.5801889831655166,0.20867159527937582
61,dwls_minor,titration,Titration (0-90%),0.4072361123436754,0.5767660201042379,0.17065738757974747
61,dwls_minor,uniform,Uniform (alpha=1.0),0.6199563354653427,0.644643673575539,0.09872051049415419
61,dwls_minor,sparse,Sparse (alpha=0.3),0.7801617416151503,0.7556182677383365,0.10401053492092709
62,spacet_v0_none,tumor_purity,Tumor Purity (60-90%),0.18113232245877375,0.48948995121126593,0.26604469009675186
62,spacet_v0_none,titration,Titration (0-90%),0.2567977114240068,0.6144182973783897,0.1929859963720553
62,spacet_v0_none,uniform,Uniform (alpha=1.0),0.703996851083118,0.7101297361461443,0.07831609016945482
62,spacet_v0_none,sparse,Sparse (alpha=0.3),0.8064512692769511,0.7906687263615774,0.09813670621257617
62,spacet_v1_ratio,tumor_purity,Tumor Purity (60-90%),0.18081908391339152,0.493850824224511,0.2670303292370852
62,spacet_v1_ratio,titration,Titration (0-90%),0.25490549023096165,0.6190699374206761,0.19394824299254948
62,spacet_v1_ratio,uniform,Uniform (alpha=1.0),0.6961962719041682,0.7069530848179415,0.07978088138801538
62,spacet_v1_ratio,sparse,Sparse (alpha=0.3),0.8012385369349272,0.7897689407805412,0.09954522974501048
62,spacet_v3_irwls,tumor_purity,Tumor Purity (60-90%),0.6904253935816329,0.722801127888831,0.16915204124325514
62,spacet_v3_irwls,titration,Titration (0-90%),0.44169906218579885,0.7127289504943987,0.1677288950502101
62,spacet_v3_irwls,uniform,Uniform (alpha=1.0),0.7786432639742952,0.7906303071856042,0.0667322007755161
62,spacet_v3_irwls,sparse,Sparse (alpha=0.3),0.8664541398412454,0.838687430605576,0.08078752991405704
62,music,tumor_purity,Tumor Purity (60-90%),0.8413454726124997,0.5520131513672893,0.1355606257972901
62,music,titration,Titration (0-90%),0.8214395840035079,0.7013937997641797,0.10095384121190287
62,music,uniform,Uniform (alpha=1.0),0.8457986799113294,0.812561124274184,0.056212044376097864
62,music,sparse,Sparse (alpha=0.3),0.9277193818403123,0.8321452956909547,0.06023019978017444
62,dwls_minor,tumor_purity,Tumor Purity (60-90%),0.8022202604719086,0.7266010758111289,0.14515088123261483
62,dwls_minor,titration,Titration (0-90%),0.8027607349246085,0.7881411821294148,0.10470593578968897
62,dwls_minor,uniform,Uniform (alpha=1.0),0.9012775743077307,0.8855383107913425,0.04443007577809893
62,dwls_minor,sparse,Sparse (alpha=0.3),0.9427583851004253,0.8956691717192066,0.053822253978880824
63,spacet_v0_none,tumor_purity,Tumor Purity (60-90%),0.10764903770024731,0.39060341741000343,0.25390212592916356
63,spacet_v0_none,titration,Titration (0-90%),0.20237529983782465,0.4869044434211283,0.1911496978261482
63,spacet_v0_none,uniform,Uniform (alpha=1.0),0.7160210087914904,0.6815583367755073,0.07914391252328476
63,spacet_v0_none,sparse,Sparse (alpha=0.3),0.8414439757448233,0.7741850607966707,0.09599556830610453
63,spacet_v1_ratio,tumor_purity,Tumor Purity (60-90%),0.10446080378611583,0.39063219063758264,0.25454131310060585
63,spacet_v1_ratio,titration,Titration (0-90%),0.19851735370276777,0.489060203961953,0.1915831682683785
63,spacet_v1_ratio,uniform,Uniform (alpha=1.0),0.7181074310784161,0.6825673322139398,0.07832565653902568
63,spacet_v1_ratio,sparse,Sparse (alpha=0.3),0.8421619234378788,0.7721630295403975,0.0952693005849324
63,spacet_v3_irwls,tumor_purity,Tumor Purity (60-90%),0.7138888104939012,0.6801746097382945,0.16231032363170345
63,spacet_v3_irwls,titration,Titration (0-90%),0.7529847971390362,0.7506397034446332,0.11517793116980125
63,spacet_v3_irwls,uniform,Uniform (alpha=1.0),0.7807382752919505,0.7993923171901556,0.06807378267586639
63,spacet_v3_irwls,sparse,Sparse (alpha=0.3),0.8999190998086736,0.8371435381485925,0.07519935660775347
63,music,tumor_purity,Tumor Purity (60-90%),0.75501075348788,0.5573288972971695,0.16591620169839918
63,music,titration,Titration (0-90%),0.7103555864857733,0.6380445072723385,0.12633356684202984
63,music,uniform,Uniform (alpha=1.0),0.7977804788027968,0.7596899807297951,0.06342743483438765
63,music,sparse,Sparse (alpha=0.3),0.93214995759508,0.8061609810258196,0.06250608847818664
63,dwls_minor,tumor_purity,Tumor Purity (60-90%),0.7357921207450353,0.6583037031987004,0.1631173168708876
63,dwls_minor,titration,Titration (0-90%),0.7420900010310214,0.7432648864941704,0.11999783672785755
63,dwls_minor,uniform,Uniform (alpha=1.0),0.9185793520142456,0.9178650753037579,0.03993770585409991
63,dwls_minor,sparse,Sparse (alpha=0.3),0.9569683055023248,0.8904288972453773,0.04988419454098384
64,spacet_v0_none,tumor_purity,Tumor Purity (60-90%),0.9065189500630908,0.6596091022486176,0.10433072777319413
64,spacet_v0_none,titration,Titration (0-90%),0.8803198790510621,0.7344467014648723,0.08719226491513052
64,spacet_v0_none,uniform,Uniform (alpha=1.0),0.8018125658285831,0.7912814645437816,0.0649426817526319
64,spacet_v0_none,sparse,Sparse (alpha=0.3),0.8981479928679587,0.8302090570545041,0.07283976714387518
64,spacet_v1_ratio,tumor_purity,Tumor Purity (60-90%),0.9089452208933794,0.6613320068188432,0.10324686769685468
64,spacet_v1_ratio,titration,Titration (0-90%),0.883520430477233,0.7361247796656959,0.08619652685499235
64,spacet_v1_ratio,uniform,Uniform (alpha=1.0),0.8045194400028044,0.7935437388078121,0.06432922338352604
64,spacet_v1_ratio,sparse,Sparse (alpha=0.3),0.8993736302856762,0.8315961220281813,0.07236200109393381
64,spacet_v3_irwls,tumor_purity,Tumor Purity (60-90%),0.9275505191892299,0.635083923068221,0.09689823921231906
64,spacet_v3_irwls,titration,Titration (0-90%),0.8480668721237576,0.7016875803398379,0.09660517606976142
64,spacet_v3_irwls,uniform,Uniform (alpha=1.0),0.7896511108803834,0.7605345283734819,0.06586852632760479
64,spacet_v3_irwls,sparse,Sparse (alpha=0.3),0.8902608037994613,0.805573893178827,0.07496279662541064
64,music,tumor_purity,Tumor Purity (60-90%),0.9697613330690965,0.6670317541050641,0.07163360666397695
64,music,titration,Titration (0-90%),0.9245729872999658,0.7412142664189041,0.07137587011820318
64,music,uniform,Uniform (alpha=1.0),0.799698270636979,0.749857196150814,0.06994613264205822
64,music,sparse,Sparse (alpha=0.3),0.9220781772963524,0.8010555705316504,0.06676239290030801
64,dwls_minor,tumor_purity,Tumor Purity (60-90%),0.974571863865184,0.7396828286085094,0.07070326585924248
64,dwls_minor,titration,Titration (0-90%),0.9621077500869625,0.8474305266487469,0.05796868663308532
64,dwls_minor,uniform,Uniform (alpha=1.0),0.9205726014405045,0.9307330198358342,0.03960185214451828
64,dwls_minor,sparse,Sparse (alpha=0.3),0.9648365752667795,0.9195406151324472,0.04277779955060231
65,spacet_v0_none,tumor_purity,Tumor Purity (60-90%),0.3479442550946922,0.4722467002616202,0.22896024348827484
65,spacet_v0_none,titration,Titration (0-90%),0.4222803104353156,0.5879034216688448,0.15818620215756013
65,spacet_v0_none,uniform,Uniform (alpha=1.0),0.7398318878249479,0.7262553756105694,0.07137010433151687
65,spacet_v0_none,sparse,Sparse (alpha=0.3),0.8500012379814316,0.8071482253619731,0.08583508864961945
65,spacet_v1_ratio,tumor_purity,Tumor Purity (60-90%),0.3436224183687955,0.47393801371513744,0.23046235312121982
65,spacet_v1_ratio,titration,Titration (0-90%),0.41752950482097084,0.5936647349407705,0.1593821811872258
65,spacet_v1_ratio,uniform,Uniform (alpha=1.0),0.7330226294749765,0.7211966763798652,0.07246280072459614
65,spacet_v1_ratio,sparse,Sparse (alpha=0.3),0.8462803098121862,0.8042822501357207,0.086866088141194
65,spacet_v3_irwls,tumor_purity,Tumor Purity (60-90%),0.8984182335248961,0.597173197245388,0.10784328673829569
65,spacet_v3_irwls,titration,Titration (0-90%),0.8415627547408536,0.7641701552605982,0.08872059271036883
65,spacet_v3_irwls,uniform,Uniform (alpha=1.0),0.7848674275576164,0.7705408244801423,0.0641622114475817
65,spacet_v3_irwls,sparse,Sparse (alpha=0.3),0.9006468119195186,0.8357582724791335,0.07054584722714069
65,music,tumor_purity,Tumor Purity (60-90%),0.8481975038913806,0.5225974881876555,0.13457576995773682
65,music,titration,Titration (0-90%),0.8253417977442655,0.6928625811875053,0.09425312142929093
65,music,uniform,Uniform (alpha=1.0),0.8652690167843945,0.8481457075180574,0.05119924222698198
65,music,sparse,Sparse (alpha=0.3),0.9424376054595602,0.8562693747412881,0.05440260427919151
65,dwls_minor,tumor_purity,Tumor Purity (60-90%),0.7412427801346053,0.7232159184902792,0.15655104925882
65,dwls_minor,titration,Titration (0-90%),0.7357530837559125,0.7713655989014725,0.11157788101240187
65,dwls_minor,uniform,Uniform (alpha=1.0),0.8000340442139382,0.8162890688134986,0.06491939287004238
65,dwls_minor,sparse,Sparse (alpha=0.3),0.9073291884190829,0.8726845736118736,0.06878253741141582
66,spacet_v0_none,tumor_purity,Tumor Purity (60-90%),0.2568564647656139,0.554752531689907,0.25597351791037853
66,spacet_v0_none,titration,Titration (0-90%),0.31603923621538726,0.654078323672122,0.17701176672656752
66,spacet_v0_none,uniform,Uniform (alpha=1.0),0.5883976819964936,0.6672688928594896,0.1026246943106612
66,spacet_v0_none,sparse,Sparse (alpha=0.3),0.7477665922222506,0.7685896484545879,0.11781043784602979
66,spacet_v1_ratio,tumor_purity,Tumor Purity (60-90%),0.2612660388597456,0.5559433806843773,0.2547529676958727
66,spacet_v1_ratio,titration,Titration (0-90%),0.3228312143272152,0.6612808718177005,0.175684022660719
66,spacet_v1_ratio,uniform,Uniform (alpha=1.0),0.5984560175932878,0.677478220250439,0.10098786512337508
66,spacet_v1_ratio,sparse,Sparse (alpha=0.3),0.7580332948495704,0.7752907132883082,0.11518426343553322
66,spacet_v3_irwls,tumor_purity,Tumor Purity (60-90%),0.9540167135690072,0.6383321001932527,0.08319599382920248
66,spacet_v3_irwls,titration,Titration (0-90%),0.8962465361061785,0.7963276523905378,0.06959632445368544
66,spacet_v3_irwls,uniform,Uniform (alpha=1.0),0.8292924179305714,0.8326689431217967,0.05797620305516081
66,spacet_v3_irwls,sparse,Sparse (alpha=0.3),0.906352766163587,0.8484723316429398,0.06986963386278816
66,music,tumor_purity,Tumor Purity (60-90%),0.9121443874956371,0.588576215647872,0.11905139898315428
66,music,titration,Titration (0-90%),0.8172438808538316,0.7117996906020012,0.09065925490802304
66,music,uniform,Uniform (alpha=1.0),0.7875144927096959,0.7496903164866755,0.06579460114218987
66,music,sparse,Sparse (alpha=0.3),0.8981149220483291,0.7941095345897784,0.0732017637634799
66,dwls_minor,tumor_purity,Tumor Purity (60-90%),0.6383334008819008,0.5557888704603895,0.1773934800416496
66,dwls_minor,titration,Titration (0-90%),0.5046420124716586,0.6511700770635409,0.148066669523883
66,dwls_minor,uniform,Uniform (alpha=1.0),0.5919584031341534,0.6607429539412962,0.12013497533530869
66,dwls_minor,sparse,Sparse (alpha=0.3),0.8080284619130266,0.7802043316715367,0.1052961016521657
67,spacet_v0_none,tumor_purity,Tumor Purity (60-90%),0.1334018821163033,0.5891111446494416,0.2653720826267122
67,spacet_v0_none,titration,Titration (0-90%),0.22403478718561523,0.6113841090662159,0.19905197368191502
67,spacet_v0_none,uniform,Uniform (alpha=1.0),0.6876829777485195,0.6610367623529431,0.08838097398984779
67,spacet_v0_none,sparse,Sparse (alpha=0.3),0.7866670607955669,0.7650863516640587,0.10764110587486697
67,spacet_v1_ratio,tumor_purity,Tumor Purity (60-90%),0.17536161038560177,0.5960885483172286,0.25703972556449495
67,spacet_v1_ratio,titration,Titration (0-90%),0.25848595117625406,0.622761828564393,0.19299615370753925
67,spacet_v1_ratio,uniform,Uniform (alpha=1.0),0.6953826370013322,0.6661081891865118,0.08647898665331595
67,spacet_v1_ratio,sparse,Sparse (alpha=0.3),0.7941668386314923,0.766858691937119,0.10542123244975615
67,spacet_v3_irwls,tumor_purity,Tumor Purity (60-90%),0.8910243026154406,0.7359151904845181,0.10346938010758439
67,spacet_v3_irwls,titration,Titration (0-90%),0.8820688544809924,0.7768449712486336,0.08010958481183954
67,spacet_v3_irwls,uniform,Uniform (alpha=1.0),0.7663602954704855,0.770962006201352,0.06811871932609881
67,spacet_v3_irwls,sparse,Sparse (alpha=0.3),0.8702575910453093,0.817392420081629,0.0810168910611732
67,music,tumor_purity,Tumor Purity (60-90%),0.6372770997692511,0.6061295601865395,0.17463487077028314
67,music,titration,Titration (0-90%),0.6266706963355058,0.6388921628178783,0.13252251201134
67,music,uniform,Uniform (alpha=1.0),0.7697460405695875,0.697509947704708,0.06836739521071332
67,music,sparse,Sparse (alpha=0.3),0.8952727045429225,0.7622271740367261,0.07317339893235905
67,dwls_minor,tumor_purity,Tumor Purity (60-90%),0.7447707919844739,0.7381325402214556,0.15249469530237805
67,dwls_minor,titration,Titration (0-90%),0.7321338471736093,0.7702651649768394,0.1159648484232723
67,dwls_minor,uniform,Uniform (alpha=1.0),0.8688636303814131,0.835559876608683,0.05055350287630932
67,dwls_minor,sparse,Sparse (alpha=0.3),0.9393954455216915,0.8754949227912029,0.0563383422120165
68,spacet_v0_none,tumor_purity,Tumor Purity (60-90%),0.1995302091737456,0.47379003711082096,0.2510626562560217
68,spacet_v0_none,titration,Titration (0-90%),0.27195653976051914,0.6237930109812645,0.18411243308533926
68,spacet_v0_none,uniform,Uniform (alpha=1.0),0.6790300432368351,0.7126483754412123,0.08691246832387976
68,spacet_v0_none,sparse,Sparse (alpha=0.3),0.8020794138144489,0.7774372583592487,0.10118467442821538
68,spacet_v1_ratio,tumor_purity,Tumor Purity (60-90%),0.2056141895369328,0.478046403128421,0.2506130718001464
68,spacet_v1_ratio,titration,Titration (0-90%),0.27786994922685004,0.6285572954670556,0.18340639006776974
68,spacet_v1_ratio,uniform,Uniform (alpha=1.0),0.686799174060569,0.7174417351259174,0.08528665647351384
68,spacet_v1_ratio,sparse,Sparse (alpha=0.3),0.8057291022933604,0.7788589306575682,0.10008506039151356
68,spacet_v3_irwls,tumor_purity,Tumor Purity (60-90%),0.933763423278753,0.6488983989131036,0.09214800005097562
68,spacet_v3_irwls,titration,Titration (0-90%),0.9174904425103271,0.7271830765179839,0.0659217984415117
68,spacet_v3_irwls,uniform,Uniform (alpha=1.0),0.7715114752842527,0.7534322610985493,0.0684580115507377
68,spacet_v3_irwls,sparse,Sparse (alpha=0.3),0.8884600327338639,0.8062948643786433,0.07450573796921464
68,music,tumor_purity,Tumor Purity (60-90%),0.89633806606717,0.545821813645597,0.13038092967449172
68,music,titration,Titration (0-90%),0.8910367887668132,0.7494669704442851,0.08718586633097819
68,music,uniform,Uniform (alpha=1.0),0.9509680961586344,0.9170434281727674,0.03150071634036699
68,music,sparse,Sparse (alpha=0.3),0.9699630890645571,0.8574162508161255,0.04142345362950995
68,dwls_minor,tumor_purity,Tumor Purity (60-90%),0.9143669728440945,0.7219484075174043,0.0964121909605251
68,dwls_minor,titration,Titration (0-90%),0.9098622320501987,0.8138220069368491,0.06897716327071922
68,dwls_minor,uniform,Uniform (alpha=1.0),0.9434239651213202,0.9192324625598803,0.03365478014315307
68,dwls_minor,sparse,Sparse (alpha=0.3),0.9687244370400484,0.9006365366621509,0.04041360886857026
69,spacet_v0_none,tumor_purity,Tumor Purity (60-90%),0.36787309958233905,0.47609802398150014,0.22162861668712788
69,spacet_v0_none,titration,Titration (0-90%),0.41029275324044573,0.6326962242654013,0.16369185057034055
69,spacet_v0_none,uniform,Uniform (alpha=1.0),0.7912767451938661,0.7951903201878534,0.0658373992580899
69,spacet_v0_none,sparse,Sparse (alpha=0.3),0.8881012642166439,0.8264210640379092,0.07507918251795405
69,spacet_v1_ratio,tumor_purity,Tumor Purity (60-90%),0.3799187993926094,0.4825074641734371,0.22016217308626032
69,spacet_v1_ratio,titration,Titration (0-90%),0.42146207306378,0.6422712564233548,0.16249250107001673
69,spacet_v1_ratio,uniform,Uniform (alpha=1.0),0.7951465406682915,0.7996383619676627,0.06520733890789648
69,spacet_v1_ratio,sparse,Sparse (alpha=0.3),0.8896442425014132,0.8289852087868782,0.07459206099343639
69,spacet_v3_irwls,tumor_purity,Tumor Purity (60-90%),0.9835578205951431,0.7032997169594041,0.05398652611172339
69,spacet_v3_irwls,titration,Titration (0-90%),0.9534042209300401,0.807053676079741,0.05132034642244089
69,spacet_v3_irwls,uniform,Uniform (alpha=1.0),0.8488142080249376,0.8298163074068128,0.0554297451748707
69,spacet_v3_irwls,sparse,Sparse (alpha=0.3),0.9267378810039892,0.8471579064691647,0.06071094784994284
69,music,tumor_purity,Tumor Purity (60-90%),0.9832459416084599,0.583594160076633,0.06009769664793903
69,music,titration,Titration (0-90%),0.9487000749898988,0.7348302535851763,0.05670386532677428
69,music,uniform,Uniform (alpha=1.0),0.8017421353549679,0.7385771250449756,0.0643133126802523
69,music,sparse,Sparse (alpha=0.3),0.9266281868703576,0.7922214399122447,0.06084770490096055
69,dwls_minor,tumor_purity,Tumor Purity (60-90%),0.9048109335752605,0.7323745489053693,0.10618274207361333
69,dwls_minor,titration,Titration (0-90%),0.8645096906380526,0.801919970720292,0.08692013326558934
69,dwls_minor,uniform,Uniform (alpha=1.0),0.8698261393051968,0.870955428875265,0.052747692324996216
69,dwls_minor,sparse,Sparse (alpha=0.3),0.9416771282350316,0.8725096406719222,0.054502682497885015
70,spacet_v0_none,tumor_purity,Tumor Purity (60-90%),0.36733116502448465,0.4885759241856214,0.22117624823957824
70,spacet_v0_none,titration,Titration (0-90%),0.4378657978327116,0.6195853342728008,0.15777487673098736
70,spacet_v0_none,uniform,Uniform (alpha=1.0),0.7613669784718661,0.7275397865525338,0.07493327807224302
70,spacet_v0_none,sparse,Sparse (alpha=0.3),0.8464142371335637,0.8059528507223144,0.0917858727871131
70,spacet_v1_ratio,tumor_purity,Tumor Purity (60-90%),0.436872713723978,0.4884702135147599,0.21046129393888605
70,spacet_v1_ratio,titration,Titration (0-90%),0.48727989729125537,0.6251504858656388,0.15064099957617447
70,spacet_v1_ratio,uniform,Uniform (alpha=1.0),0.7618581262628863,0.7269224880205503,0.07414491135387889
70,spacet_v1_ratio,sparse,Sparse (alpha=0.3),0.8510277903343507,0.8032046314509271,0.09009160447750328
70,spacet_v3_irwls,tumor_purity,Tumor Purity (60-90%),0.9825483674323076,0.61889436250555,0.05742917184652233
70,spacet_v3_irwls,titration,Titration (0-90%),0.937116863491787,0.7366824173024699,0.05829745951688234
70,spacet_v3_irwls,uniform,Uniform (alpha=1.0),0.758343978949281,0.7423641384743855,0.0731186223006511
70,spacet_v3_irwls,sparse,Sparse (alpha=0.3),0.852412534128085,0.7837771511125434,0.08884281438759425
70,music,tumor_purity,Tumor Purity (60-90%),0.9593430900915165,0.7107132203623002,0.093291546600324
70,music,titration,Titration (0-90%),0.8602206763335013,0.7503453974648329,0.08712191892266774
70,music,uniform,Uniform (alpha=1.0),0.6980574463204903,0.7079709912008394,0.08144645508582336
70,music,sparse,Sparse (alpha=0.3),0.87992642283219,0.8033549425847121,0.08111581197421297
70,dwls_minor,tumor_purity,Tumor Purity (60-90%),0.9841568850826051,0.7716470521940895,0.060634620599634904
70,dwls_minor,titration,Titration (0-90%),0.9539575972464213,0.88658682152512,0.05380692184659139
70,dwls_minor,uniform,Uniform (alpha=1.0),0.90104823806917,0.9054655140325661,0.04532546526952475
70,dwls_minor,sparse,Sparse (alpha=0.3),0.955018164868951,0.9121049920790495,0.05027093326924425
71,spacet_v0_none,tumor_purity,Tumor Purity (60-90%),0.41132211437649996,0.4712278926733999,0.22014246403701873
71,spacet_v0_none,titration,Titration (0-90%),0.4396484852454411,0.6589981092546532,0.16199746425103234
71,spacet_v0_none,uniform,Uniform (alpha=1.0),0.733756138764149,0.7495859283100565,0.07933337668865673
71,spacet_v0_none,sparse,Sparse (alpha=0.3),0.8312357696276417,0.8067621482221029,0.09405033431921052
71,spacet_v1_ratio,tumor_purity,Tumor Purity (60-90%),0.4321458149283673,0.4756063109658875,0.21707908169439283
71,spacet_v1_ratio,titration,Titration (0-90%),0.4557975003428421,0.6669989684974438,0.15995602858105692
71,spacet_v1_ratio,uniform,Uniform (alpha=1.0),0.736004051690024,0.7505261366026521,0.07838058196809176
71,spacet_v1_ratio,sparse,Sparse (alpha=0.3),0.8344690174891827,0.8080669565343639,0.09305004483536955
71,spacet_v3_irwls,tumor_purity,Tumor Purity (60-90%),0.8609118566866917,0.6241330858656545,0.11768015348401335
71,spacet_v3_irwls,titration,Titration (0-90%),0.8148084671581879,0.7409825272823021,0.09840879013992311
71,spacet_v3_irwls,uniform,Uniform (alpha=1.0),0.7613888660596879,0.7565076688371208,0.07255626878705349
71,spacet_v3_irwls,sparse,Sparse (alpha=0.3),0.8810664923514062,0.8259113477181369,0.07813163162297217
71,music,tumor_purity,Tumor Purity (60-90%),0.8381940163982677,0.540892700239193,0.13306749739004653
71,music,titration,Titration (0-90%),0.7591752155943355,0.6400708167407411,0.10829303070427451
71,music,uniform,Uniform (alpha=1.0),0.6308365086426707,0.6721367037407573,0.09162191860183909
71,music,sparse,Sparse (alpha=0.3),0.8226324848187421,0.726275525780427,0.09347719468730226
71,dwls_minor,tumor_purity,Tumor Purity (60-90%),0.9753112211118468,0.5210989731767557,0.05516875099079721
71,dwls_minor,titration,Titration (0-90%),0.9533256966852283,0.7845521459570706,0.050345721730444604
71,dwls_minor,uniform,Uniform (alpha=1.0),0.8946621732260278,0.880744690360961,0.04683221317284741
71,dwls_minor,sparse,Sparse (alpha=0.3),0.9576587751274854,0.8776873839986367,0.04716548035079904
72,spacet_v0_none,tumor_purity,Tumor Purity (60-90%),0.7955382562412894,0.7658334835392421,0.13889984141827982
72,spacet_v0_none,titration,Titration (0-90%),0.7813701446629805,0.7586354287413819,0.11853254537759003
72,spacet_v0_none,uniform,Uniform (alpha=1.0),0.7969936220435166,0.8261768158873138,0.06706963322370132
72,spacet_v0_none,sparse,Sparse (alpha=0.3),0.8888953337590408,0.8527107839666507,0.07642723548828588
72,spacet_v1_ratio,tumor_purity,Tumor Purity (60-90%),0.8180001730589939,0.7811336793046059,0.13215404843466366
72,spacet_v1_ratio,titration,Titration (0-90%),0.8026560594690111,0.7706543686873032,0.11324931617491323
72,spacet_v1_ratio,uniform,Uniform (alpha=1.0),0.8001933608570356,0.8279046763231681,0.06665913581652012
72,spacet_v1_ratio,sparse,Sparse (alpha=0.3),0.8916960833334362,0.855357231872731,0.07552506871018605
72,spacet_v3_irwls,tumor_purity,Tumor Purity (60-90%),0.900574936296635,0.762156550604862,0.10075987050775223
72,spacet_v3_irwls,titration,Titration (0-90%),0.8500394380895175,0.7489361775124834,0.10001878938298597
72,spacet_v3_irwls,uniform,Uniform (alpha=1.0),0.7938328381016189,0.8162902205553257,0.06453564015322175
72,spacet_v3_irwls,sparse,Sparse (alpha=0.3),0.8976381449779748,0.8511700947936408,0.07214466531641318
72,music,tumor_purity,Tumor Purity (60-90%),0.9498404295645053,0.6586320680069266,0.07831314872860824
72,music,titration,Titration (0-90%),0.9127979068398112,0.6914953074267981,0.07861012261162081
72,music,uniform,Uniform (alpha=1.0),0.6955555531083709,0.6931287312323996,0.08133430214395856
72,music,sparse,Sparse (alpha=0.3),0.8882828067962365,0.7670232360596754,0.07514561527109963
72,dwls_minor,tumor_purity,Tumor Purity (60-90%),0.46855378470528264,0.7289591587645344,0.20673484498320924
72,dwls_minor,titration,Titration (0-90%),0.49430467709591086,0.725038857925334,0.16989940265237444
72,dwls_minor,uniform,Uniform (alpha=1.0),0.8080852915559897,0.8173378098779249,0.06527666861323451
72,dwls_minor,sparse,Sparse (alpha=0.3),0.8823559276637146,0.8753788128100137,0.07857882577057194
73,spacet_v0_none,tumor_purity,Tumor Purity (60-90%),0.8536240976846998,0.6492647727026922,0.12610733780000938
73,spacet_v0_none,titration,Titration (0-90%),0.8199334162482576,0.7192966062949226,0.10136924969241269
73,spacet_v0_none,uniform,Uniform (alpha=1.0),0.8431316135426837,0.8407429608071224,0.056326084321699756
73,spacet_v0_none,sparse,Sparse (alpha=0.3),0.9274742289191161,0.8750158973126995,0.06282593209773597
73,spacet_v1_ratio,tumor_purity,Tumor Purity (60-90%),0.8528847353381375,0.6473076683253729,0.1268238227407412
73,spacet_v1_ratio,titration,Titration (0-90%),0.8185839055766954,0.7153212951960634,0.10184887669369048
73,spacet_v1_ratio,uniform,Uniform (alpha=1.0),0.8439077038047191,0.8403462851226645,0.056070122951930125
73,spacet_v1_ratio,sparse,Sparse (alpha=0.3),0.9281829951896237,0.8747415931742544,0.06247172591578607
73,spacet_v3_irwls,tumor_purity,Tumor Purity (60-90%),0.9921212986236975,0.6763810206335307,0.037544938234093564
73,spacet_v3_irwls,titration,Titration (0-90%),0.9621765276547719,0.8218389928214653,0.050528404437048445
73,spacet_v3_irwls,uniform,Uniform (alpha=1.0),0.8569547976691365,0.8603836316574721,0.05353210753913281
73,spacet_v3_irwls,sparse,Sparse (alpha=0.3),0.9387966878626787,0.8914782450194743,0.05747303702511153
73,music,tumor_purity,Tumor Purity (60-90%),0.9916988751233102,0.7869283996366033,0.030399812828780275
73,music,titration,Titration (0-90%),0.95966684998655,0.8545516353557447,0.04955166864339716
73,music,uniform,Uniform (alpha=1.0),0.8337275436815763,0.8289711389272562,0.06061269764388606
73,music,sparse,Sparse (alpha=0.3),0.9291920424411321,0.8493647440262151,0.062384021305083116
73,dwls_minor,tumor_purity,Tumor Purity (60-90%),0.9483159536909704,0.8124991466433736,0.09128231474283015
73,dwls_minor,titration,Titration (0-90%),0.9330806563798085,0.8628719118484741,0.07066016999831705
73,dwls_minor,uniform,Uniform (alpha=1.0),0.9346897187861538,0.9447429087575703,0.036386604976681614
73,dwls_minor,sparse,Sparse (alpha=0.3),0.9684891115172147,0.9336921037178687,0.041784176125143804
74,spacet_v0_none,tumor_purity,Tumor Purity (60-90%),0.95358402514839,0.6284754185276095,0.075820628735437
74,spacet_v0_none,titration,Titration (0-90%),0.9123312238925623,0.7382789334741199,0.07104320088093127
74,spacet_v0_none,uniform,Uniform (alpha=1.0),0.7603579536606843,0.7418765919002247,0.06800343562003786
74,spacet_v0_none,sparse,Sparse (alpha=0.3),0.8617084452979442,0.7913211885562904,0.08397136392196498
74,spacet_v1_ratio,tumor_purity,Tumor Purity (60-90%),0.9538611252724619,0.6297153265408022,0.07524148652269712
74,spacet_v1_ratio,titration,Titration (0-90%),0.9107542432917982,0.7365707655464452,0.07153723695440145
74,spacet_v1_ratio,uniform,Uniform (alpha=1.0),0.7521043668746289,0.7389747538451034,0.06935920066400628
74,spacet_v1_ratio,sparse,Sparse (alpha=0.3),0.8578203439968357,0.7894742817466263,0.08507726093814928
74,spacet_v3_irwls,tumor_purity,Tumor Purity (60-90%),0.8442298796770231,0.7011587261571387,0.12854707373183977
74,spacet_v3_irwls,titration,Titration (0-90%),0.9226561868952967,0.7979196196684245,0.06741819888005088
74,spacet_v3_irwls,uniform,Uniform (alpha=1.0),0.8627207326657957,0.8449993099663387,0.050860599579259924
74,spacet_v3_irwls,sparse,Sparse (alpha=0.3),0.9226675026187338,0.8573467960798972,0.06430282832452558
74,music,tumor_purity,Tumor Purity (60-90%),0.8484916993695383,0.6119282662623469,0.13160129571776585
74,music,titration,Titration (0-90%),0.8213445634785824,0.7584844186451879,0.0998328710207487
74,music,uniform,Uniform (alpha=1.0),0.8298881604747084,0.7874124715415859,0.058960553015265114
74,music,sparse,Sparse (alpha=0.3),0.9237373068246968,0.815186607744954,0.06339668102653018
74,dwls_minor,tumor_purity,Tumor Purity (60-90%),0.8056133437430666,0.6899679081358937,0.14409478960382743
74,dwls_minor,titration,Titration (0-90%),0.7865846231683169,0.7783562480472542,0.10709708394867509
74,dwls_minor,uniform,Uniform (alpha=1.0),0.8082060276191257,0.853521806642533,0.06301747769790952
74,dwls_minor,sparse,Sparse (alpha=0.3),0.9258762108126629,0.8676100994489203,0.06256533546461408
75,spacet_v0_none,tumor_purity,Tumor Purity (60-90%),0.19068524292747288,0.5029371339941208,0.26183186488736077
75,spacet_v0_none,titration,Titration (0-90%),0.2552463331045277,0.5756371640999514,0.19652334621765688
75,spacet_v0_none,uniform,Uniform (alpha=1.0),0.6160986455840199,0.6205124347653971,0.0955049872229311
75,spacet_v0_none,sparse,Sparse (alpha=0.3),0.7215256939765727,0.7551741305600801,0.11960686673854201
75,spacet_v1_ratio,tumor_purity,Tumor Purity (60-90%),0.1969217873780504,0.4954484518235727,0.2593127702199338
75,spacet_v1_ratio,titration,Titration (0-90%),0.261052101845042,0.5706613269915285,0.19468924888766134
75,spacet_v1_ratio,uniform,Uniform (alpha=1.0),0.6172942438612814,0.6251364398428928,0.09539475540864831
75,spacet_v1_ratio,sparse,Sparse (alpha=0.3),0.730049223422869,0.7611721548589945,0.11762231747144467
75,spacet_v3_irwls,tumor_purity,Tumor Purity (60-90%),0.9586455817133474,0.6994455993037121,0.07209854623832776
75,spacet_v3_irwls,titration,Titration (0-90%),0.9267856890450078,0.8021791496240536,0.06546811987119219
75,spacet_v3_irwls,uniform,Uniform (alpha=1.0),0.8528122959892446,0.8405120346583825,0.05311874643387213
75,spacet_v3_irwls,sparse,Sparse (alpha=0.3),0.914718101276754,0.8585339586990105,0.06518850461659584
75,music,tumor_purity,Tumor Purity (60-90%),0.873786290005813,0.6831048697958018,0.11307699611217645
75,music,titration,Titration (0-90%),0.8279778510813026,0.7182310551051961,0.09633588116161276
75,music,uniform,Uniform (alpha=1.0),0.7658935937211229,0.7045310445437144,0.07305290139460018
75,music,sparse,Sparse (alpha=0.3),0.8628215644141559,0.783984514042947,0.0838035449057192
75,dwls_minor,tumor_purity,Tumor Purity (60-90%),0.5667329556354086,0.506168820208997,0.18955826131867123
75,dwls_minor,titration,Titration (0-90%),0.4875908720468268,0.5584217683737386,0.16401365803723608
75,dwls_minor,uniform,Uniform (alpha=1.0),0.5748727398598287,0.5872881951005522,0.11903549898314383
75,dwls_minor,sparse,Sparse (alpha=0.3),0.7898566429174926,0.7243102564239164,0.10931516379651837
76,spacet_v0_none,tumor_purity,Tumor Purity (60-90%),0.6544056123953342,0.5130080210378658,0.1753375341858939
76,spacet_v0_none,titration,Titration (0-90%),0.6307966232732174,0.632120298735272,0.12915472861148672
76,spacet_v0_none,uniform,Uniform (alpha=1.0),0.7358322205776137,0.7410943665637789,0.07625847068055967
76,spacet_v0_none,sparse,Sparse (alpha=0.3),0.8447367166714976,0.7992443359656028,0.08942553519038511
76,spacet_v1_ratio,tumor_purity,Tumor Purity (60-90%),0.6952486141861699,0.5398718555469393,0.16701044543529267
76,spacet_v1_ratio,titration,Titration (0-90%),0.665723646664497,0.6434931659608014,0.12367310628451468
76,spacet_v1_ratio,uniform,Uniform (alpha=1.0),0.7410497937471237,0.7432622292790201,0.07514646551846783
76,spacet_v1_ratio,sparse,Sparse (alpha=0.3),0.849410605247335,0.7999398356674634,0.08799708397418682
76,spacet_v3_irwls,tumor_purity,Tumor Purity (60-90%),0.9310326083814764,0.6577234290912913,0.0881689825748774
76,spacet_v3_irwls,titration,Titration (0-90%),0.8981975362629365,0.7364413195526684,0.07437225877344042
76,spacet_v3_irwls,uniform,Uniform (alpha=1.0),0.7458021671265403,0.7619935379173913,0.0742664071646675
76,spacet_v3_irwls,sparse,Sparse (alpha=0.3),0.8758908451236262,0.8177475824950757,0.0798857605113505
76,music,tumor_purity,Tumor Purity (60-90%),0.9292843028293065,0.5476492290430388,0.10426136860850135
76,music,titration,Titration (0-90%),0.8980797037551035,0.6973266833438926,0.07658702165306641
76,music,uniform,Uniform (alpha=1.0),0.8246852650500675,0.7759657997652561,0.05779940882834822
76,music,sparse,Sparse (alpha=0.3),0.925258158517622,0.7983476703565586,0.06401312987840999
76,dwls_minor,tumor_purity,Tumor Purity (60-90%),0.8897045118616284,0.7282210571897906,0.106797561022522
76,dwls_minor,titration,Titration (0-90%),0.8676046382602509,0.7934157716678902,0.08200924896051989
76,dwls_minor,uniform,Uniform (alpha=1.0),0.8799885117231029,0.8772889399437516,0.04959212996579452
76,dwls_minor,sparse,Sparse (alpha=0.3),0.9422746796819759,0.8755651336631205,0.05503657259637652
77,spacet_v0_none,tumor_purity,Tumor Purity (60-90%),0.6737792051886453,0.6609498279555759,0.1724053531689811
77,spacet_v0_none,titration,Titration (0-90%),0.6742650395608023,0.7355955225243317,0.12420079708663226
77,spacet_v0_none,uniform,Uniform (alpha=1.0),0.6700116707200905,0.7165516234154864,0.08240953625310672
77,spacet_v0_none,sparse,Sparse (alpha=0.3),0.8193770295176146,0.786770634080721,0.09645123153132315
77,spacet_v1_ratio,tumor_purity,Tumor Purity (60-90%),0.7003025766593973,0.6716246937584401,0.166133023335375
77,spacet_v1_ratio,titration,Titration (0-90%),0.6949285003006412,0.7394849445515885,0.12037658513079774
77,spacet_v1_ratio,uniform,Uniform (alpha=1.0),0.6629301528101446,0.7182447259095355,0.08366939021586725
77,spacet_v1_ratio,sparse,Sparse (alpha=0.3),0.8176470851087408,0.7860465881810935,0.09693842374603148
77,spacet_v3_irwls,tumor_purity,Tumor Purity (60-90%),0.979734758037279,0.648698617460404,0.04824753986251262
77,spacet_v3_irwls,titration,Titration (0-90%),0.9480886598884106,0.8204455652862102,0.05359622713606773
77,spacet_v3_irwls,uniform,Uniform (alpha=1.0),0.8473546261082967,0.8391441029377673,0.054346363551976605
77,spacet_v3_irwls,sparse,Sparse (alpha=0.3),0.9236894678541789,0.8690910160953841,0.06371018715124017
77,music,tumor_purity,Tumor Purity (60-90%),0.7624664907801842,0.6086829689202022,0.15180771170527976
77,music,titration,Titration (0-90%),0.6829953152558241,0.6593283665982691,0.12137320097931255
77,music,uniform,Uniform (alpha=1.0),0.65066255633319,0.6604354870232609,0.08672880395558752
77,music,sparse,Sparse (alpha=0.3),0.8821824222179541,0.7799109501873495,0.0784945898288279
77,dwls_minor,tumor_purity,Tumor Purity (60-90%),0.820752211892332,0.5739496923186078,0.13845159499204165
77,dwls_minor,titration,Titration (0-90%),0.8157564088013163,0.7538427131284824,0.09604799174815969
77,dwls_minor,uniform,Uniform (alpha=1.0),0.8190440741203523,0.8442258955647102,0.061221201837420795
77,dwls_minor,sparse,Sparse (alpha=0.3),0.9203351652928022,0.8740153342890218,0.06550780166223273
78,spacet_v0_none,tumor_purity,Tumor Purity (60-90%),0.9697450525681167,0.711654815724335,0.06162300730850113
78,spacet_v0_none,titration,Titration (0-90%),0.9426361424673836,0.814177696858029,0.05739962109202249
78,spacet_v0_none,uniform,Uniform (alpha=1.0),0.8569511199294245,0.8613063881289801,0.057113092339356505
78,spacet_v0_none,sparse,Sparse (alpha=0.3),0.9150626058973345,0.876854135035046,0.0671168085612341
78,spacet_v1_ratio,tumor_purity,Tumor Purity (60-90%),0.9703788354567786,0.7032167526880846,0.06109408118420485
78,spacet_v1_ratio,titration,Titration (0-90%),0.9437247178095713,0.8139494804065873,0.056953099032431405
78,spacet_v1_ratio,uniform,Uniform (alpha=1.0),0.8605371232896368,0.8603091721036565,0.056078511225351485
78,spacet_v1_ratio,sparse,Sparse (alpha=0.3),0.9169748337338721,0.8759060399897136,0.06629408786745697
78,spacet_v3_irwls,tumor_purity,Tumor Purity (60-90%),0.9588095660796018,0.6451207938281909,0.0788422808572999
78,spacet_v3_irwls,titration,Titration (0-90%),0.9252865171247825,0.7765100443826586,0.06734314315441023
78,spacet_v3_irwls,uniform,Uniform (alpha=1.0),0.8563484644074886,0.8553301026241117,0.0558685195566264
78,spacet_v3_irwls,sparse,Sparse (alpha=0.3),0.9250886201462242,0.8643789189260616,0.06277411676546801
78,music,tumor_purity,Tumor Purity (60-90%),0.8828262789256702,0.6323390684222098,0.14249399871989343
78,music,titration,Titration (0-90%),0.8069394382302123,0.7459675809907428,0.10574666134608264
78,music,uniform,Uniform (alpha=1.0),0.8485700213279191,0.8251392633202929,0.05765686990545452
78,music,sparse,Sparse (alpha=0.3),0.9151622782496012,0.8273906812567207,0.06674627828948428
78,dwls_minor,tumor_purity,Tumor Purity (60-90%),0.9432970414645392,0.7194155080408627,0.10900188470340644
78,dwls_minor,titration,Titration (0-90%),0.8914568653271725,0.8515473936926394,0.0837894834306278
78,dwls_minor,uniform,Uniform (alpha=1.0),0.8967386936705287,0.9118133472674941,0.04769728784093852
78,dwls_minor,sparse,Sparse (alpha=0.3),0.9463097276675033,0.9166769130261445,0.05352178171098449
79,spacet_v0_none,tumor_purity,Tumor Purity (60-90%),0.20516506924935057,0.5123302349714135,0.2619013670119546
79,spacet_v0_none,titration,Titration (0-90%),0.23549517785337415,0.6002224244814613,0.2021233628126427
79,spacet_v0_none,uniform,Uniform (alpha=1.0),0.609634894127184,0.6974415822089897,0.09506553288629464
79,spacet_v0_none,sparse,Sparse (alpha=0.3),0.7585496865015506,0.7683809500931712,0.11265389748285858
79,spacet_v1_ratio,tumor_purity,Tumor Purity (60-90%),0.23120177958862118,0.5180781918300734,0.25553735608315625
79,spacet_v1_ratio,titration,Titration (0-90%),0.26149133794082374,0.6130915135792183,0.19660804247837319
79,spacet_v1_ratio,uniform,Uniform (alpha=1.0),0.6267396012913954,0.711724031687209,0.09219324330283352
79,spacet_v1_ratio,sparse,Sparse (alpha=0.3),0.7719228509557439,0.7805865592599593,0.10928640422572367
79,spacet_v3_irwls,tumor_purity,Tumor Purity (60-90%),0.9125531425740673,0.6542480927000677,0.10393031853537366
79,spacet_v3_irwls,titration,Titration (0-90%),0.9246738657658536,0.7462938868706865,0.0658052483952883
79,spacet_v3_irwls,uniform,Uniform (alpha=1.0),0.8078466810036974,0.8145801220024718,0.06055886510647843
79,spacet_v3_irwls,sparse,Sparse (alpha=0.3),0.912430622826085,0.830341214343762,0.06681595035279551
79,music,tumor_purity,Tumor Purity (60-90%),0.9621262673085077,0.5417055477611793,0.08326011617714638
79,music,titration,Titration (0-90%),0.9331810398069683,0.7110047693365839,0.06784547229573228
79,music,uniform,Uniform (alpha=1.0),0.8271784957603755,0.8245210146478777,0.05765279732456392
79,music,sparse,Sparse (alpha=0.3),0.9237642745292753,0.8281698189785406,0.06258389351324761
79,dwls_minor,tumor_purity,Tumor Purity (60-90%),0.9608381297051455,0.6169338388332378,0.08021065323689962
79,dwls_minor,titration,Titration (0-90%),0.8839733716544486,0.6817914580633576,0.0809897961444693
79,dwls_minor,uniform,Uniform (alpha=1.0),0.6823887081037707,0.7034862700132237,0.09234337524882945
79,dwls_minor,sparse,Sparse (alpha=0.3),0.8580770951201634,0.7668322641592018,0.08768633462850792
80,spacet_v0_none,tumor_purity,Tumor Purity (60-90%),0.8328364177330297,0.6329011524926327,0.12670290399894377
80,spacet_v0_none,titration,Titration (0-90%),0.8026279218369626,0.7163616096405866,0.10748222203453318
80,spacet_v0_none,uniform,Uniform (alpha=1.0),0.7565348344485577,0.7315243684096635,0.07335499054311738
80,spacet_v0_none,sparse,Sparse (alpha=0.3),0.8587948586318167,0.8154038469925998,0.08119092727416613
80,spacet_v1_ratio,tumor_purity,Tumor Purity (60-90%),0.8379116791274341,0.6386281980341756,0.1249389485862935
80,spacet_v1_ratio,titration,Titration (0-90%),0.8076938702018185,0.7171529307606704,0.10617488691243349
80,spacet_v1_ratio,uniform,Uniform (alpha=1.0),0.7617569803463908,0.7367306343140159,0.07239643064253314
80,spacet_v1_ratio,sparse,Sparse (alpha=0.3),0.8620672320697181,0.8192735744445668,0.08025338922010089
80,spacet_v3_irwls,tumor_purity,Tumor Purity (60-90%),0.9283846263692569,0.5728800670542591,0.08572591933940517
80,spacet_v3_irwls,titration,Titration (0-90%),0.8981063495670001,0.7244550209135027,0.07850077609506674
80,spacet_v3_irwls,uniform,Uniform (alpha=1.0),0.7942016071117917,0.7665865190469421,0.06537063363292565
80,spacet_v3_irwls,sparse,Sparse (alpha=0.3),0.8835356554910003,0.8304251500115428,0.0736361073058754
80,music,tumor_purity,Tumor Purity (60-90%),0.9067298355224647,0.5872872838431671,0.10362402579460642
80,music,titration,Titration (0-90%),0.8725178564503864,0.7014799440303198,0.08777767969896873
80,music,uniform,Uniform (alpha=1.0),0.7357228665274209,0.7035803151505622,0.07292303188819889
80,music,sparse,Sparse (alpha=0.3),0.9027430119243367,0.7868082680040757,0.06748301084794259
80,dwls_minor,tumor_purity,Tumor Purity (60-90%),0.868704856308691,0.7669609395161513,0.11779099232597472
80,dwls_minor,titration,Titration (0-90%),0.8562437277403743,0.8097613145029746,0.0928984702048337
80,dwls_minor,uniform,Uniform (alpha=1.0),0.8684186189777392,0.8859697348718013,0.05071197752124769
80,dwls_minor,sparse,Sparse (alpha=0.3),0.9453835618179839,0.9092716951037483,0.05107180446366148
81,spacet_v0_none,tumor_purity,Tumor Purity (60-90%),0.9402207266711867,0.6532749808085168,0.08507483640211684
81,spacet_v0_none,titration,Titration (0-90%),0.9085181330317101,0.7627478541494557,0.07223139911803549
81,spacet_v0_none,uniform,Uniform (alpha=1.0),0.8050680368385594,0.7936545872016462,0.06273630879948304
81,spacet_v0_none,sparse,Sparse (alpha=0.3),0.8798552390374716,0.8363187507536786,0.07709667676937969
81,spacet_v1_ratio,tumor_purity,Tumor Purity (60-90%),0.9439598288760173,0.657448097109654,0.08276106214248666
81,spacet_v1_ratio,titration,Titration (0-90%),0.9126640187477546,0.7671677419675579,0.07069834772868258
81,spacet_v1_ratio,uniform,Uniform (alpha=1.0),0.8083094368650586,0.796073184057263,0.06211132202079611
81,spacet_v1_ratio,sparse,Sparse (alpha=0.3),0.8821507021302339,0.8379831672583337,0.07639091646193116
81,spacet_v3_irwls,tumor_purity,Tumor Purity (60-90%),0.9193726844104799,0.6480979119597282,0.09279322041998077
81,spacet_v3_irwls,titration,Titration (0-90%),0.8901456833643334,0.7512340187075843,0.07819063931590699
81,spacet_v3_irwls,uniform,Uniform (alpha=1.0),0.8052313565096196,0.7770830994324733,0.063819669572891
81,spacet_v3_irwls,sparse,Sparse (alpha=0.3),0.8932316824253528,0.8387321067390296,0.07306185010110561
81,music,tumor_purity,Tumor Purity (60-90%),0.9169025772805033,0.577351614258821,0.10079733994971657
81,music,titration,Titration (0-90%),0.8683875544134635,0.7001589171234179,0.08538730893614797
81,music,uniform,Uniform (alpha=1.0),0.8220686573200128,0.7808780461499687,0.0662855971963914
81,music,sparse,Sparse (alpha=0.3),0.9175661831667223,0.8193396946386274,0.0660996145161847
81,dwls_minor,tumor_purity,Tumor Purity (60-90%),0.7901823467052931,0.692054978973528,0.14795336814977433
81,dwls_minor,titration,Titration (0-90%),0.6709456560784681,0.7302992329971204,0.12803904404802324
81,dwls_minor,uniform,Uniform (alpha=1.0),0.6701491402065681,0.7897418461955119,0.09312453371380486
81,dwls_minor,sparse,Sparse (alpha=0.3),0.8493445120912706,0.8494827558752831,0.08874246930274651
82,spacet_v0_none,tumor_purity,Tumor Purity (60-90%),0.10664385340670335,0.5237459688056015,0.28461790701266854
82,spacet_v0_none,titration,Titration (0-90%),0.1782788881877778,0.6015591558857546,0.20600087534202544
82,spacet_v0_none,uniform,Uniform (alpha=1.0),0.6844869045497132,0.7282087169785342,0.0830087101867596
82,spacet_v0_none,sparse,Sparse (alpha=0.3),0.8220904324140066,0.7840908784559218,0.09907144636256061
82,spacet_v1_ratio,tumor_purity,Tumor Purity (60-90%),0.09316451992666379,0.5411895307446619,0.2879195238101483
82,spacet_v1_ratio,titration,Titration (0-90%),0.16768731905500128,0.6163508948136603,0.20829973793483125
82,spacet_v1_ratio,uniform,Uniform (alpha=1.0),0.6857072063733283,0.7413148230068182,0.08289398282958642
82,spacet_v1_ratio,sparse,Sparse (alpha=0.3),0.8217205982084076,0.796444447492759,0.09939829842140396
82,spacet_v3_irwls,tumor_purity,Tumor Purity (60-90%),0.6751877483656615,0.6862751820395047,0.1694876837181464
82,spacet_v3_irwls,titration,Titration (0-90%),0.6525566171199875,0.728047475916497,0.126689787513129
82,spacet_v3_irwls,uniform,Uniform (alpha=1.0),0.8481199370299043,0.8256380008431999,0.051808675250228406
82,spacet_v3_irwls,sparse,Sparse (alpha=0.3),0.9097090828946308,0.8220806106958329,0.0705721577123157
82,music,tumor_purity,Tumor Purity (60-90%),0.8788880958645472,0.5899803897174585,0.11554570276149145
82,music,titration,Titration (0-90%),0.8048113918807968,0.6155685456847039,0.09771435139085588
82,music,uniform,Uniform (alpha=1.0),0.6720818881533928,0.6295511956887699,0.08226128269779784
82,music,sparse,Sparse (alpha=0.3),0.8673568874239246,0.7328173016239887,0.083499106659592
82,dwls_minor,tumor_purity,Tumor Purity (60-90%),0.7019067171495657,0.6499299222993471,0.16429249413370503
82,dwls_minor,titration,Titration (0-90%),0.5715354489581267,0.6194118256334882,0.14240006729905363
82,dwls_minor,uniform,Uniform (alpha=1.0),0.4602969614137303,0.6320568170405679,0.14805777233361725
82,dwls_minor,sparse,Sparse (alpha=0.3),0.7237879848111809,0.7443736351451242,0.13274912596228655
83,spacet_v0_none,tumor_purity,Tumor Purity (60-90%),0.1830271885493406,0.5334682686885984,0.27237278557332134
83,spacet_v0_none,titration,Titration (0-90%),0.2245250065105228,0.6266867825649581,0.21027277838062264
83,spacet_v0_none,uniform,Uniform (alpha=1.0),0.5862764111805469,0.7161270233682416,0.09874147937006393
83,spacet_v0_none,sparse,Sparse (alpha=0.3),0.7932218953026293,0.8010658182234082,0.10577427742553958
83,spacet_v1_ratio,tumor_purity,Tumor Purity (60-90%),0.19267302773929018,0.5418880178151089,0.2705182320812263
83,spacet_v1_ratio,titration,Titration (0-90%),0.23324381348713835,0.6310152533587852,0.2086127283708016
83,spacet_v1_ratio,uniform,Uniform (alpha=1.0),0.5917612820895445,0.7190382135296748,0.09759122413072056
83,spacet_v1_ratio,sparse,Sparse (alpha=0.3),0.7961508728933103,0.8028053183944016,0.10493319599774986
83,spacet_v3_irwls,tumor_purity,Tumor Purity (60-90%),0.8273129759638369,0.5652427656807398,0.13375389659603648
83,spacet_v3_irwls,titration,Titration (0-90%),0.8172851611428666,0.6927511411075881,0.09878859690756973
83,spacet_v3_irwls,uniform,Uniform (alpha=1.0),0.7538628262048449,0.7607325792422188,0.06799162783645293
83,spacet_v3_irwls,sparse,Sparse (alpha=0.3),0.8917699108706582,0.8247623506755725,0.07465853186121722
83,music,tumor_purity,Tumor Purity (60-90%),0.9686617485843217,0.5147428642035048,0.07356628918312548
83,music,titration,Titration (0-90%),0.9443624927742731,0.6947503860874934,0.061090811827164894
83,music,uniform,Uniform (alpha=1.0),0.8637280489111867,0.8159072223091722,0.04979966782307578
83,music,sparse,Sparse (alpha=0.3),0.9378386442438988,0.8225728904734998,0.05779850228021877
83,dwls_minor,tumor_purity,Tumor Purity (60-90%),0.8817302894926323,0.7037883222933394,0.11283178135937397
83,dwls_minor,titration,Titration (0-90%),0.8802168038700248,0.7761609257908081,0.08239814077209522
83,dwls_minor,uniform,Uniform (alpha=1.0),0.9340024585101014,0.9117246599973231,0.03502068299404164
83,dwls_minor,sparse,Sparse (alpha=0.3),0.9719228231107172,0.9005199556896603,0.03917452669881462
84,spacet_v0_none,tumor_purity,Tumor Purity (60-90%),0.8222214830271165,0.6457264432593461,0.12992193270182462
84,spacet_v0_none,titration,Titration (0-90%),0.7737429381970856,0.6457339140643286,0.10601360912622859
84,spacet_v0_none,uniform,Uniform (alpha=1.0),0.7649260599770008,0.7322027648071919,0.06650086120045366
84,spacet_v0_none,sparse,Sparse (alpha=0.3),0.8934555109341877,0.8026785910535721,0.07604718258683421
84,spacet_v1_ratio,tumor_purity,Tumor Purity (60-90%),0.8204183807354165,0.6465772091611149,0.1304076588210323
84,spacet_v1_ratio,titration,Titration (0-90%),0.7754001268267677,0.6492290778892635,0.10567004432263188
84,spacet_v1_ratio,uniform,Uniform (alpha=1.0),0.7659020745554552,0.7336888383327889,0.06620322568660086
84,spacet_v1_ratio,sparse,Sparse (alpha=0.3),0.8940474416585072,0.8037198313488241,0.07581620177746151
84,spacet_v3_irwls,tumor_purity,Tumor Purity (60-90%),0.9335694748364505,0.6954562019617202,0.08341829257733943
84,spacet_v3_irwls,titration,Titration (0-90%),0.8910006247995035,0.743378676841277,0.075954326270603
84,spacet_v3_irwls,uniform,Uniform (alpha=1.0),0.8053277004757475,0.7902329377062447,0.061361513851172625
84,spacet_v3_irwls,sparse,Sparse (alpha=0.3),0.9107952076653761,0.8367315434262032,0.0697237206240345
84,music,tumor_purity,Tumor Purity (60-90%),0.8252918091398624,0.7757509866827762,0.13150722404014525
84,music,titration,Titration (0-90%),0.8026275590458155,0.7638350858559204,0.10054551340480643
84,music,uniform,Uniform (alpha=1.0),0.8568026902238084,0.8376034630208492,0.05214409576126758
84,music,sparse,Sparse (alpha=0.3),0.9469474784496421,0.8363747929037637,0.05430844579842629
84,dwls_minor,tumor_purity,Tumor Purity (60-90%),0.9176446158010612,0.6995270135316984,0.09666356876236995
84,dwls_minor,titration,Titration (0-90%),0.8897359002771293,0.7758682406078671,0.07827710149937521
84,dwls_minor,uniform,Uniform (alpha=1.0),0.9096334261552282,0.9029896608522563,0.04002247431392846
84,dwls_minor,sparse,Sparse (alpha=0.3),0.9676629087197697,0.9009377170009741,0.04270417620085031
85,spacet_v0_none,tumor_purity,Tumor Purity (60-90%),0.9218696069561936,0.6210310599449937,0.09198681140963769
85,spacet_v0_none,titration,Titration (0-90%),0.8983937035135183,0.7373613047610399,0.08057271646030223
85,spacet_v0_none,uniform,Uniform (alpha=1.0),0.7725461327672033,0.7540201609392111,0.0664045753673364
85,spacet_v0_none,sparse,Sparse (alpha=0.3),0.882245654680709,0.7723373484192922,0.07795882955451987
85,spacet_v1_ratio,tumor_purity,Tumor Purity (60-90%),0.9291347201780596,0.6350968972392494,0.08770790405821437
85,spacet_v1_ratio,titration,Titration (0-90%),0.9051024751602764,0.7444034171475391,0.0779291941574419
85,spacet_v1_ratio,uniform,Uniform (alpha=1.0),0.7747855817076021,0.7558800998216657,0.0662022520172361
85,spacet_v1_ratio,sparse,Sparse (alpha=0.3),0.8837845201332317,0.7761054931041707,0.07748334696612774
85,spacet_v3_irwls,tumor_purity,Tumor Purity (60-90%),0.8790940049360892,0.6575448118831752,0.1101599839152341
85,spacet_v3_irwls,titration,Titration (0-90%),0.871667675941564,0.7789308556392853,0.08916836263584656
85,spacet_v3_irwls,uniform,Uniform (alpha=1.0),0.8092790826441003,0.8159534806690085,0.061143095495759664
85,spacet_v3_irwls,sparse,Sparse (alpha=0.3),0.9231090542626942,0.832839337106348,0.06431451422958626
85,music,tumor_purity,Tumor Purity (60-90%),0.5984882420781164,0.558302424192716,0.1816176856982954
85,music,titration,Titration (0-90%),0.5968815385347054,0.6278982598156779,0.14682040897735094
85,music,uniform,Uniform (alpha=1.0),0.6939380147641548,0.7275814254009724,0.08055191154477179
85,music,sparse,Sparse (alpha=0.3),0.9062840743121451,0.7937037136857223,0.06984320635164096
85,dwls_minor,tumor_purity,Tumor Purity (60-90%),0.8261326810349169,0.7303718138295945,0.13624220831794853
85,dwls_minor,titration,Titration (0-90%),0.8021674423393532,0.7828015499408723,0.11026739752846293
85,dwls_minor,uniform,Uniform (alpha=1.0),0.8118719954925881,0.8441954142805783,0.06355211500030233
85,dwls_minor,sparse,Sparse (alpha=0.3),0.9151697161621072,0.8625869033072165,0.06695917969620736
86,spacet_v0_none,tumor_purity,Tumor Purity (60-90%),0.7216098984230516,0.6735698587678064,0.16028681844075007
86,spacet_v0_none,titration,Titration (0-90%),0.7100822159758376,0.7078391005172697,0.1277746197340517
86,spacet_v0_none,uniform,Uniform (alpha=1.0),0.7201231466903956,0.70927211617426,0.07472956510811705
86,spacet_v0_none,sparse,Sparse (alpha=0.3),0.82148437708425,0.7717220626985161,0.09697558498464762
86,spacet_v1_ratio,tumor_purity,Tumor Purity (60-90%),0.7322333508946303,0.675182745332018,0.1575232984321491
86,spacet_v1_ratio,titration,Titration (0-90%),0.7170565456377952,0.709555657140597,0.1262709372764731
86,spacet_v1_ratio,uniform,Uniform (alpha=1.0),0.7158469160929007,0.7085601623052652,0.0753941181471816
86,spacet_v1_ratio,sparse,Sparse (alpha=0.3),0.8196047432332909,0.7728672759111085,0.09749530886539459
86,spacet_v3_irwls,tumor_purity,Tumor Purity (60-90%),0.8205733497078733,0.6949628394060018,0.13331240501515318
86,spacet_v3_irwls,titration,Titration (0-90%),0.8295886010814438,0.7768970210224956,0.10013861701238153
86,spacet_v3_irwls,uniform,Uniform (alpha=1.0),0.8074865529737663,0.8264935633103749,0.060313614908452884
86,spacet_v3_irwls,sparse,Sparse (alpha=0.3),0.8990343174525547,0.8158596944573272,0.07337785668126327
86,music,tumor_purity,Tumor Purity (60-90%),0.9267006584923014,0.57393219173168,0.09582428836660598
86,music,titration,Titration (0-90%),0.8796589995915477,0.6661159656025283,0.08659162853243244
86,music,uniform,Uniform (alpha=1.0),0.738353468122019,0.6885516134722016,0.0744810261035699
86,music,sparse,Sparse (alpha=0.3),0.8853992641848405,0.7379717358666135,0.07802877975101027
86,dwls_minor,tumor_purity,Tumor Purity (60-90%),0.2506806193179479,0.42618305411032886,0.24656893109119637
86,dwls_minor,titration,Titration (0-90%),0.18407550390010813,0.3947125649574335,0.22274799217215865
86,dwls_minor,uniform,Uniform (alpha=1.0),0.18128555391755066,0.46711138573081146,0.2017370829502368
86,dwls_minor,sparse,Sparse (alpha=0.3),0.4659683038360657,0.6464397072685172,0.18615589610555147
87,spacet_v0_none,tumor_purity,Tumor Purity (60-90%),0.5755421314827481,0.5509969721947107,0.19117691162450973
87,spacet_v0_none,titration,Titration (0-90%),0.5992328991409558,0.6911713599815966,0.13729276472246665
87,spacet_v0_none,uniform,Uniform (alpha=1.0),0.7327508876017752,0.7716224811834115,0.07126386074202085
87,spacet_v0_none,sparse,Sparse (alpha=0.3),0.831877818739598,0.8029730969657974,0.08884873033701843
87,spacet_v1_ratio,tumor_purity,Tumor Purity (60-90%),0.6472104434056496,0.5830652350989883,0.17899320121493642
87,spacet_v1_ratio,titration,Titration (0-90%),0.6522265041018928,0.7017831374815398,0.12959896024605774
87,spacet_v1_ratio,uniform,Uniform (alpha=1.0),0.7371314042009677,0.7756935219085557,0.07047136115834729
87,spacet_v1_ratio,sparse,Sparse (alpha=0.3),0.8374932825789781,0.8082578842720658,0.08731939285264295
87,spacet_v3_irwls,tumor_purity,Tumor Purity (60-90%),0.8724226430865029,0.6964138049619308,0.12796322614313962
87,spacet_v3_irwls,titration,Titration (0-90%),0.8754110224503573,0.7790556912361213,0.08542001478035274
87,spacet_v3_irwls,uniform,Uniform (alpha=1.0),0.8321202545845968,0.8567419513745569,0.05527806212781746
87,spacet_v3_irwls,sparse,Sparse (alpha=0.3),0.919423823936991,0.8725022520134924,0.0628454937631844
87,music,tumor_purity,Tumor Purity (60-90%),0.7893684078386326,0.560762126413426,0.16739733840775917
87,music,titration,Titration (0-90%),0.7425878608493872,0.7175166785916751,0.1193778933477488
87,music,uniform,Uniform (alpha=1.0),0.8704983342106538,0.8537287661500923,0.05010829524611804
87,music,sparse,Sparse (alpha=0.3),0.9136124180965873,0.8432088175540587,0.064623995952693
87,dwls_minor,tumor_purity,Tumor Purity (60-90%),0.9116686932627267,0.7618530979105691,0.11866394666228217
87,dwls_minor,titration,Titration (0-90%),0.901303634738185,0.85019579164113,0.0829917460639144
87,dwls_minor,uniform,Uniform (alpha=1.0),0.949094225394588,0.9453648308739191,0.03105880812425683
87,dwls_minor,sparse,Sparse (alpha=0.3),0.9671015176133857,0.9207638354352486,0.04080089901136608
88,spacet_v0_none,tumor_purity,Tumor Purity (60-90%),0.7247582058944055,0.6546416221771825,0.15850948405951668
88,spacet_v0_none,titration,Titration (0-90%),0.7435707038555944,0.7308156123331695,0.11190271126163509
88,spacet_v0_none,uniform,Uniform (alpha=1.0),0.8342606852189802,0.8326818651805714,0.05691531861446001
88,spacet_v0_none,sparse,Sparse (alpha=0.3),0.9013488942214932,0.8548494033049523,0.07484937432346711
88,spacet_v1_ratio,tumor_purity,Tumor Purity (60-90%),0.7358542711306327,0.6673496341047277,0.15585238113456687
88,spacet_v1_ratio,titration,Titration (0-90%),0.7530505260567252,0.7359573021631058,0.1100898482018943
88,spacet_v1_ratio,uniform,Uniform (alpha=1.0),0.8357628387752581,0.8342864816112124,0.056628170343445895
88,spacet_v1_ratio,sparse,Sparse (alpha=0.3),0.9031731494150183,0.8554634826789974,0.07421993845619661
88,spacet_v3_irwls,tumor_purity,Tumor Purity (60-90%),0.8993164020271965,0.6980927346177145,0.10778748229016906
88,spacet_v3_irwls,titration,Titration (0-90%),0.8373793176040912,0.7558217558101091,0.0917570887126859
88,spacet_v3_irwls,uniform,Uniform (alpha=1.0),0.8335238730575287,0.8426729960845325,0.05749670361243571
88,spacet_v3_irwls,sparse,Sparse (alpha=0.3),0.9159352077850224,0.8621778638170633,0.06945557910690804
88,music,tumor_purity,Tumor Purity (60-90%),0.9892304349446002,0.7013167802882948,0.06164319559971065
88,music,titration,Titration (0-90%),0.9655998754818061,0.8322176609138517,0.05109006639405705
88,music,uniform,Uniform (alpha=1.0),0.894741798377075,0.8617062762826674,0.04533068895362446
88,music,sparse,Sparse (alpha=0.3),0.9556172821467661,0.8391202586850467,0.05159627349736115
88,dwls_minor,tumor_purity,Tumor Purity (60-90%),0.8932961069362862,0.7350491052697341,0.1255743747697501
88,dwls_minor,titration,Titration (0-90%),0.7724173698804779,0.747248475812492,0.10659007149999596
88,dwls_minor,uniform,Uniform (alpha=1.0),0.6948210803617153,0.8020059142096748,0.09474591484686473
88,dwls_minor,sparse,Sparse (alpha=0.3),0.8872532145662572,0.8630993928711487,0.0821828650749277
89,spacet_v0_none,tumor_purity,Tumor Purity (60-90%),0.9379761990342649,0.714746073043918,0.07995104655843022
89,spacet_v0_none,titration,Titration (0-90%),0.8774959727749375,0.7640740986218598,0.07698156177343071
89,spacet_v0_none,uniform,Uniform (alpha=1.0),0.7597148017806954,0.7358681471487319,0.06960270021302574
89,spacet_v0_none,sparse,Sparse (alpha=0.3),0.8838088618865718,0.8068608932436259,0.0786296195254459
89,spacet_v1_ratio,tumor_purity,Tumor Purity (60-90%),0.9433981708270922,0.7342718029954388,0.0763747346694469
89,spacet_v1_ratio,titration,Titration (0-90%),0.8819204092001418,0.7693128940863393,0.07636486807673823
89,spacet_v1_ratio,uniform,Uniform (alpha=1.0),0.7610182874350506,0.7379148549926675,0.06964769268259079
89,spacet_v1_ratio,sparse,Sparse (alpha=0.3),0.8849503752390456,0.8090922930118796,0.07830477410559683
89,spacet_v3_irwls,tumor_purity,Tumor Purity (60-90%),0.9490260308481604,0.6603319449799672,0.07450829260677952
89,spacet_v3_irwls,titration,Titration (0-90%),0.9085093930078788,0.7773944768828014,0.06613678278027495
89,spacet_v3_irwls,uniform,Uniform (alpha=1.0),0.780264390562363,0.7621744726009351,0.06570543247165764
89,spacet_v3_irwls,sparse,Sparse (alpha=0.3),0.9063359954820042,0.8246431410698745,0.07067484380157531
89,music,tumor_purity,Tumor Purity (60-90%),0.986178565522112,0.6756228172076615,0.050792398169265895
89,music,titration,Titration (0-90%),0.9040678501645174,0.7941453594922819,0.06552538785049197
89,music,uniform,Uniform (alpha=1.0),0.696818498161351,0.7668702786491308,0.07984028569948169
89,music,sparse,Sparse (alpha=0.3),0.8773877136442468,0.7810165567712745,0.08021782432770425
89,dwls_minor,tumor_purity,Tumor Purity (60-90%),0.8856881876270929,0.7560990597256161,0.1194166909860994
89,dwls_minor,titration,Titration (0-90%),0.8665467246856943,0.8433252274545252,0.07900807614535078
89,dwls_minor,uniform,Uniform (alpha=1.0),0.9342763376176475,0.9377044668520497,0.03475675506664193
89,dwls_minor,sparse,Sparse (alpha=0.3),0.9707748564033213,0.9181959918547746,0.04014931625974524
90,spacet_v0_none,tumor_purity,Tumor Purity (60-90%),0.424275165927868,0.5686913736776492,0.21655908670102794
90,spacet_v0_none,titration,Titration (0-90%),0.4827416754134193,0.6623747582544536,0.1436405000798244
90,spacet_v0_none,uniform,Uniform (alpha=1.0),0.7763005349237126,0.7685535869135252,0.06949032383076403
90,spacet_v0_none,sparse,Sparse (alpha=0.3),0.837678213277591,0.8246693105180448,0.09344033762464049
90,spacet_v1_ratio,tumor_purity,Tumor Purity (60-90%),0.5061734463570526,0.582909512585382,0.203468701527546
90,spacet_v1_ratio,titration,Titration (0-90%),0.5416646461944632,0.6834639513608007,0.1355889619282816
90,spacet_v1_ratio,uniform,Uniform (alpha=1.0),0.7877648790829986,0.7819986637280123,0.06726194145107224
90,spacet_v1_ratio,sparse,Sparse (alpha=0.3),0.8502642479571504,0.8313865804057975,0.08959096579344224
90,spacet_v3_irwls,tumor_purity,Tumor Purity (60-90%),0.9735704371318156,0.6983939831486055,0.0791194512941423
90,spacet_v3_irwls,titration,Titration (0-90%),0.9423685899072861,0.8167195298815834,0.05434917800706051
90,spacet_v3_irwls,uniform,Uniform (alpha=1.0),0.8543952607274443,0.8412509386236532,0.05291441155260173
90,spacet_v3_irwls,sparse,Sparse (alpha=0.3),0.9242696180047484,0.8547418693417435,0.06362936181006204
90,music,tumor_purity,Tumor Purity (60-90%),0.6203966552353474,0.5652289915638253,0.18587438135433826
90,music,titration,Titration (0-90%),0.6010215120162374,0.6351921634755322,0.12606541961271506
90,music,uniform,Uniform (alpha=1.0),0.8252658249068247,0.7614947022571611,0.058985882690156845
90,music,sparse,Sparse (alpha=0.3),0.905317251849004,0.7998128093325431,0.07089262066559124
90,dwls_minor,tumor_purity,Tumor Purity (60-90%),0.8367779810803891,0.7001708504978796,0.14619947039432205
90,dwls_minor,titration,Titration (0-90%),0.7214437814590808,0.7506556448236954,0.1090398165681768
90,dwls_minor,uniform,Uniform (alpha=1.0),0.7713296660580983,0.8247188282562615,0.07186002994174931
90,dwls_minor,sparse,Sparse (alpha=0.3),0.8897120485962946,0.8838174405085188,0.07696905832062695
91,spacet_v0_none,tumor_purity,Tumor Purity (60-90%),0.3130956778999015,0.4131434158220493,0.2309111912874519
91,spacet_v0_none,titration,Titration (0-90%),0.3600100191576344,0.5514155879258297,0.1603747827835334
91,spacet_v0_none,uniform,Uniform (alpha=1.0),0.5993090250180384,0.6656372627586585,0.09545403158832533
91,spacet_v0_none,sparse,Sparse (alpha=0.3),0.7542690682395207,0.7230204337560813,0.11373435076102573
91,spacet_v1_ratio,tumor_purity,Tumor Purity (60-90%),0.3446153659872982,0.4124360343835637,0.22545663089354942
91,spacet_v1_ratio,titration,Titration (0-90%),0.37967493540562575,0.55436943377822,0.15768083382488404
91,spacet_v1_ratio,uniform,Uniform (alpha=1.0),0.5933660375973218,0.6684851168475178,0.09657410670823277
91,spacet_v1_ratio,sparse,Sparse (alpha=0.3),0.7500639941556894,0.725743020256454,0.11486194634316912
91,spacet_v3_irwls,tumor_purity,Tumor Purity (60-90%),0.9424445672597794,0.5971762210353795,0.09462669819889591
91,spacet_v3_irwls,titration,Titration (0-90%),0.89963404684752,0.7369335001366617,0.06898172928799323
91,spacet_v3_irwls,uniform,Uniform (alpha=1.0),0.7780920936896081,0.7553449270826998,0.0696549921874245
91,spacet_v3_irwls,sparse,Sparse (alpha=0.3),0.880387606879569,0.8016222057852368,0.07996710839177835
91,music,tumor_purity,Tumor Purity (60-90%),0.9500132108698023,0.5472204027338443,0.10153468358149535
91,music,titration,Titration (0-90%),0.9038744425575994,0.69474880667163,0.07423574924613775
91,music,uniform,Uniform (alpha=1.0),0.8269356645074685,0.8020780203492122,0.05765428745187186
91,music,sparse,Sparse (alpha=0.3),0.8984443663205158,0.7685552728697361,0.07390202046273156
91,dwls_minor,tumor_purity,Tumor Purity (60-90%),0.9556608752777432,0.6159121687882135,0.07805593414403507
91,dwls_minor,titration,Titration (0-90%),0.9455473085480484,0.8287078474414655,0.0533008527156369
91,dwls_minor,uniform,Uniform (alpha=1.0),0.9339828910340235,0.9183448771647712,0.03671399697294854
91,dwls_minor,sparse,Sparse (alpha=0.3),0.9590494378183176,0.8878913159651752,0.047699823609730733
92,spacet_v0_none,tumor_purity,Tumor Purity (60-90%),-0.0748299032214788,0.5967476741707689,0.35293075522325346
92,spacet_v0_none,titration,Titration (0-90%),0.02238425681301831,0.590206090136796,0.2536269449152979
92,spacet_v0_none,uniform,Uniform (alpha=1.0),0.5257187275963808,0.6620276242290402,0.1182140306744685
92,spacet_v0_none,sparse,Sparse (alpha=0.3),0.7432885175981133,0.7697510717094145,0.12086305889571027
92,spacet_v1_ratio,tumor_purity,Tumor Purity (60-90%),-0.07529308788901845,0.5993097011875475,0.352804385051416
92,spacet_v1_ratio,titration,Titration (0-90%),0.022851035666930378,0.5914509748365295,0.25339598472897457
92,spacet_v1_ratio,uniform,Uniform (alpha=1.0),0.5273423920757658,0.6623820478153256,0.11805586001059146
92,spacet_v1_ratio,sparse,Sparse (alpha=0.3),0.7471029751499144,0.7723964618146152,0.11998461469705794
92,spacet_v3_irwls,tumor_purity,Tumor Purity (60-90%),0.9235700272172489,0.6869187083187627,0.10471419736877394
92,spacet_v3_irwls,titration,Titration (0-90%),0.861787972683181,0.7526506259046092,0.08231292167066327
92,spacet_v3_irwls,uniform,Uniform (alpha=1.0),0.8338807461277268,0.8262055419742382,0.057840688880024596
92,spacet_v3_irwls,sparse,Sparse (alpha=0.3),0.9177368136615636,0.8453427127455453,0.06643901147174618
92,music,tumor_purity,Tumor Purity (60-90%),0.9201030852671285,0.5964410977409378,0.10845084093743833
92,music,titration,Titration (0-90%),0.8809610358750282,0.7392288275706382,0.0794893513244879
92,music,uniform,Uniform (alpha=1.0),0.8484879196585876,0.7962130752966593,0.056222100918454775
92,music,sparse,Sparse (alpha=0.3),0.9312037847034532,0.8031718210259147,0.06098606128346555
92,dwls_minor,tumor_purity,Tumor Purity (60-90%),0.8304494540609166,0.6929913270186923,0.1373367980200658
92,dwls_minor,titration,Titration (0-90%),0.6664297061276238,0.7105521114740988,0.12364076634250576
92,dwls_minor,uniform,Uniform (alpha=1.0),0.5925369064205555,0.7451240836037506,0.10959843182924404
92,dwls_minor,sparse,Sparse (alpha=0.3),0.7998652648928141,0.8470992804534744,0.10809558914400291
93,spacet_v0_none,tumor_purity,Tumor Purity (60-90%),0.8023247726600004,0.6945186017265365,0.13977505467352505
93,spacet_v0_none,titration,Titration (0-90%),0.7861047388290852,0.7591559435112151,0.10929866801373044
93,spacet_v0_none,uniform,Uniform (alpha=1.0),0.7746610652634863,0.8084477052701955,0.07060385090468956
93,spacet_v0_none,sparse,Sparse (alpha=0.3),0.8772980414109272,0.8393733317110369,0.0795200029830354
93,spacet_v1_ratio,tumor_purity,Tumor Purity (60-90%),0.817531829833256,0.7028289202196649,0.135046395849694
93,spacet_v1_ratio,titration,Titration (0-90%),0.8024655733948811,0.7669725462805639,0.1053193230239755
93,spacet_v1_ratio,uniform,Uniform (alpha=1.0),0.7862773289451231,0.820301456528143,0.06828191235296294
93,spacet_v1_ratio,sparse,Sparse (alpha=0.3),0.8847923467946678,0.8476278855707619,0.07691966704876524
93,spacet_v3_irwls,tumor_purity,Tumor Purity (60-90%),0.8457370345880519,0.7171450751781026,0.1270289759137902
93,spacet_v3_irwls,titration,Titration (0-90%),0.8836908624532062,0.7894121200664432,0.08267221040441924
93,spacet_v3_irwls,uniform,Uniform (alpha=1.0),0.8484698415875367,0.8454931454744148,0.054552897772873414
93,spacet_v3_irwls,sparse,Sparse (alpha=0.3),0.9258482994005937,0.8654096446428683,0.06152510550499477
93,music,tumor_purity,Tumor Purity (60-90%),0.9311197312025107,0.6435414999566698,0.09439257845696536
93,music,titration,Titration (0-90%),0.857028389383814,0.6701249147839936,0.09090352153254926
93,music,uniform,Uniform (alpha=1.0),0.6592489415442524,0.6605470081889374,0.08975310341860082
93,music,sparse,Sparse (alpha=0.3),0.8456050082551138,0.7406348575085874,0.08721851995009096
93,dwls_minor,tumor_purity,Tumor Purity (60-90%),0.6168690540376163,0.6159398947069534,0.18412051362608628
93,dwls_minor,titration,Titration (0-90%),0.5217518765106164,0.6440308573752292,0.16087337702093207
93,dwls_minor,uniform,Uniform (alpha=1.0),0.5295269958986839,0.6849904197694556,0.12854854146312042
93,dwls_minor,sparse,Sparse (alpha=0.3),0.7377199951223359,0.7744169012124186,0.12545413309905093
94,spacet_v0_none,tumor_purity,Tumor Purity (60-90%),0.9492815588481291,0.6853607997509908,0.0775557129607097
94,spacet_v0_none,titration,Titration (0-90%),0.9118511492882474,0.7839614920799145,0.0695013464722326
94,spacet_v0_none,uniform,Uniform (alpha=1.0),0.8312698867550377,0.815196526009964,0.06291487737551757
94,spacet_v0_none,sparse,Sparse (alpha=0.3),0.9100139942042849,0.8605761399329116,0.06972983333828897
94,spacet_v1_ratio,tumor_purity,Tumor Purity (60-90%),0.9505784247946306,0.6919659706124314,0.07681620891374848
94,spacet_v1_ratio,titration,Titration (0-90%),0.9137177556066703,0.787855998355521,0.06881205423953357
94,spacet_v1_ratio,uniform,Uniform (alpha=1.0),0.8335641890419082,0.8179357255053875,0.062342596714126584
94,spacet_v1_ratio,sparse,Sparse (alpha=0.3),0.9117882434200185,0.8634191996746485,0.06900898667576003
94,spacet_v3_irwls,tumor_purity,Tumor Purity (60-90%),0.9443043289201241,0.5969638466717478,0.08132481190612385
94,spacet_v3_irwls,titration,Titration (0-90%),0.9061569327891694,0.738312515570995,0.07157924667719419
94,spacet_v3_irwls,uniform,Uniform (alpha=1.0),0.8096616126480067,0.7737221745897798,0.06576149307901617
94,spacet_v3_irwls,sparse,Sparse (alpha=0.3),0.9099488953494739,0.8278363483190871,0.06908462252204726
94,music,tumor_purity,Tumor Purity (60-90%),0.9713655874563821,0.6111154584468425,0.08782529174063314
94,music,titration,Titration (0-90%),0.9168638822514766,0.774172452182401,0.07241748194639044
94,music,uniform,Uniform (alpha=1.0),0.8511484478482166,0.8202654927161895,0.05827297092947212
94,music,sparse,Sparse (alpha=0.3),0.9436293221284964,0.8418158186657558,0.05515680881129633
94,dwls_minor,tumor_purity,Tumor Purity (60-90%),0.6096500686194468,0.7271773270205689,0.185320773864759
94,dwls_minor,titration,Titration (0-90%),0.6591535232503434,0.7843009423685039,0.12748914117008261
94,dwls_minor,uniform,Uniform (alpha=1.0),0.8876239344196317,0.885438804603252,0.049839952342589144
94,dwls_minor,sparse,Sparse (alpha=0.3),0.9398833204851422,0.9085562706587028,0.05700649942431728
95,spacet_v0_none,tumor_purity,Tumor Purity (60-90%),0.7808002564824832,0.6333914695009167,0.14772321811659628
95,spacet_v0_none,titration,Titration (0-90%),0.778755154799473,0.7484437610956519,0.10824908279008785
95,spacet_v0_none,uniform,Uniform (alpha=1.0),0.8277571150197812,0.804081669425436,0.059901033804457264
95,spacet_v0_none,sparse,Sparse (alpha=0.3),0.8973171981936148,0.8492353604489014,0.074814522204224
95,spacet_v1_ratio,tumor_purity,Tumor Purity (60-90%),0.7969025316142008,0.6383484139260286,0.14363803764658448
95,spacet_v1_ratio,titration,Titration (0-90%),0.7922340075504605,0.7527155875677644,0.10542952195023292
95,spacet_v1_ratio,uniform,Uniform (alpha=1.0),0.8311574221626079,0.8065675199884518,0.059124702988657823
95,spacet_v1_ratio,sparse,Sparse (alpha=0.3),0.8994388828044336,0.8504130444038154,0.07395263709589552
95,spacet_v3_irwls,tumor_purity,Tumor Purity (60-90%),0.9929529515207868,0.6408314099799497,0.03178892711687897
95,spacet_v3_irwls,titration,Titration (0-90%),0.9681296145096319,0.8226949562790518,0.04527192864996976
95,spacet_v3_irwls,uniform,Uniform (alpha=1.0),0.8398855115920154,0.8243180408533402,0.05757297995715122
95,spacet_v3_irwls,sparse,Sparse (alpha=0.3),0.9108602485935885,0.8597090379591117,0.06910913524524775
95,music,tumor_purity,Tumor Purity (60-90%),0.9616865450181453,0.6720749367567151,0.07212450862236947
95,music,titration,Titration (0-90%),0.8909216945817164,0.7357952641666113,0.07833840888897624
95,music,uniform,Uniform (alpha=1.0),0.7687279133679065,0.7340826155545856,0.07932971965692101
95,music,sparse,Sparse (alpha=0.3),0.9111525144581996,0.8122873344739341,0.07251172471350319
95,dwls_minor,tumor_purity,Tumor Purity (60-90%),0.8569148772709455,0.7569669847092771,0.13109802212692753
95,dwls_minor,titration,Titration (0-90%),0.8235566020303076,0.8412566297864679,0.09922385734105005
95,dwls_minor,uniform,Uniform (alpha=1.0),0.8943405882196551,0.8975050058644592,0.04832968061113849
95,dwls_minor,sparse,Sparse (alpha=0.3),0.9521627081156547,0.9264286757030945,0.051694388864359266
96,spacet_v0_none,tumor_purity,Tumor Purity (60-90%),0.4169871746999938,0.5049006228242077,0.2166780974015363
96,spacet_v0_none,titration,Titration (0-90%),0.4561649474841744,0.6306628211241178,0.16043955959519038
96,spacet_v0_none,uniform,Uniform (alpha=1.0),0.7467937455658709,0.7622448611977207,0.06790066556125138
96,spacet_v0_none,sparse,Sparse (alpha=0.3),0.8192507020611223,0.7855041868713175,0.09582166013879277
96,spacet_v1_ratio,tumor_purity,Tumor Purity (60-90%),0.42648411382207757,0.5095978000727966,0.21493356407550923
96,spacet_v1_ratio,titration,Titration (0-90%),0.4642930907637719,0.6349299257974542,0.15914891631195116
96,spacet_v1_ratio,uniform,Uniform (alpha=1.0),0.7521705554924025,0.7671526437938142,0.06705024182794707
96,spacet_v1_ratio,sparse,Sparse (alpha=0.3),0.8279885523554618,0.7936050929764324,0.09344777122969912
96,spacet_v3_irwls,tumor_purity,Tumor Purity (60-90%),0.9381383916139204,0.6449865793512265,0.09635180191495844
96,spacet_v3_irwls,titration,Titration (0-90%),0.9215215543596776,0.7578106986637194,0.07020917570316804
96,spacet_v3_irwls,uniform,Uniform (alpha=1.0),0.8620633838594979,0.8685177591542352,0.04860854585513136
96,spacet_v3_irwls,sparse,Sparse (alpha=0.3),0.9336613942818344,0.8853851936286431,0.05912912445794294
96,music,tumor_purity,Tumor Purity (60-90%),0.8640173159893927,0.48724212906017395,0.14162485221865473
96,music,titration,Titration (0-90%),0.7947478039273072,0.6337992346116212,0.11008289256805769
96,music,uniform,Uniform (alpha=1.0),0.7602082460886519,0.7675403934015992,0.06611727104211754
96,music,sparse,Sparse (alpha=0.3),0.9169254351929835,0.7900989372642123,0.06596627533013806
96,dwls_minor,tumor_purity,Tumor Purity (60-90%),0.9524766367794605,0.718397038627524,0.08917323760110642
96,dwls_minor,titration,Titration (0-90%),0.9221427431655979,0.8140977089870371,0.07151404285355299
96,dwls_minor,uniform,Uniform (alpha=1.0),0.8636836927113134,0.9017127186356129,0.05114246667269655
96,dwls_minor,sparse,Sparse (alpha=0.3),0.9441362849879116,0.8913795251882194,0.05443955203390775
97,spacet_v0_none,tumor_purity,Tumor Purity (60-90%),0.5096723358462579,0.5233864839287683,0.20013338642852913
97,spacet_v0_none,titration,Titration (0-90%),0.5375689739392663,0.6391148035883287,0.15119155146117857
97,spacet_v0_none,uniform,Uniform (alpha=1.0),0.7664396730452311,0.7511861156828219,0.07106300716385341
97,spacet_v0_none,sparse,Sparse (alpha=0.3),0.8517499204380367,0.7888412317963254,0.08692123261454685
97,spacet_v1_ratio,tumor_purity,Tumor Purity (60-90%),0.46429284474037813,0.5244506310791938,0.20804234203627217
97,spacet_v1_ratio,titration,Titration (0-90%),0.5014551715631361,0.6395723557017328,0.15657839116026365
97,spacet_v1_ratio,uniform,Uniform (alpha=1.0),0.7640053625640425,0.7546706120079684,0.0713748272701379
97,spacet_v1_ratio,sparse,Sparse (alpha=0.3),0.8498462625236015,0.7900278561192722,0.08748332323192573
97,spacet_v3_irwls,tumor_purity,Tumor Purity (60-90%),0.9455031186970542,0.6150854411938553,0.08788010998347953
97,spacet_v3_irwls,titration,Titration (0-90%),0.8650464406476219,0.6872587746604114,0.08922033227992028
97,spacet_v3_irwls,uniform,Uniform (alpha=1.0),0.8153382423294441,0.7483682669749385,0.06319802109622859
97,spacet_v3_irwls,sparse,Sparse (alpha=0.3),0.8860619186921181,0.7878208275142033,0.07611047079473049
97,music,tumor_purity,Tumor Purity (60-90%),0.9552975145305745,0.6000394068709168,0.10037451290683624
97,music,titration,Titration (0-90%),0.9188681509676386,0.7253564424112916,0.07967319618015475
97,music,uniform,Uniform (alpha=1.0),0.8576659042304304,0.7883489579914357,0.0535109207129003
97,music,sparse,Sparse (alpha=0.3),0.9366295990271191,0.7932174961912515,0.05785896068805654
97,dwls_minor,tumor_purity,Tumor Purity (60-90%),0.9599538727331575,0.641869221940416,0.07587111300853314
97,dwls_minor,titration,Titration (0-90%),0.9464131903069186,0.7811889506073308,0.06055189644442072
97,dwls_minor,uniform,Uniform (alpha=1.0),0.9228760010973315,0.8955079675343685,0.03984517282551411
97,dwls_minor,sparse,Sparse (alpha=0.3),0.9650784425379653,0.8834210977818496,0.04303107557007783
98,spacet_v0_none,tumor_purity,Tumor Purity (60-90%),0.22877215129043835,0.5575091158588001,0.266790643744561
98,spacet_v0_none,titration,Titration (0-90%),0.26422565547770255,0.6580542541036719,0.18622053248079698
98,spacet_v0_none,uniform,Uniform (alpha=1.0),0.6964820431305642,0.715369377845739,0.08409502155072766
98,spacet_v0_none,sparse,Sparse (alpha=0.3),0.7987014507136874,0.8005206108006675,0.10616201845908255
98,spacet_v1_ratio,tumor_purity,Tumor Purity (60-90%),0.2176165159455528,0.5589149401030737,0.2687675875625573
98,spacet_v1_ratio,titration,Titration (0-90%),0.25691089037124637,0.6581296274199353,0.18703282948121328
98,spacet_v1_ratio,uniform,Uniform (alpha=1.0),0.7006261235615312,0.717395207078099,0.08352031723812137
98,spacet_v1_ratio,sparse,Sparse (alpha=0.3),0.7997223847168132,0.8037052100988367,0.10597699301919886
98,spacet_v3_irwls,tumor_purity,Tumor Purity (60-90%),0.9476928900356976,0.6380743742248987,0.0780909250796728
98,spacet_v3_irwls,titration,Titration (0-90%),0.8985663398481639,0.754913074954773,0.06886014923727038
98,spacet_v3_irwls,uniform,Uniform (alpha=1.0),0.8345833646777663,0.8000041981780204,0.058974828113365116
98,spacet_v3_irwls,sparse,Sparse (alpha=0.3),0.9145947939857847,0.8477295692238395,0.06891738197103309
98,music,tumor_purity,Tumor Purity (60-90%),0.9928847855790035,0.6762220315555463,0.030619294105015113
98,music,titration,Titration (0-90%),0.9692855462118036,0.8040779184484079,0.0432774381536712
98,music,uniform,Uniform (alpha=1.0),0.8961583532569803,0.8385083290407421,0.04927273130334815
98,music,sparse,Sparse (alpha=0.3),0.9591108133053887,0.8518290860058529,0.048464381267626755
98,dwls_minor,tumor_purity,Tumor Purity (60-90%),0.9606396303525313,0.7779534470859983,0.07111000261405692
98,dwls_minor,titration,Titration (0-90%),0.950020519956411,0.8554491461918805,0.0499157965970386
98,dwls_minor,uniform,Uniform (alpha=1.0),0.9420718964730128,0.9163194885759739,0.03480236292247612
98,dwls_minor,sparse,Sparse (alpha=0.3),0.9754101210461907,0.9175441378647707,0.03802685554501564
99,spacet_v0_none,tumor_purity,Tumor Purity (60-90%),0.7930528019767289,0.6993692746778751,0.13991116030064987
99,spacet_v0_none,titration,Titration (0-90%),0.7818478311682294,0.7450276507430417,0.10614126475485222
99,spacet_v0_none,uniform,Uniform (alpha=1.0),0.8232799527571543,0.8018196245139838,0.0591465522775122
99,spacet_v0_none,sparse,Sparse (alpha=0.3),0.8807727655236413,0.8442394653898356,0.0771967408335544
99,spacet_v1_ratio,tumor_purity,Tumor Purity (60-90%),0.8153617582127659,0.698492326378944,0.1338083918278891
99,spacet_v1_ratio,titration,Titration (0-90%),0.8011199668290346,0.7470527859421465,0.10201604192470878
99,spacet_v1_ratio,uniform,Uniform (alpha=1.0),0.8235591661224496,0.8022903615194296,0.05913582819743999
99,spacet_v1_ratio,sparse,Sparse (alpha=0.3),0.8828639374568602,0.845393698704128,0.07651715694981076
99,spacet_v3_irwls,tumor_purity,Tumor Purity (60-90%),0.9806595776610825,0.725501895532932,0.04755993977227779
99,spacet_v3_irwls,titration,Titration (0-90%),0.9612634621288058,0.88369361136141,0.04775994355791379
99,spacet_v3_irwls,uniform,Uniform (alpha=1.0),0.8605967851781033,0.880366116297128,0.053068176422773346
99,spacet_v3_irwls,sparse,Sparse (alpha=0.3),0.9170987272375865,0.898919474048791,0.06488916016006425
99,music,tumor_purity,Tumor Purity (60-90%),0.897259660186417,0.6527526112653994,0.10814682490146554
99,music,titration,Titration (0-90%),0.8391818358152502,0.707015015058269,0.09298702881405273
99,music,uniform,Uniform (alpha=1.0),0.76955789039739,0.7623269108429191,0.0695921429801843
99,music,sparse,Sparse (alpha=0.3),0.9065829257655414,0.8229856640393286,0.06834200983237791
99,dwls_minor,tumor_purity,Tumor Purity (60-90%),0.8967227429639952,0.8164370113407338,0.10636336580459714
99,dwls_minor,titration,Titration (0-90%),0.8607321920733614,0.8418917651152004,0.08857429393852345
99,dwls_minor,uniform,Uniform (alpha=1.0),0.8993164058449058,0.8784043472441402,0.04435230298538345
99,dwls_minor,sparse,Sparse (alpha=0.3),0.9569850023371873,0.9187527585914662,0.04681894264968101
